CMUN,M2
02001,
02002,
02003,0.005789650420907585
02004,
02005,
02006,
02007,
02008,
02009,
02010,
02011,
02012,
02014,
02013,
02015,
02016,
02017,
02018,
02019,
02020,
02021,
02022,
02023,
02024,
02025,
02026,
02029,
02027,
02028,
02030,
02031,
02032,
02033,
02034,
02035,0.39154267815191857
02036,
02037,
02038,
02039,
02040,
02041,
02042,
02043,1.5128593040847202
02044,
02045,
02046,
02047,
02048,
02049,
02050,
02051,
02052,
02053,
02054,
02055,
02056,
02057,
02058,
02060,
02059,
02061,
02062,
02901,
02063,
02064,
02065,
02066,
02067,
02068,
02069,
02070,
02071,
02072,
02073,
02074,
02075,
02076,
02077,
02078,
02079,
02080,
02081,
02082,
02083,
02084,
02085,
02086,
03002,
03003,
03004,
03005,
03006,
03007,
03008,
03009,0.0507373833040184
03010,
03011,
03012,
03013,
03014,0.0059293693522756916
03015,
03016,
03017,
03018,0.13240940989539657
03019,
03001,
03020,
03021,
03022,
03023,
03024,
03025,
03026,
03027,
03028,
03030,
03031,0.04340403368153014
03032,
03033,
03029,
03034,
03035,
03036,
03037,
03038,
03039,
03040,
03041,0.2617344268016053
03042,
03043,0.2756339581036384
03044,
03045,
03046,
03049,
03048,
03047,0.08499787505312367
03050,
03051,
03052,
03053,
03054,
03075,4.11522633744856
03055,
03056,
03057,
03058,
03059,0.03365077228522395
03061,
03062,
03063,0.34921891369636576
03064,
03065,0.004269763668580944
03066,0.019029133603547032
03067,
03068,
03069,0.40529586598216694
03077,
03070,
03072,
03071,
03073,
03074,
03076,
03078,
03079,
03080,
03082,0.07147196512168102
03083,
03085,
03084,
03086,
03088,
03089,
03903,
03091,
03092,
03090,
03093,
03094,
03095,1.5536723163841808
03096,
03097,
03099,0.07600709399543958
03098,
03100,
03101,0.12490632025980515
03102,0.1953125
03103,
03104,0.05880796259813578
03902,
03105,
03106,
03901,
03107,
03060,
03109,0.2175331738090059
03110,
03111,
03112,
03113,
03114,
03115,
03116,
03118,
03904,
03120,
03122,0.05092341118957088
03117,
03119,
03121,0.029284291905821717
03123,
03124,
03125,
03127,
03128,
03129,
03130,
03131,
03132,
03133,0.012071171627918206
03134,
03136,
03137,
03135,
03138,
03139,
03140,
03081,
04001,
04002,
04003,
04004,
04005,
04006,
04007,
04008,
04009,
04010,
04011,
04012,
04013,0.019924982441109223
04014,
04015,
04016,
04017,
04018,
04019,4.016064257028112
04904,
04020,
04021,
04022,
04023,
04024,
04026,
04027,
04028,
04029,
04030,
04031,
04032,
04033,
04036,
04037,
04034,
04035,
04038,
04902,0.047616213320635675
04041,
04043,
04044,
04045,
04046,
04047,
04048,
04049,
04050,
04051,
04052,
04053,0.1519448946515397
04054,
04055,
04056,
04057,
04058,
04059,
04060,
04061,
04062,
04063,
04064,
04903,
04065,
04066,0.1907304978065993
04067,
04068,
04069,
04070,
04071,
04072,
04073,
04074,
04075,
04076,
04077,
04078,
04079,0.02025829323879463
04080,
04081,
04082,
04083,
04084,
04085,
04086,
04087,
04088,
04089,
04090,
04091,
04092,
04901,
04093,
04094,
04095,
04096,
04097,
04098,
04099,
04100,
04101,
04102,
04103,
01051,
01001,
01002,
01049,
01003,
01006,
01037,
01008,
01004,
01009,
01010,
01011,
01013,
01014,
01016,
01017,
01021,
01022,
01023,
01047,1.4074595355383532
01046,
01056,
01901,0.28835063437139563
01027,
01019,
01020,
01028,
01030,
01031,
01032,
01902,
01033,
01036,
01058,0.5017561465127948
01034,
01039,
01041,
01042,
01043,
01044,
01052,
01053,2.793296089385475
01054,
01055,
01057,
01059,0.0197555839157938
01060,
01061,
01062,
01018,
01063,
33001,
33002,
33003,1.6233766233766236
33004,
33005,
33006,
33007,
33008,
33009,
33010,0.5083884087442806
33012,0.16142050040355127
33011,
33013,
33014,0.09720062208398134
33015,
33016,0.17938024126642452
33017,0.5997001499250374
33018,
33019,0.3090234857849196
33020,
33021,0.20128824476650564
33022,
33023,
33024,0.11156729739378794
33025,
33026,0.3110742430526753
33027,
33028,
33029,
33030,
33031,
33032,
33033,0.1887504718761797
33035,0.145032632342277
33036,0.14693997502020423
33037,0.0810241451952682
33038,
33039,
33040,
33041,
33042,
33043,4.11522633744856
33044,0.022983010958299625
33045,
33046,
33047,
33048,
33049,
33050,
33051,
33052,1.3850415512465375
33053,
33054,0.5327650506126798
33055,
33056,
33057,
33058,
33059,0.2050020500205002
33061,
33060,
33063,
33062,
33064,
33065,
33066,0.21314524879863586
33067,2.4125452352231602
33068,
33069,
33070,
33071,1.6891891891891893
33072,
33073,
33034,
33074,
33075,
33076,0.1345080368552021
33077,
33078,
05001,
05002,
05005,
05007,
05008,
05010,
05012,
05013,
05014,
05015,
05016,0.1268874508311128
05017,
05018,
05019,0.034513106352137224
05021,0.4351610095735422
05022,
05023,
05024,
05025,
05026,
05027,
05029,
05030,
05033,
05034,
05035,
05036,
05037,
05038,
05039,
05040,
05041,
05042,
05043,
05044,
05045,
05046,
05047,
05048,
05049,
05051,
05052,
05053,
05054,
05055,
05056,
05057,
05058,
05067,
05059,
05060,
05061,
05062,
05063,
05064,
05065,
05066,
05903,
05069,
05070,
05072,9.174311926605505
05073,
05074,
05075,
05076,
05077,
05078,
05079,
05080,
05081,
05082,
05083,
05085,
05084,
05086,
05087,
05088,
05089,
05090,
05092,
05093,
05094,
05095,
05096,
05097,
05099,
05100,
05102,
05101,
05103,
05106,
05104,
05105,
05107,
05108,
05109,
05110,
05113,
05112,
05114,
05115,
05116,
05117,
05118,
05119,
05120,
05121,
05122,
05123,
05124,
05125,
05126,
05127,
05128,
05129,
05130,
05131,
05132,
05133,
05134,
05135,
05136,
05138,
05139,
05140,
05141,
05142,
05143,
05144,
05145,
05149,
05147,
05148,
05152,
05153,
05151,
05154,
05155,
05156,
05157,
05158,
05159,
05160,
05161,
05162,
05163,
05164,
05165,
05166,
05167,
05168,
05169,
05170,
05171,
05172,
05173,
05174,
05175,
05176,
05177,
05178,2.5839793281653747
05179,
05180,
05181,
05182,
05183,
05184,
05185,
05186,
05187,
05188,
05189,
05190,
05191,
05192,
05193,
05194,
05195,
05196,
05197,
05198,
05199,
05200,
05201,
05206,
05208,
05207,
05209,
05901,
05210,
05211,
05212,
05213,
05214,
05215,
05216,
05217,
05218,
05219,
05220,
05231,
05204,
05205,
05222,
05221,
05226,
05224,
05225,
05902,
05227,
05228,
05904,
05229,
05230,
05232,
05233,
05234,
05235,
05236,
05237,
05238,
05239,
05240,
05241,
05242,
05243,
05244,
05245,
05247,
05246,
05249,
05251,
05252,
05253,
05254,
05256,
05257,
05905,
05258,
05259,
05260,
05261,
05262,
05263,
05264,
05265,
05266,
05267,
06001,
06002,
06003,
06004,
06005,
06006,
06007,
06008,
06009,
06010,
06011,0.02963753297175543
06012,
06013,
06014,
06015,0.006639665360865812
06016,
06017,
06018,
06019,
06020,
06021,
06022,
06023,
06024,
06025,
06026,
06027,
06028,
06029,
06030,
06031,
06032,
06033,
06034,
06035,
06036,
06042,
06037,
06038,
06039,
06040,
06041,
06043,
06044,
06045,
06046,
06047,
06048,
06049,
06050,
06051,
06052,
06053,
06054,
06055,
06056,
06057,
06058,
06059,
06903,
06060,
06061,
06062,
06063,
06064,
06065,
06066,
06067,
06068,
06069,
06070,
06071,
06073,
06074,
06072,
06075,
06076,
06077,
06078,
06079,
06080,
06081,
06082,
06083,0.016828217555196555
06084,
06085,0.7030700726505742
06086,
06087,
06088,
06089,
06090,
06091,
06092,
06093,
06094,
06095,
06096,
06097,
06098,
06099,
06100,
06101,
06102,
06103,
06104,
06107,
06108,
06105,
06106,
06902,
06109,
06110,
06111,
06112,
06113,
06114,
06115,
06116,
06117,
06119,
06123,
06118,
06120,
06121,
06122,
06124,
06125,
06126,
06127,0.5961251862891207
06128,
06129,
06130,
06131,
06132,
06133,
06134,
06135,
06136,
06137,
06901,
06138,
06139,
06140,
06141,
06146,
06147,
06148,
06142,
06143,
06144,
06145,
06149,0.15956598053295037
06150,
06151,
06152,
06153,
06154,
06156,
06155,
06157,
06158,
06159,
06160,
06162,
06161,
07002,
07001,
07003,0.048423805142608106
07004,0.670803286936106
07005,
07901,
07006,
07007,
07008,0.11242270938729623
07009,1.8450184501845017
07010,
07011,0.13574572885760275
07012,
07013,
07014,0.08331250520703157
07064,
07015,0.03263920621450486
07016,
07017,
07018,
07026,
07019,16.574585635359114
07020,
07021,
07022,
07023,
07024,0.08541168431841475
07025,1.466275659824047
07027,
07028,
07029,
07030,
07031,0.052323147760569275
07033,0.04463389051306657
07034,0.6373486297004461
07032,0.0676178240584218
07035,
07036,0.05214172119821676
07037,0.1836884643644379
07902,0.6666666666666666
07038,
07039,0.2661343978709248
07040,0.021460967269640363
07041,0.33025099075297226
07044,0.07208246233691343
07042,0.11786198361718428
07043,
07045,
07059,0.5988023952095808
07046,0.036757948906451024
07049,
07050,
07048,
07051,0.672645739910314
07052,
07053,
07054,0.02497627254108597
07055,0.15665387326701655
07056,0.7992540295723991
07057,
07058,0.7270964614638875
07047,0.282326369282891
07060,
07061,
07062,0.08449514152936206
07063,0.9794319294809011
07065,
08001,
08002,
08014,
08003,0.10046212577858148
08004,
08005,
08006,
08007,0.2176041780002176
08008,
08009,
08010,0.17295053614666206
08011,0.4547521600727603
08012,
08013,
08015,
08904,0.07559721802237677
08016,
08017,
08018,
08252,0.03028834504482675
08019,0.04704496521116469
08020,
08021,
08022,0.11988970147464333
08023,
08024,2.197802197802198
08025,0.4593477262287552
08026,
08027,
08028,
08029,0.41779820346772506
08030,
08031,
08034,
08033,0.2809462268921728
08032,0.32289312237649337
08035,
08037,
08038,
08036,
08039,
08040,0.06752194463200539
08041,
08042,
08043,0.4093327875562833
08044,
08045,
08046,
08047,
08048,
08049,
08057,
08052,5.9880239520958085
08050,
08051,
08053,
08054,0.23790642347343377
08055,
08056,0.029750394192723056
08058,
08060,
08059,
08061,
08062,
08063,
08064,0.3799392097264438
08065,
08066,
08067,0.13166556945358787
08268,
08266,0.06990929269273119
08068,
08069,
08070,
08071,
08072,0.06659119664380368
08073,0.022396416573348267
08074,
08075,
08076,
08077,
08078,
08254,
08079,
08134,
08080,
08082,
08081,
08083,
08084,
08085,
08086,0.14741290354282344
08090,
08087,
08088,0.05976214665630789
08089,
08091,
08092,0.2034174125305126
08093,37.03703703703704
08094,
08095,
08096,0.11204481792717087
08097,
08099,
08100,
08101,0.022670853217560846
08162,0.3263707571801567
08102,0.024464831804281346
08103,
08104,
08105,0.0754204691153179
08107,
08108,0.15197568389057753
08106,
08109,
08110,
08111,
08112,
08113,0.0767341927562922
08242,
08114,0.13953326124114834
08115,
08116,
08117,0.9439899307740718
08118,0.1677289500167729
08119,
08120,0.10339123242349049
08121,0.023234200743494422
08122,
08138,
08123,0.07661661048115231
08124,0.1954995992258216
08128,
08127,0.3146633102580239
08125,0.05435668859053106
08130,
08131,
08126,0.08156606851549755
08132,
08133,6.329113924050633
08135,0.681973175721755
08136,0.11901928112354201
08137,2.7624309392265194
08129,
08139,
08140,0.16479894528675015
08141,0.33484011384563866
08142,
08143,
08145,
08146,
08147,
08148,
08149,
08144,
08150,
08151,
08152,
08153,
08154,
08155,
08156,
08157,0.25782055689240285
08905,
08158,
08159,0.10578092769873591
08160,
08161,
08163,
08164,
08165,
08166,
08167,0.1177301624676242
08182,
08168,
08169,0.07629860220960752
08171,
08170,
08230,
08172,0.0701188514532132
08174,
08175,
08176,
08177,
08178,
08179,
08180,0.05109992590510744
08181,0.09366804046459348
08183,0.15506280043417583
08184,0.012730906822492966
08185,
08901,
08187,
08188,
08190,
08191,0.14887598630340926
08194,0.026821875922001984
08195,
08196,0.0735970561177553
08197,0.08968609865470852
08198,
08199,
08200,
08201,
08203,
08202,
08204,0.23849272597185786
08205,0.03191081989533251
08206,0.9960159362549801
08207,
08208,0.3860507013254407
08210,0.1561036528254761
08211,0.04399181752194092
08212,
08209,0.11114816049794375
08213,0.5595344673231871
08215,
08193,
08216,
08218,
08217,0.05859947260474656
08903,
08220,
08221,
08222,
08223,
08225,
08224,
08226,
08227,
08228,
08229,
08231,0.126883425852498
08232,
08233,
08234,
08189,
08235,0.36114120621162876
08236,
08237,
08238,
08239,
08240,
08241,
08098,
08262,0.10133765707336846
08264,0.15330369461904034
08265,
08263,0.035568202027387516
08243,
08244,
08245,0.016766005247759643
08246,
08247,
08248,
08249,
08250,
08251,
08253,
08256,
08255,
08257,
08259,
08258,
08260,0.038412783774440136
08261,0.273972602739726
08192,0.13217023526301877
08267,0.10698619878035734
08269,
08270,0.13237581493861073
08271,
08272,
08273,
08274,
08276,
08277,
08278,
08275,
08280,
08281,
08279,0.01345225123424405
08282,
08283,0.2390057361376673
08284,0.3935237238587812
08285,
08286,
08287,
08288,
08289,
08290,
08291,0.1412030499858797
08292,
08293,
08294,
08295,
08296,0.3855050115651503
08297,
08298,0.08453264016568397
08299,2.3584905660377355
08301,0.029981860974110663
08300,
08305,0.05003878005454227
08306,
08303,
08302,
08902,
08307,0.29648077322185656
08214,
08219,
08304,
08308,
48001,0.13126804935678657
48002,0.10597710894446799
48911,
48912,
48003,0.1021659174499387
48004,
48005,
48006,
48093,
48009,
48914,
48010,
48011,
48023,
48008,
48091,
48070,
48012,0.36036036036036034
48090,
48013,0.019820230509280824
48014,
48015,
48092,
48016,
48017,
48018,
48019,
48020,0.02886794359203822
48021,
48901,
48026,
48027,
48028,
48031,
48032,
48902,
48033,
48034,
48079,
48029,
48030,
48906,
48035,
48036,
48037,
48038,
48039,
48040,
48041,
48046,
48044,0.012963611143520138
48047,
48042,
48043,
48045,
48048,
48094,
48049,
48910,
48050,
48022,
48907,
48051,
48052,
48053,
48054,0.06213495712687958
48057,
48055,
48056,
48081,
48903,
48058,
48059,
48060,
48061,
48062,
48063,
48064,
48066,
48068,
48069,0.05649398339076889
48007,
48908,
48071,
48067,
48909,
48073,
48075,
48083,
48072,
48077,
48078,
48082,
48084,
48904,0.21953896816684962
48085,
48086,
48076,
48087,
48088,
48065,
48089,
48074,0.23815194093831865
48080,
48095,
48096,0.1188212927756654
48905,0.3051571559353067
48097,
48024,
48025,
48913,
48915,
09001,
09003,
09006,
09007,
09009,
09010,
09011,
09907,
09012,
09013,
09014,
09016,
09017,
09018,0.12090436464756378
09019,
09020,
09021,
09022,
09023,
09024,
09025,
09026,
09027,
09029,
09030,15.267175572519083
09032,
09033,
09034,
09035,
09036,
09037,
09038,
09039,
09041,
09043,
09044,
09045,
09046,
09047,
09048,
09050,
09051,
09052,
09054,
09055,19.607843137254903
09056,
09057,
09058,
09059,0.24705402439514854
09060,
09061,
09062,
09064,4.773269689737471
09065,
09066,
09067,
09068,
09070,
09071,
09072,
09073,
09074,0.851063829787234
09075,
09076,
09077,
09078,
09079,
09083,
09082,
09084,
09085,
09088,
09086,
09090,
09091,
09063,
09093,
09094,
09095,
09098,
09100,
09101,
09102,
09103,
09104,
09105,
09108,
09109,
09110,
09112,
09113,1.8552875695732838
09114,9.803921568627452
09115,
09117,
09119,
09120,
09122,
09124,0.5973715651135005
09123,
09125,1.6556291390728477
09127,
09128,
09129,
09130,
09131,
09132,
09133,
09134,
09135,
09136,
09137,
09138,
09139,
09140,
09141,3.896103896103896
09143,
09144,
09148,
09149,
09151,1.7985611510791368
09152,
09154,
09155,
09159,
09160,
09162,
09164,
09163,
09166,
09167,
09168,
09169,
09170,
09172,
09173,
09174,
09175,
09176,
09177,
09178,
09179,
09180,
09181,
09182,
09183,
09184,
09189,
09190,
09191,
09192,
09194,0.3832886163280951
09195,
09196,
09197,
09198,
09199,
09200,
09201,
09202,
09206,
09208,
09209,
09211,0.643915003219575
09213,
09214,
09906,0.6963788300835655
09215,2.444987775061125
09216,
09217,
09218,2.28310502283105
09219,0.22517451024544022
09220,
09221,
09223,
09224,
09225,
09226,
09227,
09228,
09229,
09230,
09231,
09232,6.944444444444444
09235,
09236,
09238,
09239,
09241,
09242,
09243,
09244,
09246,
09247,
09248,
09249,
09250,
09251,7.092198581560283
09253,8.695652173913043
09255,
09256,
09259,
09257,
09258,
09261,
09262,
09265,
09266,
09267,
09268,
09269,
09270,
09272,
09273,
09274,
09275,
09276,
09277,
09279,
09281,
09280,
09283,
09287,
09288,
09289,0.6265664160401002
09292,
09294,
09901,
09295,
09298,
09301,
09297,
09302,
09303,
09304,
09306,
09307,
09308,
09309,
09310,
09311,
09314,
09316,
09312,
09315,
09317,
09318,
09321,
09323,
09325,
09326,
09327,
09328,
09329,
09330,0.5050505050505051
09332,
09334,
09335,
09337,
09338,
09339,
09340,
09360,
09343,
09345,
09346,
09347,
09348,
09350,
09351,
09352,
09353,
09354,
09355,
09356,
09358,7.633587786259541
09361,
09362,3.8910505836575875
09363,
09365,
09366,
09368,
09369,
09372,
09373,
09374,
09375,
09377,
09378,
09380,
09381,
09382,
09384,
09386,
09387,
09388,
09389,
09390,
09391,
09392,
09394,
09395,
09396,
09398,
09400,
09403,
09405,
09406,
09408,
09904,
09908,
09409,
09410,0.25081514923501375
09411,
09902,
09905,
09412,
09413,
09414,
09415,
09416,
09417,
09418,
09419,
09407,
09422,
09421,
09423,
09427,0.6738544474393532
09428,
09429,
09430,
09431,
09432,
09433,
09434,1.0793308148947653
09437,
09438,
09439,
09440,
09441,
09442,
09443,
09444,
09445,
09446,
09447,
09448,
09449,
09450,
09451,
09454,
09455,
09456,
09903,0.49640109208240263
09458,
09460,
09463,
09464,
09466,
09467,
09471,
09472,
09473,
09476,
09424,
09425,
09478,
09480,
09482,
09483,
09485,
10001,
10002,
10003,
10004,
10005,
10006,
10903,
10007,
10008,
10009,
10010,
10012,
10013,
10011,
10014,
10015,
10016,
10017,
10018,
10019,0.588235294117647
10020,
10021,
10023,
10022,
10024,
10025,
10026,
10027,
10028,
10029,
10030,
10031,
10032,
10033,
10034,
10035,
10036,
10037,0.07336142027709656
10038,
10039,
10040,
10041,
10042,
10043,
10044,
10045,
10046,
10047,
10048,
10049,0.4428697962798937
10050,
10051,
10052,
10053,
10056,
10057,
10054,
10055,
10058,
10059,
10060,
10061,
10062,
10063,
10064,
10065,
10066,
10067,
10068,
10069,
10070,
10071,
10072,
10073,
10075,
10076,
10077,
10079,
10078,
10080,
10081,
10082,
10083,
10084,
10085,
10086,
10087,
10088,
10089,
10090,
10091,
10092,
10093,
10094,
10095,
10096,0.25303643724696356
10097,
10098,
10099,
10100,
10101,
10102,
10103,
10104,
10105,
10106,14.705882352941176
10107,
10108,
10109,
10110,
10111,
10112,
10113,
10114,
10115,
10116,
10117,
10118,
10119,
10120,
10121,
10122,
10123,
10124,
10125,
10126,
10127,
10128,
10129,
10130,
10131,
10132,
10133,
10134,
10135,
10136,
10137,
10138,
10139,
10140,
10141,
10142,
10143,
10144,
10145,
10146,
10147,
10148,
10149,
10150,
10151,
10152,
10905,
10153,
10154,
10155,
10156,
10157,
10158,
10159,
10160,
10901,
10161,
10162,
10163,
10164,1.3262599469496021
10165,
10166,
10167,
10168,
10169,
10170,
10171,
10172,
10173,
10174,
10175,
10176,
10177,
10178,
10179,
10180,
10181,
10904,
10182,
10183,
10184,
10187,
10188,
10185,
10186,
10190,
10189,
10191,
10192,
10193,
10194,
10195,
10196,
10197,
10198,
10199,
10200,
10201,
10202,1.529051987767584
10203,
10204,
10205,0.45662100456621
10902,
10206,
10207,
10208,
10209,
10210,
10211,
10212,
10214,
10213,
10215,
10216,
10217,
10218,
10219,
11001,
11002,
11003,
11004,
11005,
11006,
11007,
11008,0.04169620147604553
11901,
11009,
11010,
11011,
11012,0.008753194916144394
11013,
11015,
11016,
11014,
11017,
11018,
11019,
11020,0.004699226037471628
11021,
11022,
11023,
11024,0.124750499001996
11025,
11026,
11027,0.011228385358185492
11028,0.023940054104522275
11029,
11030,
11031,
11902,
11903,
11033,
11032,
11034,
11035,
11036,
11037,
11038,
11039,
11040,
11041,
11042,
39001,
39002,
39003,
39004,
39005,
39006,
39007,
39008,0.055199823360565246
39009,0.22732439190725165
39010,
39011,
39012,0.24175027196905596
39013,
39014,
39015,
39016,0.22953077351870674
39027,
39017,
39018,
39019,0.3301419610432486
39020,
39021,
39022,
39023,
39024,
39025,0.1868634962160142
39026,
39028,0.18667164457718874
39029,
39030,
39031,
39032,
39033,
39034,
39035,0.09094216078574027
39036,
39037,0.4161464835622139
39038,0.5099439061703213
39039,
39040,
39041,
39042,0.5259006047856956
39043,
39044,
39045,
39046,
39047,0.3773584905660377
39048,0.46125461254612543
39049,
39050,
39051,
39052,
39053,
39054,
39055,
39056,
39057,
39058,
39059,0.22701475595913734
39060,0.4772130756382725
39061,0.43205875999135884
39062,
39063,
39064,
39065,
39066,1.9342359767891684
39067,1.2106537530266344
39068,
39069,
39070,
39071,
39072,
39080,0.4910385465259023
39073,
39074,0.10863661053775123
39075,0.07548440666353116
39076,0.2363507445048452
39077,
39078,
39079,
39081,
39082,
39083,
39084,
39085,0.11079104808331487
39086,
39087,0.09758572906298182
39088,
39089,
39090,
39095,0.35893754486719315
39091,
39092,
39093,
39094,
39101,
39096,
39097,
39098,
39099,
39100,
39102,
12002,
12003,
12004,0.14945449110745776
12005,
12006,
12007,
12008,
12009,
12010,
12011,
12901,
12012,
12013,
12014,
12015,
12016,0.5076142131979696
12001,
12017,
12018,
12020,
12022,
12024,
12025,
12026,0.9478672985781991
12027,0.03615590425916552
12028,
12029,
12021,
12032,0.02865083230667851
12031,
12033,0.3303600925008259
12034,
12036,
12037,
12038,
12039,
12040,
12041,
12042,
12043,
12044,
12053,0.35778175313059035
12055,
12056,
12045,
12046,
12048,
12049,
12050,
12051,
12057,
12058,
12059,
12060,
12061,
12063,
12064,
12065,
12067,
12068,
12069,
12070,
12071,
12074,
12072,0.764525993883792
12073,
12075,
12076,
12077,
12078,
12079,
12080,
12081,
12082,
12083,
12084,
12085,
12087,
12088,
12089,0.1268713524486171
12090,
12093,
12094,
12091,
12092,
12095,
12096,
12097,
12098,1.4641288433382138
12101,
12902,
12099,
12100,
12102,1.3245033112582782
12104,0.218842324105482
12103,
12105,
12106,
12107,
12108,
12109,
12110,
12111,
12112,
12113,
12114,
12115,
12116,
12119,
12120,
12117,
12118,
12121,
12122,
12124,
12125,
12126,
12123,
12127,29.850746268656717
12128,
12129,
12132,
12134,
12135,
12136,
12130,
12131,
12133,
12137,
12138,
12139,2.967359050445104
12140,
12052,
12141,
12142,
51001,
13001,
13002,
13003,
13004,
13005,
13006,
13007,
13008,
13009,
13010,
13011,
13012,
13013,
13014,
13015,
13016,
13017,
13903,
13018,
13019,
13020,
13021,
13022,
13023,
13024,
13025,
13026,
13027,
13028,
13029,
13030,
13031,
13032,
13033,
13038,
13034,0.07988922028121005
13035,
13036,
13037,
13039,
13040,
13041,
13042,
13043,
13044,
13045,
13046,
13047,
13048,
13049,
13050,
13904,
13051,
13052,
13053,0.11207621182404036
13054,
13055,
13056,
13057,
13058,
13059,
13060,
13061,
13062,
13063,
13064,
13065,
13066,
13067,
13068,
13069,
13070,
13071,
13072,
13901,
13902,
13073,
13074,
13075,
13076,
13077,
13078,
13080,
13079,
13081,
13082,
13083,
13084,
13085,
13086,
13087,
13088,
13089,
13090,
13091,
13092,
13093,
13094,
13095,
13096,
13097,
13098,
14001,
14002,
14003,
14004,
14005,
14006,
14007,
14008,
14009,
14010,
14011,
14012,
14013,
14014,
14015,
14016,
14017,
14018,
14019,
14020,
14021,0.0031049054401048218
14022,
14023,
14024,
14025,
14026,
14027,
14901,
14028,
14029,
14030,
14031,
14032,
14033,
14902,
14034,
14035,
14036,
14037,
14038,
14039,
14040,
14041,
14042,
14043,
14044,
14045,
14046,
14047,
14048,
14049,
14050,
14051,
14052,
14053,
14054,
14055,
14056,
14057,
14058,
14059,
14061,
14060,
14062,
14063,
14064,
14065,
14066,
14067,
14068,
14069,
14070,
14071,
14072,
14073,
14074,
14075,
15001,
15002,0.03125683743318851
15003,
15004,
15005,0.06080136195050769
15006,
15007,
15008,
15009,
15010,
15011,
15012,
15013,
15014,
15015,
15016,
15017,
15018,
15019,0.031832940727064364
15901,
15020,
15021,
15022,
15023,
15024,0.4003202562049639
15025,
15027,
15028,
15029,
15030,0.012221552300096144
15031,0.06502373366278691
15032,
15033,
15034,
15035,
15036,
15037,0.21213406873143825
15038,
15039,
15041,0.08679802100512109
15040,
15042,
15043,
15044,
15045,
15046,
15047,
15048,
15049,
15050,
15051,
15053,
15052,
15054,0.02569835273558965
15055,
15056,
15057,
15058,0.0541682465738584
15059,0.07933359777865927
15060,0.13280212483399734
15061,
15062,
15902,
15064,
15065,
15066,
15067,
15068,
15069,
15070,
15071,
15072,
15073,
15074,
15075,
15076,
15077,
15078,0.010218888593676551
15079,
15080,
15081,
15082,
15083,
15084,
15085,
15086,
15088,
15087,
15089,
15091,
15090,
15092,
15093,
16001,
16002,
16003,
16004,
16005,
16006,
16007,
16008,
16009,
16010,
16011,
16012,
16013,
16014,
16015,
16016,
16017,
16018,
16019,
16020,
16905,
16022,
16024,
16025,
16026,19.41747572815534
16027,
16029,
16030,
16031,
16032,
16033,
16034,
16035,
16036,
16038,
16039,
16040,
16041,
16042,
16043,
16044,
16901,
16045,
16046,
16047,
16048,
16049,
16050,
16051,
16052,
16053,
16055,
16056,
16057,
16058,
16060,
16061,
16062,
16063,
16064,
16065,
16066,
16067,
16068,
16070,
16072,
16071,
16073,
16023,
16081,
16074,
16078,
16079,
16082,
16083,
16084,
16085,
16086,
16087,
16088,
16904,
16089,
16091,
16092,
16093,
16094,
16095,
16096,
16097,
16098,
16099,
16100,
16101,
16102,0.6635700066357001
16103,
16104,
16106,
16107,
16108,
16109,
16110,
16111,
16112,
16113,
16115,
16116,
16117,
16118,
16119,
16121,
16122,
16123,
16124,
16125,
16126,
16128,
16129,
16130,
16131,
16132,
16133,
16134,0.1676727028839705
16135,
16137,
16139,
16140,
16141,
16142,
16143,
16145,
16146,
16147,
16148,
16149,
16150,
16151,
16152,
16153,
16154,
16155,
16156,
16157,
16158,
16159,
16160,
16161,
16162,
16163,
16165,
16166,
16908,
16167,
16169,
16170,
16171,
16172,
16174,
16175,
16176,
16177,
16181,
16185,
16186,
16187,
16188,
16189,
16190,
16191,
16192,
16193,
16194,
16196,
16195,
16197,
16198,
16199,
16909,
16202,
16203,
16204,
16205,
16206,
16209,
16211,
16212,
16213,
16215,
16216,
16217,
16218,
16219,
16906,
16224,
16225,
16227,
16228,
16902,
16903,
16231,
16173,
16234,
16236,
16237,
16238,
16239,
16240,
16242,
16243,
16244,
16245,
16246,
16247,
16248,
16249,
16250,
16251,
16253,
16254,
16255,
16263,
16258,
16259,
16910,
16264,
16265,
16266,
16269,
16270,
16271,
16272,
16273,
16274,
16275,
16276,
16277,
16278,
16279,
16280,
20001,
20002,2.074688796680498
20016,
20003,
20004,
20005,
20006,
20906,
20007,
20008,
20009,0.2733921126375504
20010,
20011,
20012,
20013,
20055,
20014,
20903,0.13917884481558804
20015,
20017,
20018,
20904,
20019,
20020,
20021,
20022,
20074,0.06856829402084476
20023,
20024,
20029,
20069,0.02658132289927805
20030,0.07281465030764189
20031,
20033,
20032,
20067,0.025497845432060993
20066,
20034,
20035,
20038,
20037,
20907,
20039,
20040,
20041,
20036,
20042,
20043,0.43840420868040336
20044,
20045,0.04766974401347465
20046,
20047,
20048,
20902,
20049,
20050,
20051,
20052,
20068,
20053,
20054,
20901,
20057,
20056,
20063,0.09717228646390048
20058,
20059,0.08750437521876094
20076,
20905,
20060,
20061,
20062,
20064,
20070,
20065,
20071,
20072,
20077,
20073,
20075,
20078,
20079,
20025,
20026,
20027,
20028,
20081,
20080,
17001,
17002,
17003,
17004,
17006,
17007,0.839278220730172
17008,
17009,
17010,
17011,
17012,
17015,
17016,
17013,
17018,
17019,0.3996802557953637
17020,
17021,5.347593582887701
17022,
17234,
17023,
17029,
17024,
17025,
17026,
17027,
17028,
17031,
17030,
17032,
17033,0.12420817289777666
17034,0.17415534656913967
17035,
17036,
17037,
17038,
17039,0.4106776180698152
17040,
17041,
17042,1.6181229773462784
17044,0.19038553069966682
17046,
17047,0.08965393580778197
17048,
17189,1.0136847440446022
17049,
17050,
17051,
17054,
17055,
17057,
17056,
17058,
17901,
17060,
17061,
17062,0.3810612555968372
17063,
17064,2.4271844660194173
17065,
17005,
17066,
17067,
17068,
17069,
17070,
17071,
17902,
17073,
17074,
17075,
17076,
17077,
17078,
17079,0.06867323313581603
17080,
17081,
17082,
17083,0.23084025854108955
17084,
17085,
17086,0.5988023952095808
17087,
17088,
17089,0.1129815840018077
17090,
17091,
17092,0.20652622883106156
17093,
17094,
17095,0.026040310400499974
17096,
17102,
17103,
17097,
17098,
17100,
17101,
17099,
17105,
17106,
17107,2.881844380403458
17109,
17110,0.5980861244019139
17111,
17112,
17114,0.08264690487341249
17115,
17116,
17117,
17118,0.054957133435919986
17119,
17121,
17120,
17123,
17124,
17125,
17126,
17128,1.7006802721088434
17129,
17130,
17132,0.5141388174807198
17133,
17134,
17135,1.9305019305019306
17136,
17137,
17140,0.9900990099009901
17138,
17139,0.5333333333333333
17141,0.10506408909434756
17142,
17043,
17143,
17144,
17145,
17146,
17147,0.18654976214905325
17148,
17149,
17150,
17151,
17152,0.20079313287485567
17153,
17154,
17155,0.031026993484331366
17157,
17183,
17158,
17159,
17160,0.135074290859973
17161,
17162,
17163,
17164,
17165,
17167,0.6153846153846154
17168,
17185,
17166,
17169,
17903,
17171,3.745318352059925
17172,
17173,
17174,
17175,
17176,
17177,
17178,0.48007681228996635
17180,
17181,
17182,
17184,0.6309148264984228
17186,
17187,
17188,
17190,
17191,
17192,
17193,
17052,
17194,
17195,
17196,
17197,
17198,
17199,0.332695666638942
17200,
17201,
17202,0.16863406408094436
17204,
17205,
17203,
17206,
17014,
17208,
17207,
17170,
17209,
17210,
17211,
17212,
17213,0.12386968908708039
17214,
17215,0.31007751937984496
17217,
17216,
17218,
17220,0.9074410163339383
17221,
17223,
17224,
17225,
17226,
17227,
17228,
17230,
17222,
17233,0.3021148036253776
17232,
18001,
18002,
18003,
18004,
18005,
18006,
18007,
18010,
18011,
18012,
18013,0.5293806246691372
18014,
18015,
18016,
18017,
18904,
18018,
18020,
18021,
18022,
18023,
18024,
18025,
18027,
18028,
18029,
18030,
18032,
18033,
18034,
18035,
18036,
18114,
18037,
18038,
18039,
18040,
18042,
18043,
18044,
18045,
18046,
18047,
18059,
18061,
18062,
18048,
18049,
18050,
18051,
18053,
18054,
18912,
18056,0.24515812699190975
18057,0.12955045990413266
18063,
18064,
18065,
18066,
18067,
18068,
18069,1.5698587127158556
18915,
18070,
18071,
18072,
18074,
18076,
18077,
18078,
18079,
18905,0.04534941725998821
18082,
18083,
18084,
18085,1.371742112482853
18086,
18087,0.01294358753101068
18088,
18089,
18906,
18093,
18094,
18095,
18096,
18097,
18098,
18099,
18100,
18101,
18102,
18103,
18105,
18106,
18107,
18108,
18109,
18111,
18112,
18115,0.28169014084507044
18116,
18117,
18119,
18120,
18121,
18122,
18123,
18124,
18126,
18127,
18128,
18132,
18133,
18134,
18135,
18136,
18137,
18138,0.3219575016097875
18909,
18140,0.017080877957126997
18141,
18903,
18143,
18144,
18145,
18146,
18147,
18148,
18150,
18151,
18152,
18153,
18154,
18910,
18157,
18158,
18159,
18161,
18162,
18163,
18164,
18165,0.18248175182481752
18167,
18168,
18170,
18171,
18173,
18174,
18175,
18176,
18177,
18901,
18178,
18916,
18179,
18180,
18181,
18182,
18914,
18907,
18902,
18183,
18911,0.08563110121596162
18184,
18185,
18149,
18908,
18187,
18188,
18189,
18192,0.47709923664122134
18913,
18193,
18194,
19001,
19002,
19003,
19004,
19005,
19006,
19007,
19008,
19009,
19010,
19011,
19013,
19015,
19016,
19017,
19018,
19019,
19020,
19021,
19022,
19023,
19024,0.07662248103593594
19027,
19031,
19032,
19033,
19034,
19036,
19037,
19038,
19039,
19040,
19041,
19042,
19043,
19044,2.5316455696202533
19045,
19046,
19047,
19048,
19049,
19050,
19051,
19052,
19053,
19054,
19055,
19057,
19058,
19059,
19060,
19061,
19064,
19065,
19066,
19067,
19070,
19071,
19073,
19074,
19075,
19076,
19078,
19079,
19080,
19081,
19082,
19103,
19104,
19106,
19105,
19086,
19087,
19088,
19089,
19090,
19091,
19092,
19095,
19096,
19097,
19098,
19099,
19102,
19107,
19108,
19109,
19110,
19111,
19112,
19113,
19114,
19115,
19116,
19117,
19118,
19119,
19120,
19121,
19122,
19123,
19124,
19125,
19126,
19127,
19129,
19130,
19132,
19133,
19134,
19135,
19136,
19138,
19139,
19142,
19143,
19145,
19146,
19147,
19148,
19150,
19151,
19152,
19153,
19154,
19155,
19156,
19157,
19159,
19160,
19161,
19162,
19163,
19165,
19166,
19167,
19168,
19169,
19170,
19171,
19172,
19173,
19174,
19175,
19176,
19177,
19178,
19179,
19181,
19182,
19184,
19183,
19185,
19186,
19187,
19188,
19189,
19190,
19191,
19192,
19193,
19194,
19195,
19196,
19197,
19198,
19199,
19200,
19201,
19202,
19203,
19204,
19208,
19209,
19210,
19211,
19212,
19213,
19214,
19215,
19216,
19217,
19218,
19219,
19220,
19221,
19222,
19223,
19224,
19225,
19226,
19227,
19228,
19229,
19230,
19231,
19232,
19233,
19234,
19235,
19237,
19238,
19239,
19240,
19241,
19242,
19243,
19244,
19245,
19246,
19247,
19248,
19249,
19250,
19251,
19252,
19254,
19901,
19255,
19256,
19257,0.6979990693345742
19258,
19259,
19260,
19261,
19262,
19263,
19264,
19265,
19266,
19267,
19268,
19269,
19271,
19270,
19272,
19274,
19279,
19277,
19278,
19280,
19281,
19282,
19283,
19284,
19285,
19286,
19287,
19288,
19289,
19290,
19291,
19293,
19294,
19296,
19297,
19298,
19299,
19300,
19301,
19302,
19303,
19304,
19305,
19306,
19307,
19308,
19309,
19310,
19311,
19314,
19317,
19318,
19319,
19321,
19322,
19323,
19324,
19325,
19326,
19327,
19329,
19330,
19331,
19332,
19333,
19334,
19335,
21001,
21002,
21003,
21004,
21005,
21006,
21007,0.24345709068776628
21008,
21009,
21010,
21011,
21012,
21013,
21014,
21015,
21016,
21017,
21018,
21019,1.3679890560875512
21020,
21021,
21022,
21023,
21030,
21024,
21025,
21026,
21027,
21028,
21029,
21031,
21032,
21033,
21034,
21035,
21036,
21037,
21038,
21039,
21040,
21041,0.03507836506756093
21042,
21043,
21044,
21045,
21046,
21047,
21048,
21049,
21050,
21051,
21052,
21053,
21054,
21055,
21056,
21057,
21058,
21059,
21060,
21061,
21062,
21063,
21064,0.10522992739135009
21066,
21065,
21067,
21068,
21069,
21070,
21071,
21072,
21073,
21074,
21075,
21076,
21077,
21078,
21902,
21079,
22001,
22002,
22003,
22004,
22907,
22006,
22007,
22008,
22009,
22011,
22012,
22013,
22014,
22015,
22016,
22017,
22018,
22019,
22020,
22021,
22022,
22023,
22024,
22025,
22027,
22028,
22029,
22032,
22035,
22036,
22037,
22039,
22040,
22041,
22042,
22043,
22044,
22045,
22046,
22047,
22048,0.058322640849177654
22049,
22050,
22051,
22052,
22053,0.8605851979345955
22054,2.2331397945511386
22246,
22055,
22057,
22058,
22059,0.6451612903225806
22060,
22061,
22062,
22063,
22064,
22066,
22067,
22068,
22069,
22072,
22074,
22075,
22076,
22077,
22078,
22079,
22080,
22081,
22083,
22084,1.2642225031605563
22082,
22085,
22086,
22087,
22088,
22089,
22094,
22095,
22096,
22090,
22099,
22102,
22103,
22105,
22106,
22107,
22109,
22110,
22111,
22112,0.06557377049180328
22113,
22114,
22115,
22116,
22117,
22119,
22122,
22908,
22124,
22125,
22126,
22127,
22128,
22129,
22130,0.3747002398081535
22131,
22133,
22135,
22136,
22137,
22139,
22141,
22142,
22143,
22144,
22149,
22150,
22151,
22905,
22155,
22156,
22157,
22158,
22160,
22162,
22163,
22164,
22165,
22167,
22168,
22170,2.3557126030624262
22172,
22173,
22174,
22175,
22176,
22177,
22178,
22181,
22182,
22184,
22186,
22187,
22188,
22902,
22189,
22190,
22193,
22195,
22197,
22199,0.32078699743370404
22200,
22201,
22202,
22203,
22204,1.9749835418038184
22205,
22207,
22903,
22206,
22208,
22209,
22906,
22212,
22213,
22214,
22215,
22217,
22218,
22220,
22221,
22222,
22223,
22904,
22225,
22226,
22227,
22228,
22229,
22230,
22232,
22233,
22234,
22235,
22236,
22239,
22242,15.384615384615385
22243,
22901,
22244,
22245,
22909,
22247,
22248,
22249,
22250,
22251,
22252,
22253,
22254,
23001,
23002,
23003,
23004,
23005,
23006,
23007,
23008,
23905,
23009,
23010,
23011,
23012,
23902,
23014,
23015,
23016,
23017,
23018,
23019,
23020,
23021,
23901,
23024,
23025,
23026,
23027,
23028,
23029,
23030,
23031,
23032,
23033,
23034,
23035,
23037,
23038,
23039,0.7369196757553427
23041,
23042,
23043,
23044,
23045,
23046,
23047,
23048,
23049,
23050,0.008933995640210128
23051,
23052,
23053,
23040,
23054,
23055,
23056,
23057,
23058,
23059,
23060,
23061,
23062,
23063,
23064,
23065,
23066,
23067,
23069,
23070,
23071,0.4616805170821791
23072,
23073,
23074,
23075,
23076,
23077,
23904,
23079,
23080,
23081,
23082,
23084,
23085,
23086,
23087,
23088,0.13900472616068946
23090,
23091,
23092,
23093,
23094,
23095,
23096,
23097,
23098,
23099,
23101,
23903,
24001,
24002,
24003,
24004,
24005,2.849002849002849
24006,
24007,
24008,
24009,
24010,
24011,
24012,
24014,0.11827321111768184
24015,
24016,
24017,
24018,
24019,
24020,
24021,
24022,
24023,
24024,
24025,3.401360544217687
24026,
24027,
24028,
24029,
24030,
24031,
24032,
24033,
24034,
24036,
24037,
24038,
24039,
24040,
24041,1.9569471624266144
24042,
24043,
24044,
24046,
24047,
24049,
24050,
24051,
24052,
24053,
24065,
24054,
24055,
24056,
24057,
24058,
24059,
24060,
24061,
24062,
24063,
24064,
24066,
24067,
24068,
24069,
24070,
24071,
24073,
24074,
24076,
24077,
24078,
24079,
24080,
24081,
24082,
24083,
24084,
24086,
24087,
24088,
24089,0.11470614743017264
24092,
24090,
24091,1.7730496453900708
24093,
24094,
24095,
24096,
24097,
24098,
24099,
24100,
24101,
24102,
24103,
24104,
24105,
24106,
24107,
24108,
24109,
24110,
24112,
24113,
24114,
24115,0.01568701272216732
24116,
24117,
24118,
24119,
24120,
24121,
24122,
24123,
24124,
24125,
24127,
24129,
24130,
24131,
24132,
24133,
24134,
24136,
24137,
24139,
24141,
24142,
24144,
24145,
24146,
24148,
24149,
24150,
24143,
24151,
24152,
24153,
24154,
24155,
24158,
24156,
24157,
24159,
24160,
24161,
24162,
24163,
24164,
24165,
24166,
24167,
24168,
24206,0.5527915975677169
24169,
24170,
24171,
24172,
24173,
24174,
24185,
24175,
24176,
24177,
24178,
24179,
24180,
24181,
24182,
24183,
24184,
24187,
24188,
24191,
24189,
24190,
24193,
24196,
24197,
24198,1.7301038062283738
24194,
24199,
24201,
24202,
24203,
24205,
24207,
24209,
24210,
24211,
24901,1.0964912280701753
24212,
24213,
24214,
24215,
24216,
24217,
24218,
24219,
24902,
24221,
24222,
24223,
24224,
24225,
24226,
24227,
24228,
24229,
24230,
25001,
25002,
25003,0.18301610541727673
25038,0.40112314480545525
25004,
25005,
25006,
25007,0.4496402877697842
25008,
25009,
25010,
25011,0.10332713370531102
25012,
25013,0.3624501631025734
25014,3.3222591362126246
25015,
25016,0.3262642740619902
25017,
25019,
25020,
25021,
25022,
25023,
25024,
25027,
25029,0.4670714619336758
25031,
25032,
25033,
25034,
25036,
25037,
25039,
25040,0.05744155321959906
25041,
25042,
25044,4.464285714285714
25045,
25046,
25170,
25047,0.8163265306122449
25048,
25049,
25050,
25051,0.468384074941452
25052,
25053,
25055,
25057,
25058,0.16142050040355127
25059,
25056,
25060,
25061,
25062,
25063,
25904,5.9171597633136095
25064,
25067,
25068,
25069,
25070,
25071,
25072,0.1072041166380789
25073,
25074,
25075,
25076,
25077,
25163,
25161,
25078,
25079,2.8011204481792715
25081,
25082,
25088,
25085,
25086,
25087,
25089,
25908,
25092,
25093,
25094,
25096,
25097,
25098,
25912,0.8944543828264758
25099,0.5390835579514826
25100,
25101,
25102,
25103,13.793103448275861
25105,
25104,
25109,
25903,
25110,0.41146619119462347
25111,
25115,
25112,
25113,0.643915003219575
25114,
25910,
25118,
25119,0.2801905295601009
25121,1.0351966873706004
25122,0.36710719530102787
25123,4.0983606557377055
25124,
25125,
25126,2.898550724637681
25120,0.12135922330097088
25127,
25128,
25129,
25133,1.0799136069114472
25130,
25131,
25132,
25134,
25135,
25137,0.13750429700928155
25136,
25139,1.6778523489932886
25140,
25138,
25142,
25141,
25143,
25145,
25025,4.63678516228748
25146,
25148,
25149,
25150,
25151,
25152,
25153,
25154,
25155,
25156,
25157,
25158,
25164,
25165,
25166,
25167,
25911,
25168,
25169,
25171,
25030,
25173,0.429000429000429
25172,0.7607455306200076
25174,
25175,
25176,
25177,
25179,
25180,
25181,
25182,
25183,1.5197568389057752
25905,
25185,1.0559662090813093
25186,
25913,
25189,
25190,
25191,
25196,
25192,
25197,
25193,1.0152284263959392
25902,
25194,
25201,
25200,
25202,
25035,
25204,
25203,0.24485798237022527
25205,
25206,
25207,0.21798365122615804
25208,
25209,
25210,
25211,
25212,
25215,
25216,
25217,0.16998130205677375
25218,
25219,
25220,0.7518796992481204
25221,
25222,
25223,
25224,
25225,
25227,
25226,
25228,0.4253509145044662
25907,
25230,
25231,
25232,
25233,
25234,0.33938571186153066
25043,0.9433962264150944
25901,2.617801047120419
25238,
25240,
25906,
25239,
25909,
25242,
25243,
25244,1.7035775127768313
25245,
25247,
25248,
25254,
25249,
25250,
25251,
25252,1.314060446780552
25253,
25255,
27001,
27002,
27003,
27004,
27901,
27005,
27006,
27007,0.3360215053763441
27008,
27902,
27009,
27010,
27011,
27012,
27013,
27016,
27014,
27015,
27017,
27018,
27019,
27020,
27022,0.18331805682859761
27023,
27024,
27026,
27027,
27028,0.01024453710059111
27029,
27030,
27031,
27032,
27033,
27034,
27035,
27037,
27038,
27039,0.19171779141104295
27040,
27041,0.8233841086867023
27042,
27043,
27044,
27045,
27047,
27046,
27048,
27049,
27050,
27056,
27051,
27052,
27053,
27054,
27055,
27057,0.075431847325941
27058,
27059,
27060,
27061,
27062,
27063,
27064,
27065,
27066,
27021,
27025,
28001,
28002,
28003,
28004,
28005,0.015307528242389606
28006,0.01715427699011056
28007,0.005854218256965056
28008,
28009,0.09639018747891465
28010,
28011,
28012,
28013,
28014,
28015,
28016,
28017,
28018,
28019,
28021,
28020,
28022,0.11853959222380275
28023,
28024,
28025,
28026,
28027,
28028,
28029,
28030,
28031,
28032,
28033,
28034,
28035,
28036,
28037,
28038,
28039,
28051,
28052,
28040,
28041,
28046,
28047,
28043,
28042,
28045,0.09527439024390244
28044,
28048,
28049,0.012304209269991264
28050,
28053,
28054,
28055,
28056,
28057,
28058,
28059,
28060,
28061,0.028808481216870244
28062,
28063,
28064,
28065,0.005461645593817417
28066,
28067,
28068,
28069,
28070,
28071,
28072,
28073,
28074,
28075,
28076,
28901,
28078,
28079,0.018757139814510042
28080,0.055529333370352894
28082,0.10867202782003912
28083,
28084,
28085,
28086,
28087,
28088,
28089,
28090,
28091,
28092,
28093,
28094,
28095,
28096,
28097,
28099,
28100,
28101,
28102,
28104,0.07623403849818945
28106,
28107,
28108,
28109,
28110,
28111,
28112,
28113,
28114,
28115,0.0803360341542911
28116,
28117,
28118,
28902,
28119,
28120,
28121,
28122,
28123,0.05380683346785042
28124,
28125,
28126,
28127,0.02108325778499294
28128,
28129,
28130,
28131,0.05418879375745096
28132,
28133,
28134,0.03298080517139025
28135,
28136,
28137,
28138,
28140,
28141,
28143,
28144,
28145,
28146,
28147,
28148,0.05272235653870198
28149,
28150,
28151,
28152,0.08291186468783683
28153,
28154,
28903,0.020512399745646243
28155,
28156,
28157,
28158,
28159,
28160,0.07550018875047189
28161,
28162,
28163,
28164,
28165,
28166,
28167,
28168,
28169,
28171,
28170,
28172,
28173,
28174,
28175,
28176,
28178,
28177,
28179,
28180,
28181,
28182,
28183,
29001,
29002,
29003,
29004,
29005,
29006,
29007,
29008,
29009,
29010,
29011,
29012,
29013,
29014,
29015,0.024184966624746056
29016,
29017,
29018,
29019,
29020,
29021,
29022,
29023,0.25546046749265555
29024,
29025,
29026,
29027,
29028,
29029,2.28310502283105
29030,
29031,
29032,
29033,
29034,
29035,
29036,
29037,
29038,
29039,
29040,
29041,
29042,
29043,
29044,
29045,0.2586652871184687
29046,
29047,
29049,
29048,
29050,
29051,
29052,
29053,
29054,0.012108736453351093
29055,
29056,
29057,
29058,
29059,
29060,
29061,
29062,
29063,
29064,
29065,
29066,
29067,0.07100735185874733
29068,
29069,
29070,
29071,
29072,
29073,
29903,
29074,
29075,0.1903130649919117
29076,
29077,
29079,
29080,0.10447137484329294
29081,
29082,0.040168708576019285
29083,
29084,
29085,
29086,
29087,
29904,
29088,
29089,
29090,
29901,
29091,
29092,
29093,
29094,0.024105969843431725
29095,
29902,
29098,
29096,
29097,
29099,
29100,
52001,
30001,
30002,
30003,
30004,
30005,
30902,
30006,
30007,
30008,0.044964028776978415
30009,
30010,
30011,
30012,
30013,
30014,
30015,
30016,0.004621819610380606
30017,
30018,
30019,
30020,
30021,
30022,
30023,
30024,
30025,
30026,
30027,
30028,
30029,
30030,0.02606717946601383
30031,
30032,
30033,0.062266500622665005
30034,
30035,0.02972209838014564
30036,0.07598784194528876
30901,
30037,0.02681037025121317
30038,
30039,
30040,
30041,
30042,
30043,
31001,
31002,
31003,
31004,
31005,
31006,
31007,
31008,
31009,
31011,
31012,
31010,
31013,
31014,
31015,
31016,
31017,
31018,
31019,
31020,
31025,
31021,
31023,
31024,
31022,
31026,
31027,
31028,
31029,
31030,
31031,
31032,0.4329004329004329
31033,
31034,
31035,
31036,
31037,
31038,
31039,
31040,
31058,
31041,
31042,
31043,
31044,
31901,
31045,
31046,
31047,
31048,
31049,
31050,
31137,
31051,
31052,
31250,
31053,
31905,
31902,
31903,
31054,
31055,
31253,
31056,
31057,
31059,
31060,
31061,
31062,
31063,
31064,
31065,
31066,
31067,
31068,
31069,
31070,
31071,
31193,
31072,
31074,
31075,
31076,
31077,
31078,
31079,
31080,
31081,
31221,
31083,
31087,
31089,
31090,
31091,2.73224043715847
31092,
31094,
31095,
31096,
31097,
31098,
31099,
31082,
31084,
31085,
31100,
31101,
31093,
31102,
31103,
31104,0.4317789291882556
31105,
31106,
31107,
31108,
31109,0.43975373790677225
31110,
31111,
31112,
31113,
31114,
31115,
31116,
31117,
31118,
31119,
31120,
31121,
31256,
31122,
31124,
31259,
31125,
31126,
31127,
31904,
31128,
31129,
31130,
31131,
31132,
31133,
31134,
31135,
31136,
31138,
31139,
31140,
31141,
31142,
31143,
31144,
31145,
31146,
31147,
31148,
31149,
31908,
31150,
31151,
31152,
31153,
31154,
31155,
31156,
31157,
31158,
31159,
31160,
31248,
31161,
31162,
31163,
31164,
31165,
31166,
31167,
31168,
31169,
31170,
31171,
31172,
31173,
31174,
31175,
31176,
31177,
31178,
31179,
31180,
31181,
31182,
31088,
31183,
31185,
31184,
31186,
31187,
31188,
31189,
31190,
31191,
31192,
31195,
31196,
31197,
31906,
31198,
31199,
31211,
31200,
31201,0.014772430704989636
31202,
31203,
31204,
31205,
31206,
31207,
31208,
31209,
31210,
31212,
31213,
31214,
31215,
31217,
31216,
31219,
31220,
31222,
31223,
31224,
31225,
31226,
31227,
31228,
31229,
31230,
31231,
31232,0.027021184608733245
31233,
31234,
31123,
31235,
31236,0.5991611743559018
31237,
31238,
31239,
31240,
31241,
31242,
31244,
31243,
31245,
31246,
31247,
31086,0.09278159213212098
31194,
31260,
31249,
31251,
31252,
31254,
31255,
31257,
31258,
31261,
31262,
31073,
31907,0.06579813133307015
31263,
31264,
31265,
32001,
32002,
32003,
32004,
32005,
32006,
32007,
32008,
32009,
32010,
32011,
32012,
32013,
32014,
32015,
32016,
32018,
32017,
32019,
32020,
32022,
32021,
32023,
32024,0.17692852087756547
32025,
32029,
32026,
32027,
32028,
32030,
32031,
32033,
32034,
32035,
32038,
32039,
32040,
32041,
32042,
32043,
32044,
32045,
32046,
32047,
32048,
32049,
32050,
32051,
32052,
32053,
32054,
32055,
32056,
32057,
32058,
32059,
32060,
32061,
32063,
32064,
32062,
32065,
32066,
32067,
32068,
32069,
32071,
32072,
32073,
32074,
32075,
32076,
32070,
32077,
32078,
32079,
32080,
32081,
32082,
32083,
32084,
32085,
32086,
32087,
32088,
32089,
32090,
32091,
32092,
32032,
32036,
32037,
34001,
34003,
34004,0.29801817910892564
34005,1.1013215859030838
34006,
34009,
34010,
34011,
34012,
34015,
34017,
34018,
34019,
34020,
34022,
34024,
34025,
34027,
34028,
34029,
34031,
34032,
34033,
34035,
34034,
34036,
34037,
34038,
34039,
34041,
34042,
34045,
34046,
34047,0.49726504226752855
34048,
34049,
34050,
34051,
34052,
34053,
34055,
34056,0.8741258741258742
34057,
34058,
34059,
34060,
34061,
34062,
34063,
34066,
34067,
34068,
34069,
34070,
34071,
34072,
34073,
34074,
34076,
34077,
34079,
34080,
34081,
34082,
34083,0.5293806246691372
34084,
34086,
34087,
34088,
34089,
34091,
34092,
34094,
34903,
34096,
34098,
34099,
34100,
34101,
34102,
34103,
34104,
34106,
34107,
34108,
34109,
34110,
34112,
34113,
34114,
34116,
34901,
34120,0.14269036191464524
34121,
34122,
34123,
34124,
34125,
34126,
34127,
34904,
34129,
34130,
34131,
34132,
34133,
34134,
34135,
34136,
34137,
34139,
34140,
34141,
34143,
34146,
34147,
34149,
34151,
34152,
34154,
34155,
34156,
34157,
34158,
34159,
34160,
34161,
34163,
34165,
34167,
34168,
34169,
34170,
34171,
34174,
34175,
34177,
34176,
34178,
34179,
34180,
34181,
34182,1.0309278350515465
34184,
34185,
34186,
34189,
34190,
34192,
34196,
34902,
34199,
34023,
34201,
34093,
34202,
34204,
34205,
34206,
34208,
34210,
34211,
34213,
34214,
34215,
34216,
34217,
34218,
34220,
34221,
34222,
34223,
34224,
34225,
34227,
34228,
34229,
34230,
34231,
34232,
34233,
34234,
34236,
34237,
34238,
34240,
34241,
34242,
34243,
34245,
34246,
35001,0.1755926251097454
35002,
35020,0.13304949441192124
35003,
35004,0.015504597113044017
35005,
35006,0.02595043466978072
35007,
35008,
35009,0.04089143324473522
35010,0.1863932898415657
35011,
35012,0.048609760839976666
35013,0.12766500702157538
35014,
35015,0.0475873227372228
35016,0.013203934772562225
35017,0.023931460297707364
35018,
35019,
35021,
35022,0.027183885392739183
35023,
35024,
35025,
35026,0.009730560772217301
35027,0.07915149596327371
35028,
35029,
35030,
35032,0.2663825253063399
35031,
35033,0.2616088947024199
35034,0.05890322200624374
36020,
36001,
36003,
36002,
36004,
36005,
36006,
36007,
36008,
36009,
36010,0.30156815440289503
36902,
36013,
36014,
36015,
36016,
36017,
36018,
36019,
36021,
36022,
36023,
36901,
36024,
36025,
36026,
36027,
36028,
36029,
36030,
36031,
36032,
36033,
36034,
36035,
36036,
36037,
36041,
36043,
36042,
36044,
36038,
36039,
36040,
36045,
36046,
36047,
36048,
36049,
36050,
36051,
36052,
36053,
36054,
36055,
36056,
36057,0.0034032473786487064
36059,
36058,
36060,
36061,
26001,
26002,
26003,
26004,
26005,
26006,
26007,
26008,
26009,
26010,
26011,
26012,
26013,
26014,
26015,
26016,
26017,
26018,
26019,
26020,
26021,
26022,
26023,
26024,
26026,
26025,
26027,
26028,
26029,
26030,
26031,
26032,
26033,
26034,1.3262599469496021
26035,
26036,
26037,
26038,
26039,
26040,
26041,
26042,
26043,
26044,
26045,
26046,
26047,
26048,
26049,
26050,
26051,
26052,
26053,
26054,
26055,
26056,
26057,
26058,
26059,
26060,
26061,
26062,
26063,
26064,
26065,
26066,
26067,
26068,
26069,
26070,
26071,
26072,
26073,
26074,
26075,
26076,
26077,
26078,
26079,
26080,
26081,
26082,
26083,
26084,
26086,
26087,
26088,
26089,0.013261895920640816
26091,
26092,
26093,
26094,
26095,
26096,
26098,
26099,
26100,
26101,
26102,
26103,
26104,
26105,
26106,
26107,
26109,
26108,
26110,
26111,
26112,
26113,
26114,
26115,
26117,
26118,
26119,
26120,
26121,
26122,
26123,
26124,
26125,
26126,
26127,
26128,
26129,
26130,
26131,
26132,
26139,
26142,
26134,
26135,
26136,
26138,0.3214400514304082
26140,
26141,
26143,
26144,
26145,
26146,
26147,
26148,
26149,
26150,
26153,
26151,
26152,
26154,
26155,
26157,
26158,
26160,
26161,
26162,
26163,
26164,
26165,
26166,
26167,
26168,
26169,
26170,
26171,
26172,
26173,
26174,
26175,
26176,
26177,
26178,
26179,
26180,
26181,
26183,
37001,
37002,
37003,
37004,
37005,
37006,
37007,
37008,
37009,
37010,0.9389671361502347
37011,
37012,
37015,
37013,
37014,
37016,
37017,
37018,
37019,
37020,
37021,
37022,
37023,
37024,
37025,
37026,
37027,
37028,
37029,
37030,
37031,
37032,
37033,
37034,
37035,
37037,
37038,
37039,
37040,
37041,
37042,
37044,
37045,
37046,
37047,
37049,
37050,
37051,
37052,
37054,
37055,
37056,
37057,
37058,
37059,
37060,
37061,
37063,16.666666666666668
37065,
37062,
37067,
37068,
37069,
37070,
37071,
37072,
37073,
37074,
37077,
37078,1.1441647597254005
37079,
37080,
37081,
37082,
37083,
37085,0.13572204125950055
37086,
37087,
37088,
37089,
37090,
37091,
37092,
37185,
37096,
37097,
37098,
37099,
37100,
37101,
37102,
37103,
37114,
37104,
37106,
37107,
37108,
37109,
37110,
37112,
37113,
37115,
37116,
37117,
37118,
37120,
37119,
37121,
37122,
37123,
37124,
37125,
37126,
37127,
37128,
37129,
37130,
37131,
37132,
37133,
37134,
37135,
37136,
37137,
37138,
37139,
37140,
37141,
37142,
37143,
37144,
37145,
37146,
37147,
37148,
37149,
37150,
37151,
37152,
37154,
37155,
37156,
37157,
37158,
37159,
37160,
37161,
37162,
37163,
37164,
37165,
37166,
37167,
37168,
37169,
37170,
37171,
37172,
37173,
37175,
37174,
37176,
37177,
37178,
37179,
37180,
37181,
37183,
37182,
37184,
37186,
37187,
37188,
37189,
37190,
37191,
37192,
37193,
37194,
37195,
37196,
37197,
37198,
37199,
37200,
37201,
37202,
37203,
37204,
37205,
37206,
37207,
37208,
37209,
37211,
37213,
37214,
37215,
37212,
37216,
37217,
37218,
37219,
37221,
37222,
37223,
37224,
37225,
37226,
37228,
37229,
37230,
37231,
37232,
37233,
37234,
37235,
37236,
37237,
37238,
37239,
37240,
37241,
37242,
37243,
37244,
37245,
37246,
37247,
37248,
37249,
37250,
37251,
37252,
37253,
37254,
37255,
37256,
37257,
37258,
37259,
37260,
37261,
37262,
37263,
37264,
37265,
37266,
37267,
37268,
37269,
37270,
37271,
37272,
37273,
37303,
37274,0.041879262087402024
37275,
37276,
37277,
37278,
37284,
37285,
37286,
37287,
37036,
37288,
37289,
37291,
37290,
37292,
37280,
37281,
37282,
37279,
37283,
37293,
37294,
37296,
37297,
37298,
37299,
37300,
37301,
37302,
37304,
37305,
37306,
37307,
37309,
37310,
37311,
37312,
37313,
37314,
37315,
37316,
37317,
37318,
37319,
37320,
37321,
37322,
37323,
37324,
37325,
37327,
37328,
37329,
37330,
37331,
37332,
37333,
37334,
37335,
37336,
37337,
37338,
37339,
37343,
37340,
37341,
37342,
37344,
37345,
37346,
37347,
37348,
37349,
37351,
37352,
37353,
37354,
37355,
37356,
37357,
37358,
37359,
37360,
37361,
37362,
37363,
37364,
37365,
37366,
37367,
37368,
37369,
37370,
37371,
37372,
37373,
37374,
37375,
37350,
37376,
37377,
37378,
37379,
37380,
37381,
37382,
38001,0.020519976196827612
38002,
38003,
38004,
38005,0.12144765606023804
38006,
38007,
38008,
38009,
38010,
38011,0.07026666198222253
38012,
38013,0.2337540906965872
38014,
38015,
38016,
38017,
38018,
38019,
38020,
38021,1.1318619128466327
38022,
38024,0.048430840759395584
38025,0.21944261575597981
38026,
38027,
38901,
38028,0.19881374465688062
38029,
38030,
38031,
38032,0.11370096645821488
38033,
38023,0.025314853490285425
38034,
38035,
38036,0.10797969981643452
38037,0.12948336138806163
38038,0.057536571683376246
38039,0.06672449456195369
38040,
38041,0.1121327651939897
38042,
38043,
38044,
38045,0.21939447125932426
38046,
38047,
38049,
38050,
38048,0.7867820613690008
38051,
38052,
38053,
40001,
40002,
40003,
40004,
40005,
40012,
40006,
40007,
40008,
40009,
40010,
40013,
40014,
40015,
40016,
40017,
40018,
40019,
40020,
40021,
40022,
40024,
40025,
40026,
40028,
40029,
40030,
40031,
40032,
40033,
40034,
40035,
40036,
40037,
40039,
40040,
40041,
40161,
40043,
40044,
40045,
40046,8.333333333333334
40047,
40048,
40049,
40051,
40052,
40053,
40054,
40065,
40055,
40056,
40057,
40058,
40059,
40060,
40061,
40902,
40062,
40063,0.10395010395010396
40905,
40068,
40069,
40070,
40071,
40072,
40073,
40074,
40075,
40076,
40077,0.6887052341597797
40078,
40079,
40080,
40081,
40082,
40083,
40084,
40086,
40087,
40088,
40089,
40091,
40092,
40093,
40094,
40095,
40097,
40099,
40100,
40101,
40103,
40104,
40105,
40106,
40107,
40108,
40109,
40110,
40111,
40112,
40113,
40115,
40903,
40118,
40119,
40120,4.0983606557377055
40121,
40122,
40124,
40123,
40125,
40126,
40127,
40128,
40129,
40130,
40131,
40132,
40134,
40135,
40136,
40138,
40139,
40140,
40141,
40142,
40143,
40144,
40145,
40904,
40146,
40148,
40149,
40150,
40151,
40901,
40152,
40154,
40155,
40156,
40157,
40158,
40159,
40160,
40162,
40163,
40164,
40181,0.19094901661256444
40165,
40166,
40168,
40170,
40171,
40172,
40173,
40174,
40176,
40177,
40178,
40906,
40182,
40183,
40184,
40179,
40180,
40185,
40186,
40188,
40189,
40190,
40191,7.722007722007723
40192,
40193,
40194,0.0195091497912521
40195,
40196,
40198,
40199,
40200,
40201,
40206,
40202,
40203,
40204,
40205,
40207,
40208,
40210,
40211,
40212,
40213,
40218,
40219,
40220,
40221,
40214,
40215,
40216,
40222,
40223,
40224,
40225,
40228,
40229,
40230,
40231,
40233,
40234,
41001,0.4945598417408506
41002,
41003,
41004,0.013236968204802371
41005,
41006,
41007,
41008,
41009,
41010,
41011,
41012,
41013,
41014,
41015,
41016,
41017,0.04466279589102278
41018,
41019,
41020,
41021,
41022,
41023,
41901,
41024,
41025,
41026,
41027,
41028,
41029,0.11516756881262236
41030,
41031,
41032,
41033,
41034,
41035,
41036,
41037,
41903,
41038,
41039,
41040,
41041,0.08026326350429408
41042,
41043,
41044,
41045,
41046,
41047,0.29566117229654815
41048,
41049,
41050,
41051,
41902,
41052,
41053,
41054,
41055,
41056,
41057,
41058,
41059,
41060,
41061,
41062,
41063,
41064,
41065,
41066,
41067,
41068,
41069,
41904,
41070,
41071,
41072,
41073,
41074,
41075,
41076,
41077,
41078,
41079,
41080,
41081,
41082,
41083,
41084,
41085,
41086,
41088,
41087,
41089,
41090,
41091,0.0058459532849872995
41092,
41093,0.11824990145841545
41094,
41095,
41096,
41097,
41100,
41098,
41099,
41101,
41102,
42001,
42003,
42004,
42006,
42007,
42008,
42009,
42010,
42011,
42012,
42013,
42014,
42015,
42016,
42017,
42018,
42019,
42020,0.18480872297172427
42021,
42022,
42023,
42024,
42025,
42026,
42027,
42028,
42029,
42030,
42031,
42032,
42033,
42034,
42035,
42036,
42037,
42038,
42039,
42041,
42042,
42043,
42044,
42045,
42046,
42048,
42049,
42050,
42051,
42052,
42053,
42054,
42055,
42056,
42058,
42057,
42059,
42060,
42061,
42062,
42063,
42064,
42065,
42068,
42069,
42070,
42071,
42073,
42075,
42076,
42078,
42079,
42080,
42081,
42082,
42083,
42084,
42085,
42086,
42087,
42088,
42089,
42090,
42092,
42093,
42094,
42095,
42096,
42097,
42098,
42100,
42103,
42105,
42106,
42107,
42108,
42110,
42111,
42113,1.5060240963855422
42115,
42116,
42117,
42118,
42119,
42120,
42121,
42123,
42124,
42125,
42127,
42128,
42129,
42130,
42131,
42132,
42134,
42135,
42139,
42140,
42141,
42142,
42144,
42145,
42148,
42149,
42151,
42152,
42153,
42154,
42155,
42156,
42157,
42158,
42159,
42160,
42161,
42162,
42163,
42164,
42165,
42166,
42167,
42168,
42171,
42172,
42173,0.025192089683839274
42174,
42175,
42176,
42177,
42178,
42181,
42182,
42183,
42184,
42185,
42187,
42188,
42189,
42190,
42191,
42192,
42193,
42194,
42195,
42196,
42197,
42198,
42200,
42201,
42202,
42204,
42205,
42206,
42207,
42208,
42209,
42211,
42212,
42213,
42215,
42216,
42217,
42218,
42219,
43001,
43002,
43003,
43004,0.10439503079653409
43005,0.3857280617164899
43904,0.4807692307692308
43006,
43007,
43008,
43009,0.5425935973955507
43010,
43011,
43012,
43013,0.4206983592763988
43906,0.5807200929152149
43014,0.0469109161701928
43016,
43015,
43017,
43018,
43019,0.6207324643078833
43020,
43021,
43022,
43023,
43024,
43025,
43026,
43027,
43028,
43029,
43030,
43031,
43032,
43033,
43034,
43035,
43036,
43037,
43903,0.6211180124223603
43038,0.05703855806525211
43907,0.3370975897522333
43039,
43040,
43041,4.424778761061947
43042,
43043,
43045,
43046,
43047,
43048,1.0193679918450562
43049,
43050,
43051,0.35508841701583693
43901,0.08666262241095417
43053,
43054,0.5380683346785041
43055,
43056,
43057,
43058,
43059,
43060,0.28977108084613157
43061,
43062,
43063,
43064,
43065,
43066,
43067,
43068,
43069,
43070,
43071,0.8787346221441125
43072,
43073,
43074,
43076,
43075,
43077,
43078,
43079,
43080,
43081,
43082,
43083,
43084,
43085,3.3557046979865772
43086,0.40360554284945516
43088,
43089,
43090,
43091,
43092,0.15761683347781544
43093,0.1790510295434199
43094,0.6410256410256411
43095,
43096,
43097,
43098,
43100,
43099,
43101,
43102,1.7761989342806395
43103,
43104,
43105,
43106,
43107,
43108,
43109,
43110,
43111,
43112,
43113,
43141,
43114,
43115,
43116,
43117,
43118,
43119,
43120,
43121,
43122,
43123,0.04713246106858716
43124,
43125,0.8952551477170994
43126,
43127,
43128,
43129,
43130,
43131,
43132,
43133,
43134,
43135,
43905,0.07014590347923681
43136,0.13394950103810865
43137,
43902,
43138,0.2658160552897395
43139,0.3700962250185048
43140,0.5797101449275363
43142,
43143,
43144,
43145,
43146,
43044,
43147,
43148,0.08860273487108301
43149,
43150,
43151,
43152,
43153,
43154,
43155,0.17872036220660073
43156,0.31660598385309485
43157,
43158,
43159,
43160,
43161,0.12218466175212804
43162,0.3009781790820166
43163,0.051425779743385365
43164,
43165,
43175,
43166,
43168,
43167,
43169,
43170,
43171,0.08880206020779682
43172,
43173,
43174,
43176,
43177,
43178,
43052,0.8628127696289906
44001,
44002,
44003,
44004,
44005,
44006,
44007,
44008,
44009,
44010,3.401360544217687
44011,
44012,
44013,
44014,
44016,
44017,
44021,
44022,
44023,
44018,
44019,
44020,
44024,
44025,
44026,
44027,
44028,
44029,
44031,
44032,
44033,
44034,
44035,
44036,
44037,
44039,
44038,
44040,
44041,
44042,
44043,
44044,
44045,
44046,
44047,
44048,
44049,
44050,
44051,
44052,
44053,
44054,
44055,
44056,1.5772870662460567
44059,
44060,
44061,
44062,
44063,
44064,
44065,
44066,
44070,
44071,
44067,
44068,
44074,
44075,
44076,
44077,
44080,
44082,
44084,
44085,
44086,
44087,
44088,
44089,
44090,
44092,
44093,
44094,
44096,
44097,
44099,
44100,
44101,
44102,
44103,
44105,
44106,
44107,
44108,
44109,
44110,
44111,
44112,
44113,
44114,
44115,
44116,
44117,
44118,
44119,
44120,
44121,
44122,0.564652738565782
44123,
44124,
44125,
44126,
44127,
44128,
44129,
44130,
44131,
44132,
44133,
44135,
44136,
44137,
44141,
44138,
44142,
44143,
44144,
44145,
44146,
44147,
44148,
44149,
44150,
44151,
44152,
44153,
44154,
44155,
44156,
44157,
44158,
44159,
44160,
44161,
44163,
44164,
44165,
44167,
44168,
44169,
44171,
44172,
44173,
44174,
44175,
44176,
44177,
44178,
44179,
44180,
44181,
44182,
44183,
44184,
44185,
44187,
44189,
44190,
44191,
44192,
44193,
44194,
44195,
44196,
44197,
44198,
44199,
44200,
44201,
44203,
44204,
44205,
44206,
44207,
44208,
44209,
44210,
44211,
44212,
44213,
44215,
44216,
44217,
44218,
44219,
44220,
44223,
44224,
44225,
44227,
44221,
44222,
44226,
44228,
44229,
44230,
44231,
44232,
44234,
44235,
44236,
44237,
44238,
44239,
44240,
44241,
44243,
44244,
44245,
44246,0.40700040700040696
44247,
44249,
44250,
44251,
44252,
44256,
44257,
44258,
44260,
44261,
44262,
44263,
44264,
44265,
44266,
44267,
44268,
45001,
45002,
45003,
45004,
45005,
45006,
45007,
45008,
45009,
45010,
45011,
45012,
45013,
45014,
45015,
45016,
45017,
45018,
45019,
45020,
45021,
45022,
45023,
45024,
45025,
45026,
45027,
45028,
45029,
45030,
45031,
45032,
45033,
45034,
45035,
45036,
45037,
45038,
45039,
45040,
45041,
45042,
45043,
45045,
45046,
45047,
45048,
45049,
45056,
45057,
45050,
45051,
45052,
45053,
45054,
45055,
45058,
45059,
45060,
45061,
45062,
45063,
45064,
45065,
45066,
45067,
45068,
45069,
45070,
45071,
45072,
45073,
45074,
45075,
45076,
45077,
45078,
45079,
45080,
45081,
45082,0.7513148009015778
45083,
45084,
45085,
45086,
45087,
45088,
45089,
45090,
45091,
45092,
45093,
45094,
45095,
45096,
45097,
45098,
45099,
45100,
45101,
45102,
45103,
45104,
45105,
45106,
45107,
45108,
45109,
45110,
45111,
45112,
45113,
45114,
45115,
45116,
45117,
45118,
45119,
45120,
45121,
45122,
45123,
45124,
45125,0.38080731150038083
45126,
45127,
45128,
45129,
45130,
45131,
45132,
45133,
45134,
45135,
45136,
45137,
45138,
45139,
45140,
45141,
45142,
45143,
45144,
45145,
45146,
45147,
45148,
45149,
45150,
45151,
45152,
45153,
45154,
45155,
45156,0.7343941248470012
45157,
45158,
45901,
45159,
45160,
45161,
45162,
45163,
45164,
45165,0.07187608562837668
45166,
45167,
45168,0.011702887102248124
45169,
45171,
45170,
45172,
45173,
45174,
45175,
45176,
45177,
45179,
45180,
45181,
45182,
45183,
45184,
45186,
45185,
45187,
45188,
45189,
45190,
45191,
45192,
45193,
45194,
45195,
45196,
45197,
45198,
45199,
45200,
45201,
45202,
45203,
45204,
45205,
46001,
46002,
46004,
46042,
46043,
46005,0.03372795035245708
46006,
46007,
46008,
46009,
46010,
46011,
46012,
46013,0.040154192097655
46014,
46016,
46015,
46018,
46020,
46019,
46021,0.06189459350725714
46022,
46024,
46025,
46026,
46027,
46023,
46028,
46029,0.03662332906061161
46030,
46031,
46032,
46033,
46034,
46035,
46036,
46037,
46017,
46038,
46039,
46040,
46041,
46003,
46044,
46046,
46045,
46047,
46048,
46049,
46050,
46051,
46052,
46053,
46054,
46055,
46056,
46057,
46904,
46060,
46059,
46058,
46061,
46062,
46063,
46064,
46065,
46066,
46067,
46068,
46069,
46070,
46071,
46072,0.243842965130456
46073,
46074,
46075,
46076,
46077,
46078,
46079,
46080,
46081,
46082,0.1467997651203758
46083,
46084,
46085,
46086,
46087,
46088,
46089,
46257,
46090,
46091,
46092,
46093,
46094,
46095,
46096,
46107,
46106,
46108,
46109,
46111,
46112,
46097,
46098,
46099,
46100,
46105,
46113,
46114,
46115,
46116,0.054638837285542564
46117,
46118,
46119,
46120,
46121,
46122,
46123,
46126,
46128,
46127,
46124,
46125,
46129,
46131,0.05265236277477952
46902,
46130,
46132,
46133,
46134,
46135,
46136,
46137,
46138,
46139,
46140,
46141,
46142,
46144,
46154,
46155,
46147,0.04228687415426252
46152,
46153,
46151,
46156,
46157,
46150,
46148,
46149,
46158,
46159,
46160,
46161,
46162,
46163,
46164,
46165,
46166,
46167,
46168,
46169,
46170,
46171,
46173,
46174,
46175,
46176,
46172,
46177,
46178,
46179,
46180,
46181,0.11943150603129105
46183,
46182,
46184,
46185,
46186,
46187,
46188,
46189,
46190,0.07006628270343745
46191,
46192,
46193,
46194,0.0465397682319542
46195,
46196,
46199,
46202,
46200,
46203,
46197,
46198,
46205,
46201,
46204,
46101,
46102,
46103,
46104,
46206,
46207,
46208,
46209,
46210,
46212,
46211,
46213,
46214,0.08772314575200667
46215,
46216,0.1343183344526528
46217,
46218,0.7867820613690008
46219,
46220,0.014915800307265486
46221,
46903,
46222,
46223,
46224,
46225,
46226,
46227,
46228,
46229,
46230,
46231,
46232,
46233,
46234,
46235,
46236,
46237,
46238,
46239,
46240,
46241,
46242,
46243,
46244,0.047604879500148765
46245,
46246,
46247,
46248,
46249,0.08712319219376198
46250,0.006331165542251666
46251,
46252,
46253,
46254,
46255,
46256,
46258,
46259,1.7094017094017093
46260,
46145,
46143,
46146,
46110,
46261,
46262,
46263,
47001,
47002,
47003,
47004,0.7246376811594203
47005,
47006,
47007,
47008,
47009,
47010,0.14481560146746478
47011,
47012,
47013,
47014,
47015,
47016,
47017,
47018,
47019,
47020,
47021,
47022,
47023,
47024,
47025,
47026,
47027,0.26688017080330934
47028,
47029,
47030,
47031,
47032,
47033,
47034,
47035,
47036,
47037,
47038,
47039,
47040,
47041,
47042,
47043,
47044,
47045,
47046,
47047,
47048,
47049,
47050,
47051,
47052,
47053,
47054,
47055,
47056,
47057,
47058,
47059,
47060,
47061,
47062,
47063,
47064,
47065,
47066,
47067,
47068,
47069,
47070,
47071,
47073,
47074,
47075,
47076,
47077,
47079,
47078,
47080,
47081,
47082,
47083,
47084,
47086,
47085,
47087,
47088,
47089,
47090,
47091,
47092,
47093,
47094,
47095,
47096,
47097,
47098,
47099,
47100,
47101,
47102,
47103,
47104,
47105,
47106,
47109,
47110,
47111,
47112,
47113,
47114,
47115,
47116,
47117,
47118,
47119,
47121,
47122,
47123,
47124,
47125,
47126,
47127,
47129,0.9699321047526673
47130,
47128,
47131,
47132,
47133,
47134,
47135,
47137,
47138,
47139,
47140,
47141,
47142,
47143,
47144,
47145,
47146,
47147,
47148,
47149,
47150,
47151,
47156,
47152,
47153,
47154,
47155,
47157,1.6611295681063123
47158,
47159,
47160,
47161,
47162,
47163,
47164,
47165,0.3423875827436658
47169,
47170,
47166,
47167,
47168,
47171,
47172,
47173,
47174,
47175,
47176,
47177,
47178,
47179,6.8807339449541285
47180,
47181,
47182,
47183,
47186,0.10746368902694987
47184,
47185,
47187,
47188,
47189,
47190,
47191,
47192,
47193,
47195,
47196,
47197,
47198,
47199,
47200,
47203,
47204,
47205,
47206,
47207,
47208,
47209,
47210,
47211,
47212,
47213,
47214,
47215,
47216,
47217,
47218,
47219,
47220,
47221,
47222,
47223,
47224,
47225,
47226,
47227,
47228,
47229,
47194,
47230,
47231,
47232,
49002,
49003,
49004,
49005,
49006,
49007,
49008,
49009,
49010,
49011,
49012,
49013,
49014,
49015,
49016,
49017,
49018,
49019,
49020,
49021,0.22827141471209267
49022,
49023,
49024,
49025,
49026,
49027,
49028,
49029,
49030,
49031,
49032,
49033,
49034,
49035,
49036,
49037,
49038,
49039,
49040,
49041,
49042,
49043,
49044,
49046,
49047,
49048,
49050,1.8115942028985508
49052,
49053,
49054,
49055,
49056,
49057,
49058,
49059,
49061,
49062,
49063,
49064,
49065,
49066,
49067,
49068,
49069,
49071,
49075,
49076,
49077,
49078,
49079,
49080,
49082,
49081,
49083,
49084,
49085,1.0416666666666667
49086,
49087,
49088,
49090,
49091,
49092,
49093,
49094,
49095,
49096,
49097,
49098,
49099,
49100,
49101,
49102,
49103,
49104,
49105,
49107,
49108,
49109,
49110,8.670520231213873
49112,
49111,
49113,
49114,
49115,
49116,
49117,
49118,
49119,
49120,
49121,
49122,
49123,
49124,
49126,
49125,
49128,
49129,
49130,
49127,
49131,
49132,
49133,
49134,
49135,
49136,
49137,
49138,
49139,
49141,
49143,
49142,
49145,
49146,
49147,
49148,
49149,
49150,
49151,
49152,
49153,
49154,
49155,
49156,
49157,
49158,
49160,
49159,
49162,
49163,
49164,
49165,
49166,
49167,
49170,
49168,
49169,
49171,
49172,
49173,
49174,
49175,
49176,
49177,
49178,
49179,
49180,
49181,
49183,
49184,
49185,
49186,
49187,
49188,
49189,
49190,
49191,
49192,
49193,
49194,
49208,
49209,
49197,
49199,
49200,
49201,
49202,
49203,
49204,
49205,
49206,
49207,
49210,
49214,
49216,
49219,
49220,
49221,
49222,
49223,1.1976047904191616
49224,
49225,
49226,
49227,
49228,
49229,
49230,
49231,
49232,
49233,
49234,
49235,
49236,
49237,
49238,
49239,
49240,
49241,
49242,
49243,
49244,
49245,
49246,
49247,
49248,
49249,
49250,1.3783597518952446
49251,
49252,
49255,
49256,
49257,
49258,
49259,
49260,
49263,
49264,
49261,
49262,
49265,
49266,
49267,
49268,
49269,
49270,
49272,
49271,
49273,
49275,0.04975371909050202
50001,
50002,
50003,
50004,
50005,
50006,
50007,
50008,
50009,
50010,
50011,
50012,
50013,
50014,
50015,
50016,
50017,
50018,
50019,
50020,
50021,
50022,
50023,
50024,
50025,
50026,
50027,
50028,
50029,
50030,
50031,
50032,
50033,
50034,4.681647940074907
50035,12.82051282051282
50036,
50037,
50038,
50039,
50040,
50041,
50042,
50043,
50044,
50045,
50046,
50047,
50048,
50901,
50050,
50051,
50052,
50053,
50054,
50055,
50056,
50057,
50058,
50059,
50060,
50061,
50062,
50063,
50064,
50065,
50066,
50067,
50068,0.34234851078397804
50069,
50070,
50071,
50072,
50073,
50074,
50075,
50076,
50077,
50078,
50079,
50080,
50081,
50092,
50093,
50082,
50083,
50084,
50085,
50086,
50087,
50088,
50089,
50090,
50091,
50094,
50095,
50096,
50098,
50099,
50100,
50101,
50102,
50104,
50105,
50106,
50107,
50108,
50109,
50110,
50111,
50113,
50114,
50115,
50116,
50117,
50118,
50119,
50120,
50121,
50122,
50123,
50124,
50125,
50126,
50128,
50129,
50130,
50131,
50132,
50133,
50134,
50135,
50136,
50138,
50137,
50139,
50140,
50141,
50142,
50143,
50144,
50146,
50147,
50148,
50149,
50150,
50151,
50152,
50153,
50154,
50155,
50156,
50160,
50157,
50159,
50161,
50162,
50163,
50902,
50164,
50165,
50166,
50167,
50168,
50169,
50170,
50171,
50172,5.181347150259067
50173,
50174,
50175,
50176,
50177,
50178,
50179,
50180,
50181,
50182,
50183,
50184,
50185,
50186,
50187,
50188,
50189,
50190,
50191,
50192,
50193,
50194,
50195,
50196,
50197,
50198,
50199,
50200,
50201,
50202,
50203,
50204,
50205,
50206,
50207,
50208,
50209,
50210,
50211,
50212,
50213,
50214,
50215,
50216,
50217,
50218,
50219,
50220,
50221,
50222,
50223,
50224,
50225,
50227,
50228,
50229,
50241,
50230,
50231,
50232,
50233,
50234,
50235,
50236,
50237,
50238,
50239,
50240,
50242,
50243,
50244,
50245,
50246,
50247,
50248,
50249,
50250,
50251,
50252,
50253,
50254,
50255,
50256,
50257,
50258,
50259,
50260,
50261,
50262,
50263,
50264,
50265,
50266,
50267,
50268,
50269,
50270,
50271,
50272,
50274,
50273,
50275,
50276,
50277,
50278,
50279,
50280,
50281,
50283,
50284,
50285,
50286,
50287,
50903,
50288,0.4232804232804233
50290,
50289,
50291,
50292,
50293,
50294,
50282,
50295,
50296,
50297,0.0414629920583562
50298,
