CTOT,W3
1003124,1.0
1003125,0.0
1046224,0.0
0908222,1.0
0908223,1.0
1003127,0.0
1003128,1.0
1003131,0.0
1726031,0.0
1003129,0.0
1003130,0.0
1046248,1.0
0908224,0.0
1003132,1.0
1003133,1.0
1003134,1.0
1003135,0.0
1003136,0.0
1726065,0.0
1003137,0.0
1003138,0.0
1003139,0.0
1003904,1.0
1531033,0.0
1003140,0.0
1003901,0.0
1003902,0.0
1003903,0.0
1531013,0.0
1531014,0.0
1531253,0.0
1531249,0.0
1531254,1.0
1531262,0.0
0753006,0.0
1620901,0.0
1620902,0.0
1620906,1.0
0111016,0.0
1531034,0.0
1531251,0.0
1531256,1.0
0753007,0.0
0111017,0.0
1531252,0.0
0111018,0.0
1531255,0.0
0111022,0.0
0111023,0.0
0111024,0.0
0753008,0.0
1110092,0.0
0111025,0.0
0111026,1.0
0111027,1.0
0111028,1.0
0753009,1.0
0111019,0.0
0111020,0.0
0111021,0.0
1531257,0.0
1531258,0.0
1531261,0.0
1726073,0.0
1110093,1.0
1110094,0.0
1531259,0.0
1531260,1.0
0222162,0.0
0222163,0.0
1012001,0.0
1012002,1.0
0111029,0.0
0111030,1.0
0111031,1.0
1531263,0.0
1531264,0.0
1531265,0.0
1531901,0.0
0111032,1.0
0111033,1.0
1620006,0.0
1620903,0.0
1620904,0.0
1620905,0.0
1012003,0.0
1012004,0.0
1012005,1.0
1012006,1.0
1012007,0.0
1012008,1.0
1012009,0.0
1012010,0.0
0244237,0.0
1012011,1.0
1012012,1.0
1012013,1.0
1012014,0.0
1012015,0.0
1012016,0.0
1012017,0.0
0253076,0.0
1012018,0.0
1012020,0.0
1012021,0.0
0753071,0.0
1012022,0.0
1012024,0.0
1110097,1.0
1110101,0.0
1110098,0.0
1531021,0.0
0253077,0.0
1110099,0.0
1110100,1.0
1531035,0.0
1531017,0.0
1531022,1.0
0114006,0.0
0114007,1.0
0114008,0.0
1531018,0.0
1531019,0.0
1531020,0.0
1110102,0.0
1110103,0.0
0111037,0.0
1620907,0.0
0111036,1.0
0250141,0.0
0111034,0.0
0111035,1.0
0753029,0.0
1110107,0.0
1110108,0.0
1110109,0.0
1110110,0.0
1110111,0.0
1110112,0.0
1110113,0.0
1653048,0.0
1110114,1.0
1653000,0.0
1648001,0.0
0709355,0.0
0111038,1.0
0111039,0.0
0705170,0.0
1110115,0.0
1110116,0.0
1110117,0.0
1110118,0.0
1110119,0.0
1110120,0.0
1531023,0.0
1531032,0.0
1531029,0.0
1531030,0.0
1531031,0.0
1531036,0.0
1531037,0.0
1553083,0.0
1531064,0.0
1110134,0.0
0111040,0.0
0111041,1.0
1726022,0.0
0111042,0.0
0111901,1.0
0111902,0.0
0111903,0.0
0114001,1.0
0114002,0.0
0114003,1.0
0114004,0.0
0114005,1.0
1110123,1.0
1232067,0.0
1110132,0.0
0114048,0.0
0114009,0.0
0114049,0.0
0118036,0.0
0114010,1.0
0114018,0.0
0114019,0.0
1110133,0.0
0114024,1.0
0114025,0.0
0114026,0.0
0114027,1.0
0114028,1.0
0114029,0.0
0114030,1.0
1648003,1.0
0114011,0.0
0114050,1.0
1110135,0.0
0114051,1.0
1648078,0.0
1648079,0.0
1110138,0.0
1648043,0.0
1648044,1.0
1648045,1.0
1648046,0.0
0222013,0.0
1110139,0.0
1648080,0.0
1012025,0.0
1012026,1.0
0222020,0.0
1110141,0.0
1012034,1.0
1110142,0.0
1648015,1.0
0114012,0.0
0114013,1.0
0114014,0.0
0222164,0.0
0114015,0.0
0114016,1.0
0114017,0.0
1531078,1.0
1648002,0.0
1648016,0.0
1648017,1.0
1648018,0.0
1648019,0.0
1648020,1.0
1648021,0.0
1648022,0.0
0114020,1.0
0114021,1.0
0114022,1.0
0114023,0.0
0114031,0.0
0114032,0.0
0114033,0.0
1726026,0.0
0114034,0.0
0114035,0.0
0114036,0.0
0114037,1.0
0114038,1.0
0114039,0.0
0114040,0.0
0114041,1.0
0114042,1.0
0114043,0.0
0114044,0.0
0114045,1.0
0114046,0.0
0114047,0.0
0222228,0.0
1648027,1.0
1531067,0.0
0114052,0.0
1648028,0.0
0114066,0.0
1648039,0.0
1648040,0.0
1648041,1.0
1648042,0.0
1531065,0.0
0118001,0.0
0114053,0.0
0114054,0.0
0114055,0.0
0114056,1.0
0114057,1.0
0114058,1.0
0114059,0.0
0114060,0.0
0114061,0.0
0114062,0.0
0114063,1.0
1531066,0.0
0709007,0.0
0114064,0.0
0114065,1.0
1648059,0.0
1648060,1.0
0114067,0.0
0114068,1.0
0114069,0.0
0114070,0.0
0114071,1.0
0747070,0.0
0114072,0.0
0114073,0.0
0114074,1.0
1012036,1.0
1648058,0.0
1648061,0.0
1648062,0.0
0114075,0.0
0114901,0.0
0114902,0.0
1531079,0.0
1215088,0.0
0118037,0.0
0118038,0.0
1648074,1.0
1648075,0.0
1648076,0.0
1648077,0.0
0118039,0.0
1046039,1.0
1012032,0.0
0705072,0.0
1531077,0.0
1012037,0.0
1227002,0.0
0118005,0.0
0118006,0.0
1227004,0.0
1227005,1.0
1110144,0.0
0118002,0.0
0118003,0.0
1227006,1.0
1110145,0.0
1046237,0.0
1012033,1.0
1046043,0.0
1046044,1.0
0118004,0.0
1046085,1.0
1110143,0.0
1046053,0.0
0118007,0.0
1046054,0.0
1227007,0.0
0118011,0.0
0118012,0.0
0118013,0.0
1227008,0.0
1227009,0.0
1227010,0.0
0118014,0.0
0118015,0.0
0118010,0.0
0118016,0.0
0118017,0.0
1648084,1.0
0118018,0.0
0118020,0.0
0118021,0.0
1046055,1.0
1227011,0.0
1648087,0.0
1227020,0.0
1227021,0.0
1227022,1.0
0118028,0.0
0118029,0.0
0250005,0.0
0118022,0.0
0118023,1.0
0118024,0.0
1046086,0.0
0118025,0.0
1531906,0.0
1648082,0.0
1648083,0.0
1227024,0.0
1227025,1.0
1531907,0.0
1531908,0.0
1227026,1.0
1553059,0.0
1046225,1.0
0118027,0.0
1553062,0.0
0118030,0.0
0118032,0.0
0118033,0.0
0118034,0.0
1553067,0.0
1553068,0.0
1553069,0.0
1553070,0.0
1553078,0.0
1531904,0.0
1531905,0.0
1553080,1.0
1553081,0.0
1110146,0.0
1553060,0.0
1553061,0.0
1553063,1.0
1553064,0.0
1553065,0.0
1553066,0.0
1110147,0.0
1110148,0.0
1046226,0.0
1227027,0.0
1227028,0.0
1046227,0.0
0705077,1.0
1601001,1.0
1601002,1.0
1601014,0.0
1046216,1.0
1726086,0.0
1648097,0.0
1648901,1.0
1648902,1.0
1648903,0.0
1232065,0.0
0705078,0.0
1726003,0.0
1232066,0.0
0709068,0.0
1531080,0.0
1531081,0.0
1232063,1.0
1232064,0.0
1232068,0.0
1046228,1.0
1232069,0.0
1232070,0.0
1232071,0.0
1232072,0.0
0118040,1.0
0118035,0.0
0118042,0.0
0118043,0.0
1232080,0.0
1232081,0.0
1232082,0.0
1726087,0.0
1232088,1.0
1046219,1.0
1046220,1.0
1110203,1.0
0705084,0.0
1232089,0.0
1232090,0.0
1232091,0.0
1046221,1.0
1236002,0.0
1236003,1.0
1236004,0.0
1046222,0.0
0118047,1.0
1236013,1.0
1046223,1.0
1046217,0.0
1046218,0.0
1046229,0.0
1046230,1.0
1726009,0.0
0118044,0.0
0250231,1.0
1726004,0.0
1726005,0.0
1726006,0.0
1726007,0.0
0250162,1.0
1726008,0.0
1726010,0.0
1046056,0.0
0250163,0.0
0118045,0.0
0118046,0.0
0753031,0.0
0118048,0.0
0118049,0.0
0753032,0.0
1726017,0.0
1726021,0.0
0753033,0.0
1726023,0.0
1726024,0.0
1046064,0.0
1046231,1.0
1726025,0.0
1046065,1.0
1046232,1.0
1046233,1.0
1046234,0.0
1046235,1.0
1046236,1.0
1046040,0.0
1046066,0.0
1046038,0.0
1726157,0.0
1046041,0.0
1046042,1.0
0753034,0.0
1046045,0.0
1046046,0.0
0250239,0.0
0250240,0.0
1046047,0.0
1046048,0.0
1012131,0.0
0118050,0.0
0705085,0.0
0118051,0.0
0118053,0.0
0118054,0.0
0118056,0.0
1110164,0.0
1046049,0.0
1046050,0.0
1046051,0.0
1046052,0.0
1046057,0.0
1046058,0.0
1046240,0.0
1046059,0.0
1046060,0.0
1046061,0.0
1046241,0.0
1046062,1.0
1046063,0.0
0753010,0.0
1046067,0.0
1046068,0.0
1046069,0.0
1726075,0.0
1046070,1.0
1236016,0.0
1236017,0.0
1110149,0.0
1726076,0.0
1110159,0.0
1046242,0.0
1110160,0.0
1110161,0.0
1110162,0.0
1110163,0.0
0250176,0.0
1046239,0.0
1726077,0.0
1046243,0.0
1046244,1.0
0250188,0.0
0250189,0.0
1046245,1.0
1110184,0.0
1236021,0.0
1236022,0.0
1236023,1.0
1236024,1.0
1110185,0.0
1110186,0.0
1110165,1.0
1110187,0.0
0709382,0.0
1110166,1.0
1012078,0.0
1110172,1.0
1726028,0.0
1726027,0.0
1726029,0.0
1726030,0.0
0118057,0.0
0753035,0.0
0118059,0.0
1110188,0.0
0753036,0.0
0753037,0.0
0753038,0.0
1110183,0.0
1012073,1.0
1110192,0.0
1012074,0.0
1012079,0.0
1012080,1.0
1046083,0.0
1012081,0.0
0753039,0.0
1726080,0.0
1726081,0.0
0129036,0.0
1046084,1.0
1012077,0.0
1012072,0.0
0753040,0.0
1012075,0.0
1012076,0.0
0222167,0.0
1046087,0.0
1046088,0.0
1046089,0.0
1726082,0.0
1726083,0.0
1726084,0.0
0222168,1.0
1046090,0.0
1046091,0.0
0222176,0.0
1012105,0.0
0222202,0.0
0118061,0.0
0118062,1.0
0118063,0.0
0118064,0.0
0118065,0.0
1012106,1.0
1012107,0.0
1012108,0.0
1012109,0.0
1012110,0.0
1726088,0.0
1726091,0.0
0222233,0.0
1110193,0.0
1726092,0.0
0709019,0.0
1110194,0.0
1110195,0.0
1110196,0.0
0118066,0.0
0244187,0.0
0118067,0.0
0118068,0.0
0118069,0.0
0250028,0.0
0118070,0.0
0118071,0.0
0118072,0.0
0118074,0.0
0118076,0.0
1012133,0.0
1110197,0.0
1012137,0.0
1012138,1.0
1012139,0.0
1110201,0.0
1110202,0.0
1012130,0.0
0250010,1.0
1110204,0.0
1110205,0.0
1110206,0.0
1012132,1.0
0222064,0.0
1012134,0.0
1012140,1.0
1012135,0.0
1012136,0.0
1012141,0.0
1046904,0.0
1106001,0.0
0118077,0.0
1012142,0.0
1012901,0.0
0118078,0.0
1726093,0.0
1046247,0.0
1046246,1.0
1726094,0.0
1726095,0.0
1726096,0.0
1106005,0.0
1106006,0.0
1106007,1.0
1726032,0.0
1726033,0.0
1726035,0.0
1046903,0.0
1726042,0.0
1106002,0.0
1106003,0.0
1106004,0.0
1106008,0.0
1106009,0.0
1726043,0.0
1106010,0.0
1726034,0.0
0118079,0.0
1726038,0.0
1726039,0.0
1726040,1.0
1726041,0.0
1726044,0.0
1726045,0.0
0118083,0.0
1531084,0.0
1531085,0.0
0747020,0.0
1726046,0.0
0118084,0.0
0118085,0.0
0118086,0.0
0118087,1.0
1531086,0.0
1531087,0.0
0244112,0.0
0118082,1.0
1726054,0.0
1726055,0.0
0250014,0.0
1726056,0.0
0118095,0.0
0250015,0.0
0118088,0.0
0118089,1.0
0118093,0.0
0118094,0.0
0118102,1.0
0118103,0.0
0118105,0.0
1726057,0.0
1726058,0.0
0118111,1.0
0118096,0.0
0118097,0.0
0118098,1.0
0118099,0.0
0118100,0.0
0118101,0.0
0118106,0.0
0118112,0.0
0118107,0.0
0118108,0.0
0118109,0.0
1726059,0.0
0118115,0.0
0709184,0.0
0118114,0.0
0709139,0.0
1726060,0.0
1726064,0.0
0118116,0.0
1726066,0.0
1726067,0.0
1726068,0.0
1601030,0.0
1726069,1.0
1726070,0.0
0250019,0.0
1726071,1.0
1726072,0.0
1106035,1.0
1106036,1.0
1726074,0.0
1601017,0.0
1601018,0.0
1601019,0.0
0709154,0.0
0709155,0.0
0118117,0.0
0709159,0.0
0118119,0.0
1726078,0.0
0244204,0.0
0118120,0.0
1726079,0.0
0118121,0.0
0118122,1.0
0118123,0.0
0118133,0.0
0118134,0.0
0118135,0.0
0118136,0.0
0118137,0.0
0118124,0.0
0118126,0.0
0118127,0.0
0118128,0.0
0118132,0.0
1601028,1.0
0118145,0.0
0118138,0.0
0118140,1.0
0118141,0.0
0118143,0.0
0118144,0.0
0724082,0.0
0118146,0.0
0118147,0.0
0118148,0.0
0118149,0.0
1601047,0.0
0118150,0.0
0244207,0.0
0118151,0.0
0118152,1.0
1601049,0.0
0118153,1.0
0118154,0.0
0118157,0.0
0118158,0.0
0118159,0.0
0118161,0.0
1601051,1.0
0244208,0.0
0118162,0.0
0118163,0.0
0118164,1.0
0118165,0.0
0118167,0.0
0118168,0.0
0118170,0.0
0118171,1.0
0118173,1.0
0118174,0.0
0118175,1.0
1601052,0.0
0118176,0.0
0118177,0.0
0118178,0.0
0118179,0.0
1601053,0.0
0816147,1.0
0118180,0.0
0943129,1.0
0118181,0.0
0943130,0.0
0118182,0.0
0118183,0.0
0118185,0.0
0118187,0.0
0118184,0.0
0222086,0.0
0118188,0.0
0118189,0.0
0222087,0.0
0118192,0.0
0118193,0.0
0816163,1.0
0118194,1.0
0118901,0.0
0118908,0.0
0118902,0.0
1601056,0.0
0118903,0.0
0118904,0.0
1601057,0.0
0222088,0.0
0118905,0.0
1726099,0.0
0118906,0.0
0118907,0.0
0250259,1.0
0118909,0.0
0121033,0.0
0737123,0.0
0118910,0.0
0118911,1.0
0121048,0.0
0118912,0.0
0118913,0.0
0118914,0.0
0118915,0.0
0118916,0.0
0121002,1.0
0121003,0.0
0121004,0.0
0121005,1.0
0121006,0.0
0121007,0.0
0121008,0.0
0121001,0.0
0121009,0.0
0121010,1.0
0121011,1.0
0121012,0.0
0121013,0.0
0121059,0.0
0121060,0.0
0121014,1.0
0121019,0.0
0121015,0.0
0121026,0.0
0121016,1.0
0121017,0.0
0121018,0.0
0753041,0.0
0121020,0.0
0121021,1.0
0121022,0.0
0121023,0.0
1726098,0.0
0121027,0.0
0121028,0.0
0121029,0.0
0709243,0.0
0121024,0.0
0121025,0.0
0121030,0.0
0121031,0.0
0121032,0.0
0250260,0.0
0121034,0.0
0121035,0.0
0121066,0.0
0121036,0.0
0121037,0.0
1726100,0.0
0121038,0.0
0121039,0.0
0121040,1.0
0121041,1.0
0121042,0.0
1726101,0.0
0121043,0.0
0121044,0.0
0250261,0.0
0121045,1.0
0121046,0.0
0121047,0.0
0121049,0.0
0121050,1.0
0222206,0.0
0121051,1.0
0121052,0.0
0121053,0.0
0753042,0.0
0121054,0.0
0121055,0.0
0121056,0.0
0121057,0.0
0121058,0.0
1726161,0.0
0121061,0.0
0121062,0.0
0121063,0.0
0121064,1.0
0121065,0.0
0709244,0.0
0121067,0.0
0121068,0.0
0121069,0.0
0121070,0.0
0123031,0.0
0753043,0.0
0121071,0.0
0121072,0.0
0121073,0.0
1620008,0.0
0121074,0.0
1726107,0.0
0121075,0.0
0121076,0.0
0753044,0.0
0121077,0.0
0121078,0.0
0121079,0.0
0121902,0.0
0123001,0.0
0123002,0.0
0123003,0.0
1726110,0.0
0123004,0.0
0123005,1.0
0123006,1.0
1726111,0.0
0123007,0.0
0123008,0.0
0123009,1.0
0753045,0.0
0123010,1.0
0123011,0.0
0123012,0.0
1726112,0.0
0753046,0.0
0123014,0.0
1726113,0.0
0123015,0.0
1726114,0.0
0724002,0.0
0123016,0.0
0709070,0.0
0123017,0.0
0123018,0.0
0123019,0.0
0123020,0.0
0123021,0.0
0123024,0.0
0123025,1.0
1726115,0.0
1726117,0.0
0123026,1.0
0724007,0.0
0123027,0.0
0123028,1.0
0123029,0.0
1726118,1.0
0709073,0.0
0123030,0.0
0709079,0.0
0123032,0.0
0123035,0.0
0123033,0.0
1726119,0.0
0123060,0.0
0709082,0.0
0123034,0.0
0129020,0.0
0123037,0.0
0123038,0.0
0222212,0.0
1106051,0.0
0222177,0.0
0222213,1.0
0123039,0.0
0123040,0.0
1726120,0.0
0123041,0.0
1726121,0.0
0740081,0.0
0123042,0.0
0123043,0.0
1726122,0.0
0123044,0.0
0123045,0.0
0123046,0.0
0123047,0.0
0123048,0.0
0123049,0.0
0123050,1.0
0123051,0.0
0740082,0.0
0123052,0.0
1726123,0.0
0123053,0.0
0709115,0.0
0123054,0.0
0123055,1.0
1601058,0.0
1601059,1.0
0123056,0.0
1601060,0.0
0123057,0.0
1601061,0.0
0123058,0.0
0123059,0.0
0123061,0.0
1106111,0.0
0123062,0.0
0123063,0.0
0123064,0.0
0123065,1.0
0123066,1.0
0129058,0.0
0123067,0.0
1726124,0.0
0123069,1.0
0123070,1.0
0123071,0.0
1726125,0.0
0244116,0.0
0123072,0.0
0123073,0.0
0123074,0.0
0123075,0.0
0705025,0.0
0123076,0.0
0123077,0.0
0123079,0.0
0123080,0.0
0123081,0.0
0123082,0.0
0123084,0.0
0123085,0.0
0123086,1.0
0123087,0.0
0222234,0.0
0123088,0.0
0222242,0.0
0123090,0.0
1726126,0.0
0123091,0.0
0123092,1.0
0123093,0.0
0123094,0.0
0123095,0.0
0123096,0.0
0123097,0.0
0123098,0.0
0705026,0.0
0123099,0.0
0123101,0.0
1601062,0.0
0123901,0.0
0123902,1.0
0222243,0.0
0123903,0.0
0123904,0.0
0123905,0.0
0709160,0.0
0153050,0.0
1726127,0.0
0129001,1.0
1726128,0.0
0129002,0.0
0222244,0.0
0129003,0.0
0129004,0.0
0244123,0.0
0129005,0.0
0129006,0.0
0129007,0.0
0129021,0.0
0129008,1.0
1620001,0.0
0747021,0.0
0129009,0.0
0129010,0.0
0129011,0.0
0129012,1.0
0129013,0.0
0129028,0.0
0129014,0.0
0129015,1.0
1620005,0.0
0129016,0.0
0129017,0.0
0129018,0.0
1653002,0.0
0129019,1.0
0129022,0.0
1620002,0.0
0129023,0.0
1620003,0.0
1620004,0.0
0129024,0.0
0129025,0.0
0129026,0.0
0129027,0.0
0129029,0.0
0747071,0.0
0129030,0.0
0747168,0.0
0129031,1.0
0129032,1.0
0129033,0.0
0129034,0.0
0129035,1.0
0129037,0.0
0129038,0.0
0129044,0.0
0129045,0.0
0129046,0.0
0129039,1.0
0129040,0.0
0129041,1.0
0749061,0.0
0129042,1.0
0129043,1.0
1620007,0.0
0129047,0.0
0129048,0.0
0129049,0.0
0129063,0.0
0129050,0.0
0129051,1.0
0244220,0.0
0129052,0.0
1620009,1.0
0129053,0.0
0129054,0.0
0129055,0.0
1620010,0.0
0250053,0.0
0129056,0.0
0129057,0.0
0129066,0.0
0129067,1.0
0129059,0.0
0141001,1.0
0141002,0.0
0129060,0.0
0129061,1.0
0129062,0.0
0222214,0.0
1236030,1.0
0222221,0.0
0129064,0.0
1236031,0.0
0129065,0.0
1236032,0.0
0222245,0.0
0129068,0.0
0129069,1.0
0129070,0.0
0129071,0.0
0244003,0.0
0129072,0.0
0250054,0.0
0250055,1.0
0129073,0.0
1236033,1.0
0129074,0.0
0129075,1.0
0129076,0.0
1620011,0.0
0129077,0.0
1620012,0.0
0244006,0.0
0129079,0.0
0129080,1.0
0129081,0.0
0129082,0.0
0141086,1.0
0141087,0.0
0129083,0.0
0129084,1.0
0250070,0.0
0129085,0.0
1236039,0.0
0129086,0.0
0250265,0.0
0129087,0.0
0129088,0.0
0129089,0.0
0129090,0.0
0129091,0.0
0129092,0.0
0129093,0.0
0129094,0.0
0244147,0.0
0129095,0.0
0250277,0.0
0129096,0.0
0129097,0.0
0141003,0.0
0129098,0.0
0141004,0.0
0141005,0.0
0244148,0.0
0129099,1.0
0129100,0.0
0141088,0.0
0129901,0.0
0129902,0.0
0129903,0.0
0129904,0.0
0141006,0.0
0250281,0.0
0141007,0.0
0141008,0.0
0141009,0.0
0141019,0.0
0141010,0.0
0141011,1.0
0141012,0.0
0141013,1.0
1726163,1.0
0141014,1.0
0141015,0.0
0141016,1.0
0141017,0.0
0141018,1.0
0141020,0.0
0141021,1.0
0244025,1.0
0141022,1.0
0141092,1.0
0141023,1.0
0141024,0.0
0141029,0.0
0141030,0.0
0141025,0.0
0141031,0.0
0141032,0.0
0141033,1.0
0244226,0.0
0141026,1.0
0141027,0.0
0141028,0.0
0141034,0.0
0141044,0.0
0141045,1.0
0141035,0.0
0141036,0.0
0141037,1.0
0141038,1.0
0141039,0.0
0141040,1.0
0141041,1.0
0141042,0.0
0709451,0.0
0141043,0.0
0141046,1.0
0141054,0.0
0141055,0.0
0141047,0.0
0141048,0.0
0141049,1.0
0141061,0.0
0141050,1.0
0141051,0.0
0141052,1.0
0141053,1.0
1236040,0.0
1236041,0.0
0141901,1.0
0141056,1.0
0141057,0.0
0222008,0.0
0141058,1.0
0244227,0.0
0141059,0.0
0141060,1.0
0244228,0.0
0141062,0.0
0222067,0.0
0141063,0.0
0141084,0.0
0141085,0.0
0141064,0.0
0141065,0.0
0141066,0.0
0141067,1.0
0141068,1.0
0141069,0.0
0222075,0.0
0141070,0.0
0141071,1.0
0222079,0.0
0141072,1.0
0141073,0.0
1620048,0.0
0141074,0.0
0244063,0.0
0141075,1.0
0141076,0.0
0141077,0.0
0753052,0.0
0141078,0.0
0141079,0.0
0141080,1.0
0141081,1.0
0141082,1.0
0141083,0.0
0753011,0.0
1236048,0.0
0222089,0.0
0141089,0.0
0141090,0.0
0141091,1.0
1236049,0.0
0141093,0.0
0141094,1.0
0141095,0.0
0141096,0.0
0141097,0.0
0141098,0.0
0141099,0.0
0141100,0.0
0709454,0.0
0141101,1.0
0141102,0.0
0753012,0.0
1236053,0.0
0222095,0.0
0141902,1.0
0244229,0.0
0141903,0.0
0141904,0.0
0222009,0.0
0753053,0.0
0753054,0.0
0222001,0.0
0222002,0.0
0222003,0.0
0222011,1.0
0222012,0.0
0222004,0.0
0709455,0.0
0222006,0.0
0222007,0.0
0222014,0.0
0222015,0.0
0705117,0.0
0222016,0.0
0222017,0.0
0222022,0.0
0222018,0.0
0222019,0.0
0222021,0.0
0222023,0.0
0222024,0.0
0222025,0.0
0222045,0.0
0222027,0.0
0222028,1.0
0222029,0.0
0222032,0.0
0222035,1.0
0222036,0.0
0222050,0.0
0222051,0.0
0222037,0.0
0222096,0.0
0222039,0.0
0222052,0.0
0222040,0.0
0222041,0.0
0222042,0.0
0222043,0.0
0222061,1.0
0222044,0.0
0222046,0.0
0222047,0.0
0222106,0.0
0222107,0.0
0222048,1.0
0222049,0.0
0222053,1.0
0222054,1.0
0222055,0.0
0222057,0.0
0222058,0.0
0222059,1.0
0222060,0.0
0222062,0.0
0222063,0.0
0222066,1.0
0709456,0.0
0222068,0.0
0222080,0.0
0222081,0.0
0222069,0.0
0222072,0.0
0222074,1.0
1106055,0.0
0705141,0.0
0222076,0.0
0222077,0.0
0222082,0.0
0222078,0.0
0753013,0.0
1106056,0.0
0222084,0.0
0222083,0.0
0222085,0.0
0222090,0.0
0222094,0.0
0250071,0.0
0222099,0.0
0222102,0.0
0753014,0.0
0222103,0.0
1236054,0.0
0222105,0.0
0753015,0.0
1106057,0.0
0244080,0.0
0222109,0.0
0250196,0.0
0222110,0.0
1106058,0.0
0250075,0.0
0222111,0.0
0222112,1.0
0222178,0.0
0222113,0.0
0222114,0.0
0222115,0.0
0222127,0.0
0222116,0.0
0222117,1.0
0222181,0.0
0222119,0.0
0222122,0.0
0222124,1.0
0222125,1.0
0222126,0.0
0222128,0.0
0222135,0.0
0222129,0.0
0222130,1.0
0222131,0.0
0222133,0.0
1236055,0.0
0222139,0.0
0250078,0.0
0222136,0.0
0250083,0.0
0753016,0.0
0222137,0.0
0753017,0.0
0753018,0.0
0222141,0.0
0222142,0.0
0250198,0.0
0222143,0.0
0222156,0.0
0222157,0.0
0222144,0.0
0222149,0.0
0222150,0.0
0753019,0.0
0222151,0.0
0222155,0.0
0753020,0.0
1236056,0.0
1236057,0.0
1236058,0.0
1236059,0.0
1236060,1.0
1236061,0.0
1236901,0.0
1236902,0.0
1328001,0.0
1328002,0.0
1328003,0.0
0222160,0.0
0222158,0.0
0222165,0.0
0734001,0.0
1328004,0.0
1328005,0.0
1328006,1.0
1328007,0.0
1328008,0.0
1328009,1.0
0222184,0.0
0734015,0.0
0222170,0.0
0222172,0.0
0222173,0.0
1328010,1.0
1328011,0.0
0222174,0.0
0747073,0.0
0222175,0.0
1106059,0.0
1106060,0.0
0222186,0.0
0222182,1.0
0734032,0.0
0222187,0.0
0222190,0.0
0222193,0.0
0222188,0.0
0222195,0.0
0222189,0.0
0734033,0.0
0222197,0.0
0222199,0.0
1106061,0.0
1106062,0.0
0222200,0.0
0222201,0.0
0222203,0.0
0222204,0.0
1328012,0.0
1328013,1.0
0250084,0.0
0222205,0.0
0250085,0.0
0222207,0.0
0222222,0.0
0222208,0.0
0222209,0.0
0724113,0.0
0222215,0.0
0734034,0.0
0222217,1.0
0222218,0.0
0222220,0.0
0222223,0.0
0222226,0.0
0222227,0.0
0222225,0.0
0222229,0.0
0222230,0.0
0222232,0.0
0734116,0.0
0222235,0.0
0222236,0.0
0222239,0.0
0705171,0.0
0222246,0.0
0222247,0.0
0222248,0.0
0222249,0.0
0734120,0.0
0734121,0.0
0222250,0.0
0222251,0.0
0222253,0.0
0222252,0.0
0244031,0.0
0222254,0.0
0222902,0.0
0222901,0.0
0222903,0.0
0222906,0.0
0222907,1.0
0244032,0.0
0222904,0.0
0222905,0.0
1328014,0.0
1328015,1.0
1328016,0.0
1328017,0.0
0253049,0.0
0222908,0.0
0222909,0.0
0244035,0.0
0244001,0.0
0244002,1.0
0244004,0.0
0244005,0.0
0737218,0.0
0244007,1.0
0244008,0.0
0244009,1.0
0244010,1.0
0244014,0.0
0244011,0.0
0244018,0.0
0244012,0.0
0244019,0.0
0244013,1.0
0244016,0.0
0244020,0.0
0244017,0.0
0244021,0.0
0737219,0.0
0244022,0.0
0244023,0.0
0244024,0.0
0244026,0.0
0244036,0.0
0244037,0.0
0740126,0.0
0244027,0.0
0244040,0.0
0244028,1.0
0244029,0.0
0244033,0.0
0244034,0.0
0740127,0.0
0244038,0.0
0244039,0.0
0407065,0.0
0244041,0.0
0244042,0.0
0250090,0.0
0244043,0.0
0244045,0.0
0244044,0.0
0244046,0.0
0244047,0.0
0244048,0.0
0244061,0.0
0244049,0.0
0244050,1.0
0244051,0.0
0244052,0.0
0244053,0.0
0244062,0.0
0250091,0.0
0244054,0.0
0244055,0.0
0244056,0.0
0244059,1.0
0244060,0.0
0734179,0.0
0244064,0.0
0244065,0.0
0244066,0.0
0244067,0.0
0250108,0.0
0244068,0.0
0244070,0.0
0244071,0.0
0747025,0.0
0244074,0.0
1328024,0.0
0244075,0.0
0244124,0.0
0244076,1.0
0244077,0.0
0244082,0.0
0244084,0.0
0244085,0.0
0244087,0.0
0244088,0.0
0244086,0.0
0244089,0.0
0244090,0.0
0244092,0.0
0244093,0.0
0244094,0.0
0244096,0.0
0244103,1.0
0244097,0.0
0244099,0.0
0244100,0.0
0244101,0.0
0244102,0.0
0244105,0.0
0244106,0.0
0250111,0.0
0244107,0.0
0244108,0.0
0244111,0.0
0244109,0.0
0244110,0.0
0747026,0.0
0244113,1.0
0244128,0.0
0244114,0.0
0244115,1.0
0244117,0.0
0244129,0.0
0244118,0.0
0250117,0.0
0244119,0.0
0244120,0.0
0244121,0.0
0244130,0.0
0244122,0.0
0734180,0.0
0244125,0.0
0244126,0.0
0244127,0.0
0244131,0.0
0244132,0.0
0244133,0.0
0244135,0.0
0244142,0.0
0244136,0.0
0244137,0.0
0244138,0.0
0244141,0.0
0244143,1.0
0244146,0.0
0737259,0.0
0244144,0.0
0244145,0.0
0737266,0.0
0244149,0.0
0244150,0.0
0244151,1.0
0244152,0.0
0244197,0.0
0244153,0.0
0244155,1.0
0244154,0.0
0244156,0.0
0244157,0.0
1328025,0.0
1328026,0.0
0244158,0.0
1328027,0.0
1328028,0.0
0244159,0.0
0244160,1.0
1328029,0.0
0244161,0.0
0709117,0.0
0244163,0.0
0244164,1.0
1328030,0.0
1328031,0.0
0244165,1.0
0740093,0.0
0244167,0.0
0244168,0.0
0244169,1.0
0244171,1.0
0244174,0.0
0244172,0.0
0244173,0.0
0244175,0.0
0244176,0.0
1328032,0.0
0244178,0.0
0244177,1.0
0244198,0.0
1328033,0.0
1328034,0.0
0244180,0.0
0244179,0.0
1328035,0.0
1328036,0.0
1328037,0.0
0244184,0.0
0244185,0.0
0244181,1.0
0709337,0.0
0244182,0.0
0244183,0.0
0244189,0.0
0244190,0.0
1531094,0.0
0244191,0.0
0244192,0.0
0244193,1.0
0244199,0.0
0244194,0.0
0244195,1.0
0244196,0.0
0244200,0.0
1328038,0.0
1328039,0.0
0244201,0.0
0244203,0.0
1328040,0.0
1328041,1.0
1328042,0.0
1328043,0.0
0244205,0.0
1328044,0.0
1328045,1.0
0244209,1.0
0244206,1.0
0250209,0.0
0244210,1.0
0244211,0.0
0244212,0.0
0244213,0.0
0709338,0.0
0244215,0.0
0244216,0.0
0244218,0.0
0244217,0.0
0244219,0.0
0244221,0.0
0244222,0.0
0250190,0.0
0244223,0.0
0244224,0.0
0244225,0.0
0244230,0.0
0244231,1.0
0244232,0.0
0244236,0.0
0244234,0.0
0244235,0.0
0244238,0.0
0244239,0.0
0709339,0.0
0244240,1.0
0244241,0.0
0244243,0.0
0244244,1.0
0244245,0.0
0244246,0.0
0244247,0.0
0244249,0.0
0244250,0.0
0740094,1.0
0244251,0.0
0244252,0.0
0244256,0.0
0740095,0.0
0244257,0.0
0244262,0.0
0244258,0.0
0244263,0.0
0244260,0.0
0244261,0.0
1531088,0.0
0244268,0.0
0244264,0.0
0244265,0.0
0244266,0.0
0244267,0.0
1531089,0.0
0250001,0.0
0250002,0.0
0709279,1.0
0250003,0.0
0250004,0.0
0250006,0.0
0250007,0.0
0250214,0.0
0250008,0.0
0250009,0.0
0709280,0.0
0250011,0.0
0250012,0.0
0250013,0.0
0250016,0.0
1531090,0.0
0709281,0.0
0250017,0.0
0749013,0.0
0250018,0.0
0250020,0.0
0250021,0.0
0250027,0.0
0250022,0.0
0250023,0.0
0250024,0.0
0250025,0.0
1726129,0.0
0250026,0.0
0250029,0.0
0250036,0.0
0250030,0.0
0250033,0.0
0250031,0.0
0250034,0.0
0250032,0.0
0250035,1.0
0250215,0.0
0250037,0.0
0250039,0.0
0250038,0.0
0250040,0.0
0250041,0.0
0250042,0.0
0250043,0.0
0250044,0.0
0250045,0.0
0250046,0.0
0250052,0.0
0250047,0.0
0250048,0.0
0250050,0.0
0250051,0.0
0250056,0.0
0250057,0.0
0250058,0.0
0747078,0.0
0250059,0.0
0250060,0.0
0250061,0.0
0250062,0.0
0250063,0.0
0250064,0.0
0250065,0.0
0250066,1.0
0250067,0.0
0250068,0.0
0250069,0.0
0742054,0.0
0250072,0.0
0250073,0.0
0250074,1.0
0250076,0.0
0250077,0.0
0250079,0.0
0250080,0.0
0250081,0.0
0250082,0.0
0250086,0.0
0250118,0.0
0250087,0.0
0250088,0.0
0250089,1.0
0742060,0.0
0250092,0.0
0250093,0.0
0250094,1.0
0250095,0.0
0250096,0.0
0250121,0.0
0250098,0.0
0250099,0.0
0250100,0.0
0709403,0.0
0250101,0.0
0250102,0.0
0709405,0.0
0250104,0.0
1726132,0.0
0250105,0.0
0250106,0.0
1726134,1.0
0709417,1.0
0250107,0.0
0734202,0.0
0250109,0.0
0250110,0.0
0250113,0.0
0250114,0.0
0250115,0.0
0250116,0.0
0250119,0.0
0250120,0.0
0734204,0.0
0250122,0.0
0250124,0.0
0740097,1.0
0250123,0.0
0709119,0.0
1726146,0.0
0250128,0.0
0250247,0.0
0250125,0.0
0250126,0.0
0250248,0.0
0250129,0.0
0250130,0.0
0250140,0.0
0250131,0.0
0250132,0.0
0250133,0.0
0250134,0.0
0250135,0.0
1726147,0.0
1726148,0.0
0250136,0.0
0250137,0.0
0250138,0.0
0250139,0.0
0250142,0.0
0250143,0.0
0740118,0.0
0250144,0.0
0250146,0.0
0250250,0.0
0250251,1.0
0250147,0.0
0250148,0.0
0250149,0.0
0250154,0.0
0250150,0.0
0250151,0.0
1726149,0.0
0250152,0.0
1726150,0.0
0250153,0.0
0250161,0.0
0250155,0.0
0250156,0.0
0250157,0.0
1726160,0.0
0250159,0.0
0250160,0.0
0737165,0.0
0250164,0.0
0250165,0.0
0250166,0.0
0250167,0.0
0250168,0.0
0250223,0.0
0250169,0.0
1726151,0.0
0250170,0.0
1726152,0.0
1726153,0.0
0250171,0.0
1726154,0.0
0250172,0.0
0250173,0.0
0250174,0.0
1531091,0.0
0250175,0.0
0250177,0.0
0250178,1.0
0742084,0.0
0250179,0.0
0250180,0.0
0250191,0.0
0250181,0.0
0250182,0.0
0740119,0.0
0250183,0.0
0250184,0.0
0250185,0.0
0250195,1.0
0250186,0.0
0250187,0.0
0742093,0.0
0250192,0.0
0250193,0.0
0250194,0.0
1531093,0.0
0250199,0.0
0250197,0.0
0250200,0.0
0250201,0.0
0250202,0.0
0250203,0.0
0250204,1.0
0250205,0.0
0250206,0.0
0250207,0.0
0250208,0.0
0250210,0.0
0250216,0.0
0250211,0.0
0250212,0.0
0250213,0.0
0250217,0.0
0250218,0.0
0747079,1.0
0250219,0.0
0250220,0.0
0250221,0.0
0250222,1.0
0250224,0.0
1726155,0.0
0250229,0.0
0250230,0.0
0250225,0.0
0250227,0.0
0250228,0.0
0250232,0.0
0250233,0.0
0250234,0.0
0250235,0.0
0250236,0.0
0250237,0.0
0250238,0.0
0250241,0.0
0250242,0.0
0250246,0.0
0250243,0.0
0250244,0.0
0250245,0.0
0734132,0.0
1726158,0.0
0250249,1.0
0250252,0.0
0250253,0.0
0250254,0.0
0250255,0.0
0250256,0.0
0819091,0.0
0250257,0.0
0250258,0.0
0819092,0.0
0250262,0.0
1726012,0.0
0250263,0.0
0250264,0.0
0538049,0.0
0538050,0.0
0538051,0.0
0250266,0.0
0250267,0.0
0250268,0.0
0250269,0.0
0538052,0.0
0538053,0.0
0538901,0.0
0250270,0.0
0250271,0.0
0250272,0.0
0250273,0.0
0250274,0.0
0639001,0.0
1003044,0.0
0250275,0.0
0250276,0.0
0250278,0.0
0250279,0.0
0250280,0.0
0250282,0.0
0250283,0.0
0250284,0.0
1726162,0.0
0250285,0.0
0819095,0.0
0250286,0.0
0250288,0.0
0250287,0.0
0250289,0.0
0250290,0.0
0250291,0.0
0333018,0.0
0333019,0.0
0639003,0.0
0639004,0.0
0250292,0.0
1531095,0.0
0333034,0.0
0250293,0.0
0250294,0.0
1531096,0.0
0639005,0.0
0639006,0.0
0250295,0.0
0250296,0.0
0250297,1.0
0250298,1.0
1003025,0.0
0250901,0.0
1003026,0.0
0333005,0.0
0333006,0.0
0333007,0.0
0333008,0.0
0333009,0.0
0742100,0.0
0333010,0.0
0333011,0.0
0333012,0.0
1003019,1.0
0333013,0.0
0333014,0.0
0333015,0.0
0333016,0.0
0333017,0.0
0333020,0.0
0333021,0.0
1003020,0.0
0943029,0.0
0333022,1.0
0333023,0.0
0333024,1.0
0333025,0.0
0333026,1.0
0333027,0.0
0333028,0.0
0407035,0.0
0333029,0.0
0943030,0.0
0333030,0.0
0333031,1.0
1003021,0.0
0333032,0.0
0333033,0.0
0333035,0.0
0333036,1.0
0333037,1.0
0333038,0.0
0333039,0.0
1003022,0.0
0742106,0.0
0333040,1.0
0333041,0.0
0333042,0.0
0333043,0.0
0333044,1.0
0333045,0.0
0333046,0.0
0333047,0.0
0333048,0.0
0333049,0.0
0333050,0.0
0333051,0.0
1110001,0.0
0333052,0.0
0333053,0.0
1648031,0.0
0333054,0.0
0333055,0.0
0333056,1.0
1648032,0.0
1648033,0.0
1648034,1.0
1648035,0.0
1648036,0.0
1648037,0.0
1648038,0.0
0333057,1.0
0333058,0.0
0333059,1.0
0333060,0.0
0333061,1.0
0639048,0.0
0639049,0.0
0333062,0.0
0333064,0.0
0333065,1.0
0333066,1.0
0333063,0.0
0333067,0.0
0333068,1.0
1648051,0.0
1648052,0.0
1648053,0.0
0333069,0.0
0333070,0.0
1648090,0.0
0407009,1.0
0333071,1.0
1648908,0.0
0333072,0.0
0333073,0.0
0333074,0.0
0639055,0.0
0333075,1.0
0333076,1.0
0333077,0.0
0333078,0.0
0407001,1.0
0407002,1.0
0407003,1.0
1003045,0.0
0407004,0.0
0407005,0.0
0407006,1.0
0407007,0.0
0407008,1.0
0639084,0.0
0639085,0.0
1003023,0.0
1003024,0.0
0407012,1.0
0407013,1.0
0407014,1.0
0407015,1.0
0943057,0.0
0407010,0.0
0407011,1.0
0407016,1.0
0943065,0.0
0407017,1.0
0407018,0.0
0407019,0.0
0407020,0.0
0407021,0.0
0407022,1.0
0407023,1.0
0407024,1.0
0943066,0.0
0943067,0.0
0943068,1.0
0943069,0.0
0407025,0.0
0407026,1.0
1648909,0.0
1648910,0.0
1648911,0.0
0407027,0.0
0407028,0.0
1648912,0.0
1648913,0.0
1648914,0.0
1648915,0.0
0407029,1.0
0407030,0.0
0407031,1.0
0407032,1.0
0407033,0.0
0407034,0.0
0407036,0.0
0407037,1.0
1726001,0.0
0407056,1.0
0407057,0.0
0407038,1.0
0407039,1.0
0407040,1.0
1003027,0.0
0407041,0.0
0407042,0.0
0740005,0.0
0407043,0.0
1003028,0.0
1003029,0.0
0407044,1.0
1003030,0.0
1003031,1.0
0407045,0.0
0407046,1.0
1003032,0.0
0407047,1.0
0407048,0.0
1003033,0.0
1003034,0.0
0407049,1.0
0407050,0.0
0407051,0.0
0407052,1.0
0407053,0.0
0407054,1.0
0407055,0.0
0407058,1.0
0407059,0.0
0407060,0.0
0407061,1.0
0407062,0.0
0407063,0.0
0407064,0.0
0407901,0.0
0407902,0.0
0535001,0.0
0535002,0.0
0535003,1.0
0535004,1.0
0535005,0.0
0535006,1.0
0535007,0.0
0535008,0.0
0535009,0.0
0535010,0.0
0535011,0.0
0535012,0.0
0535013,1.0
0535014,0.0
0535015,1.0
0535016,0.0
0535017,0.0
1726013,0.0
0740047,0.0
0535018,1.0
0535019,0.0
0535020,0.0
0535021,0.0
0535022,0.0
0535023,0.0
0535024,0.0
0535025,0.0
0535026,1.0
0535027,0.0
0535028,1.0
0535029,0.0
0535030,1.0
0535031,0.0
0535032,0.0
0535033,0.0
0535034,1.0
0538001,1.0
0538002,0.0
0538003,0.0
0538004,0.0
0538005,1.0
0538006,1.0
0538007,0.0
0943094,0.0
0538008,0.0
0538009,1.0
0538010,1.0
0538011,0.0
0538012,0.0
0538013,1.0
0538014,0.0
0538015,0.0
0538016,0.0
0538017,0.0
0538018,1.0
0538019,1.0
0538020,1.0
0538021,0.0
0538022,0.0
0538023,0.0
0538024,1.0
0538025,0.0
0538026,1.0
0943107,0.0
0943108,1.0
0538027,0.0
0538028,0.0
0538029,0.0
0538030,1.0
0538031,0.0
0538032,0.0
0538033,0.0
0538034,0.0
0538035,0.0
0538036,1.0
0538037,0.0
0538038,1.0
0538039,0.0
0538040,0.0
0538041,0.0
0538042,0.0
0538043,0.0
0538044,0.0
0538045,0.0
0538046,0.0
0538047,1.0
0538048,1.0
0943028,0.0
0639100,0.0
0639002,0.0
0639007,0.0
0639008,0.0
0943031,1.0
1726015,0.0
0639009,0.0
0639010,1.0
0639011,0.0
1726016,0.0
0639012,0.0
1003035,0.0
0639013,0.0
0639014,0.0
0639015,0.0
1003036,0.0
1003037,0.0
0639016,0.0
0639017,0.0
0639018,0.0
0639019,0.0
0639020,0.0
0639021,0.0
0639022,0.0
0639023,0.0
0639024,0.0
0639025,0.0
1003038,0.0
0705001,0.0
0639026,0.0
0639027,0.0
0639028,0.0
0639029,0.0
0639030,0.0
0639031,0.0
0639032,0.0
1003039,0.0
0639033,1.0
0943032,0.0
0639034,0.0
0639035,0.0
0742177,0.0
0639036,0.0
0943033,1.0
0639037,0.0
0639038,0.0
0639039,0.0
0639040,0.0
0639041,0.0
1003040,0.0
1003041,0.0
0639042,0.0
0639043,0.0
0639044,0.0
0639045,0.0
1003042,0.0
0740139,0.0
0639046,0.0
0639047,0.0
0639050,0.0
0639051,1.0
0639052,0.0
0639056,0.0
0639053,0.0
0639054,0.0
1726020,0.0
0639057,0.0
1726037,0.0
0639059,0.0
0639060,0.0
0639061,0.0
0639058,0.0
1620030,1.0
0639062,0.0
0639063,0.0
1110014,0.0
0639069,0.0
0747099,0.0
0639064,0.0
1110015,0.0
0639065,0.0
0639066,0.0
0639067,0.0
1110016,0.0
0639068,0.0
1110017,0.0
0639070,0.0
1110047,0.0
0639074,0.0
0639075,0.0
0639071,0.0
0639072,0.0
1106103,0.0
0639073,0.0
0705008,0.0
1003043,0.0
0639078,0.0
0639079,0.0
0639080,0.0
0639076,0.0
0639077,0.0
0639081,0.0
0639082,0.0
0639083,0.0
0639086,0.0
0639087,0.0
0705010,0.0
0639088,0.0
0639089,0.0
0639090,0.0
0639091,1.0
0747041,0.0
0639092,0.0
1046104,1.0
0639093,0.0
0639094,0.0
0639095,0.0
0639096,0.0
0943034,0.0
0943035,0.0
0943036,0.0
0943037,0.0
0943038,1.0
0943039,0.0
0943040,0.0
0943041,0.0
0943042,1.0
0943043,0.0
0943044,1.0
0943045,0.0
0943046,0.0
0943047,1.0
0943048,0.0
0943049,0.0
1046105,1.0
1046106,0.0
0747100,0.0
0943050,0.0
0943051,1.0
0943052,1.0
0943053,0.0
0943054,1.0
0943055,1.0
0943056,0.0
0943058,0.0
0943059,0.0
0943060,1.0
0943061,0.0
0943062,1.0
0943063,0.0
0943064,0.0
0943070,0.0
0943071,0.0
0943072,0.0
0943073,0.0
1046107,0.0
0943074,0.0
0943075,0.0
0943076,1.0
0943077,0.0
0943078,1.0
0943079,0.0
0943080,0.0
0943081,0.0
0943082,0.0
0943083,0.0
0943084,0.0
0943085,0.0
0943086,1.0
0943088,0.0
0943089,0.0
0943090,0.0
0943091,0.0
0943092,0.0
0943093,0.0
0943095,0.0
0943096,0.0
1620062,0.0
1620063,1.0
1620064,0.0
0705012,0.0
0943097,0.0
1110048,0.0
1110049,0.0
0943098,0.0
0943099,0.0
0740228,0.0
0943100,0.0
0943101,0.0
0943102,1.0
1110051,0.0
0943103,0.0
0943104,1.0
0943105,0.0
0943106,0.0
0943109,0.0
0943110,0.0
1620065,0.0
0742191,0.0
0943111,0.0
1110052,0.0
0943112,0.0
1106100,0.0
0943113,0.0
0943114,0.0
0943115,0.0
0943116,1.0
0943117,0.0
0943118,0.0
0639097,0.0
0639098,0.0
0639099,0.0
0639101,0.0
0639102,0.0
0653072,0.0
0705002,0.0
0705005,0.0
0705007,0.0
0705013,0.0
0705014,0.0
0705015,0.0
0705016,0.0
0705017,0.0
0705018,0.0
0705019,1.0
0705021,0.0
1726048,0.0
0705022,1.0
0705023,0.0
0705024,0.0
0705027,0.0
0705029,0.0
0705124,0.0
0705030,0.0
1726049,0.0
0705035,0.0
0705033,0.0
0705034,0.0
1726050,0.0
0742192,0.0
0705036,0.0
0705038,0.0
0742193,0.0
0705037,0.0
0705046,0.0
0705047,1.0
0705039,0.0
0705048,0.0
0705089,0.0
0705040,0.0
0705055,0.0
0705041,0.0
0705042,0.0
0705043,0.0
0705044,0.0
0705045,0.0
0705049,0.0
0705051,0.0
0705056,0.0
0705057,0.0
0705052,0.0
1106114,1.0
0705125,0.0
0705053,0.0
0705054,0.0
0705058,0.0
0705061,0.0
0705059,0.0
0705060,0.0
1106115,0.0
0705062,0.0
0705063,0.0
0705064,0.0
0705069,0.0
0705070,0.0
0705065,0.0
0705066,0.0
0705067,1.0
0705073,0.0
0705074,0.0
0705090,0.0
0705075,0.0
0705076,0.0
0705079,0.0
0705080,0.0
0705081,0.0
0705082,0.0
0705083,0.0
0705086,0.0
0705087,1.0
0705088,0.0
0705104,0.0
0705092,0.0
0705093,0.0
0705094,0.0
0705095,0.0
0705096,0.0
0705109,1.0
0705097,0.0
0705099,0.0
0705100,0.0
0705101,0.0
0705102,0.0
0705103,0.0
0705105,0.0
0705106,0.0
0705107,0.0
0705108,0.0
1726051,0.0
0705110,0.0
0742207,0.0
0705112,0.0
0705113,0.0
0705114,0.0
0705126,0.0
0943119,0.0
0705116,0.0
0705127,0.0
0705115,0.0
0943120,0.0
0943121,0.0
0943122,0.0
0943123,1.0
0742208,0.0
0705118,0.0
1726052,0.0
0705119,0.0
0705120,0.0
1531042,0.0
0705123,0.0
0705121,0.0
0705122,1.0
0705128,0.0
0705129,0.0
0705130,0.0
0705131,0.0
0705140,0.0
0705132,0.0
0705133,0.0
0705134,0.0
1531043,0.0
0747042,0.0
0705135,0.0
0705136,0.0
0747222,0.0
0705138,0.0
0705139,0.0
0705142,0.0
1531044,0.0
0705143,0.0
0705144,0.0
0705145,0.0
0705151,0.0
0705147,0.0
0705148,0.0
0705149,0.0
0749190,0.0
0705152,0.0
0705153,0.0
0705158,1.0
0705154,0.0
0705155,0.0
1232022,0.0
0705156,0.0
0705157,0.0
0705159,0.0
1232031,0.0
0705160,0.0
0705161,0.0
1531045,0.0
0705169,0.0
0705162,0.0
0705163,0.0
0705164,0.0
0705165,0.0
0705166,0.0
0705167,0.0
0705168,0.0
1726053,0.0
0705172,0.0
0705178,0.0
0749197,0.0
0705173,0.0
0705174,0.0
0709173,0.0
0705175,0.0
1726062,0.0
0705260,0.0
0705176,0.0
0705177,0.0
0705261,0.0
0705179,0.0
0705180,1.0
0705181,0.0
0705186,0.0
0705182,0.0
0705183,0.0
0705184,0.0
0705185,0.0
1726063,0.0
0749199,0.0
0705187,0.0
0705188,0.0
0705189,0.0
0705264,0.0
0705190,0.0
0705191,0.0
0705265,0.0
0705192,0.0
0705193,0.0
0705222,0.0
0705194,0.0
1232033,0.0
0705195,0.0
0705196,0.0
0705197,0.0
0705198,0.0
0705199,1.0
0705200,0.0
0705201,0.0
0705204,0.0
0705205,0.0
0705206,0.0
0943124,1.0
0943125,0.0
0705207,0.0
0705208,0.0
0705209,0.0
0705210,0.0
0705211,0.0
0705212,0.0
0705213,0.0
0705214,0.0
0705215,0.0
0705232,0.0
0705216,0.0
0705217,0.0
0709012,0.0
0705218,0.0
0705219,0.0
0709013,0.0
0705220,0.0
0705221,0.0
0705224,0.0
0705225,0.0
0705226,0.0
0749014,0.0
0705227,0.0
0705228,0.0
0705231,0.0
0705229,0.0
0705230,0.0
0943126,0.0
0705233,1.0
0705234,0.0
0705235,0.0
0705236,0.0
0705237,0.0
0705242,0.0
0705238,0.0
0705239,0.0
0705249,0.0
0705240,1.0
0705241,0.0
0709179,0.0
1110053,0.0
0705251,0.0
0705266,0.0
0705243,0.0
0705244,0.0
0705245,0.0
0705246,0.0
0705247,0.0
0705252,0.0
0705253,0.0
0705254,0.0
0705256,0.0
0705259,0.0
0705257,0.0
0705258,0.0
0705262,0.0
0705263,0.0
1232036,0.0
0705267,0.0
0709003,0.0
0705901,0.0
1232037,0.0
0709006,0.0
0705902,0.0
0705903,0.0
0705904,0.0
0705905,0.0
0709001,0.0
0709009,0.0
0709010,0.0
0709016,0.0
0749015,0.0
1046108,0.0
0709017,0.0
1726166,0.0
0709011,0.0
1046109,0.0
1046110,0.0
1046111,1.0
1726167,0.0
0709014,0.0
0749203,0.0
0709018,1.0
0749204,0.0
0709020,0.0
0709021,0.0
0709022,0.0
0709029,0.0
0709023,1.0
0709024,0.0
0709025,0.0
0819319,0.0
0709026,0.0
0709027,0.0
1046112,1.0
0709032,0.0
0709033,0.0
0709030,0.0
1046113,1.0
1046114,0.0
0709034,0.0
0709035,0.0
0709036,0.0
0709258,0.0
1046119,1.0
0709039,0.0
0709041,0.0
0819324,0.0
0709037,0.0
0709038,0.0
0749081,0.0
0709043,0.0
0709044,0.0
1046125,1.0
1046120,1.0
0709045,0.0
0709046,1.0
0709047,0.0
0709048,0.0
0709054,0.0
0709050,0.0
0709051,0.0
0709052,0.0
0709055,0.0
1046121,0.0
1046122,0.0
0709056,1.0
0709057,0.0
0709058,0.0
0709059,1.0
0709060,0.0
0709061,0.0
0709062,0.0
0709063,0.0
0709064,0.0
0709065,0.0
0709066,0.0
0709067,0.0
0709071,0.0
1046123,0.0
0709072,0.0
0709074,0.0
0709075,0.0
0709076,0.0
0709077,0.0
0709078,0.0
0709083,0.0
0709084,0.0
0709085,0.0
0709265,0.0
0709086,0.0
0709088,0.0
0709090,0.0
0709091,0.0
0709093,0.0
0709094,0.0
0709095,0.0
0709098,0.0
0709100,0.0
0709101,0.0
0709102,0.0
0709103,0.0
0709104,0.0
0709105,1.0
0709108,0.0
0709109,0.0
0709110,0.0
0709112,0.0
1046124,0.0
0709113,0.0
0709114,0.0
0709120,0.0
0709122,0.0
0709123,0.0
0709273,0.0
0709124,0.0
1232038,0.0
1232039,0.0
0709125,0.0
0709127,0.0
0709128,0.0
0709129,0.0
0709130,0.0
0709131,0.0
0709132,0.0
0709133,0.0
0709137,0.0
0709134,0.0
0709135,0.0
0709136,0.0
0709138,0.0
1232045,0.0
0709140,0.0
0709141,0.0
0709143,0.0
0709144,0.0
0709148,0.0
0709149,0.0
0709151,0.0
0709152,0.0
0709162,0.0
1046126,0.0
0709283,0.0
0709163,0.0
0709164,0.0
0709287,0.0
0709166,0.0
0709167,0.0
0709168,0.0
0709288,1.0
0709169,0.0
0709170,0.0
0709172,0.0
0709174,0.0
0709180,0.0
0709309,0.0
0709175,0.0
0709176,0.0
0709177,0.0
0709178,0.0
0709310,0.0
0709181,0.0
0709182,0.0
0709183,0.0
1046127,0.0
1046128,1.0
0709192,0.0
0709194,0.0
0709195,0.0
0709311,1.0
0709189,0.0
0709196,0.0
0709190,0.0
0709191,0.0
0709197,0.0
0709198,0.0
0709199,0.0
0709200,0.0
0709201,0.0
0709202,0.0
0709206,0.0
0709225,0.0
0709208,0.0
0709209,1.0
1046129,0.0
0709230,0.0
0709211,1.0
0709213,0.0
1046130,0.0
1046131,1.0
0709214,0.0
1046133,0.0
0709215,0.0
1046134,0.0
1046135,0.0
0709312,0.0
0709216,0.0
0709231,0.0
0709217,0.0
0709218,0.0
0709219,1.0
0709220,0.0
0709221,0.0
0709223,0.0
0709224,0.0
0709226,0.0
0709227,0.0
0709228,0.0
0709229,0.0
1046136,0.0
0709232,0.0
0709242,0.0
0709235,0.0
0709236,0.0
0709238,0.0
0709239,0.0
0709241,0.0
0709246,0.0
0709247,0.0
0747080,0.0
0709248,0.0
0709249,0.0
1046137,0.0
0709250,0.0
1046138,0.0
0709329,0.0
0709251,0.0
0709253,0.0
0709255,0.0
1110063,0.0
1110064,0.0
0709256,0.0
0709257,0.0
0709259,0.0
0709261,0.0
0709262,0.0
1232046,0.0
0709266,0.0
0709267,0.0
0709268,0.0
0709269,0.0
0709274,0.0
0709270,0.0
0709272,0.0
0709275,0.0
0709276,0.0
0709277,0.0
0709289,0.0
0709292,0.0
0709294,0.0
0709295,0.0
0709297,0.0
0709334,0.0
0709298,0.0
0709301,0.0
0709302,0.0
0709388,0.0
0709303,0.0
0709304,0.0
0709472,0.0
0709306,0.0
0709307,0.0
0709308,0.0
0709314,0.0
0709315,0.0
0709356,0.0
0709316,0.0
0709317,0.0
0709318,0.0
0709321,0.0
0709323,0.0
0709325,0.0
0709326,0.0
0709327,0.0
0709328,0.0
1046139,0.0
0709335,0.0
0709330,0.0
0709332,0.0
0709340,0.0
0709343,0.0
0709345,0.0
0749088,0.0
0709346,0.0
1046140,0.0
0709350,0.0
0709347,0.0
0709348,0.0
0709351,0.0
0709352,0.0
0709353,0.0
0709354,0.0
0709358,0.0
0709360,0.0
0709368,0.0
0749105,0.0
0709361,0.0
0709362,0.0
0709363,0.0
0709365,0.0
0709366,0.0
0709369,0.0
0709372,0.0
0709375,0.0
0709377,0.0
0709373,0.0
0709374,0.0
0709378,0.0
0709380,0.0
0709381,0.0
0709384,0.0
0709386,0.0
0709387,0.0
0819325,0.0
0709389,0.0
1046141,0.0
0709392,0.0
0709390,0.0
0709391,0.0
0709394,0.0
0709400,0.0
0709395,0.0
0709396,0.0
0709398,0.0
0709406,0.0
0709407,0.0
0709408,0.0
0709418,0.0
0709409,0.0
0709410,0.0
0709419,0.0
0709411,0.0
0709412,0.0
1046142,1.0
0709413,0.0
0709473,0.0
0709414,0.0
0709425,0.0
0709415,0.0
0709416,0.0
0709421,0.0
0709422,0.0
0709423,0.0
0709424,0.0
0709483,0.0
0943127,0.0
0709428,0.0
0709427,0.0
0709429,0.0
0709430,0.0
0709440,0.0
0709431,0.0
0709485,0.0
0709432,0.0
0709433,0.0
0709434,0.0
0709437,0.0
0709438,0.0
0709439,0.0
0747138,0.0
0709441,0.0
0709442,0.0
0709448,0.0
0709443,0.0
0709444,0.0
0709445,0.0
0709446,0.0
0709447,0.0
0709449,0.0
0709450,0.0
0709458,0.0
0709460,0.0
0709464,0.0
0709463,0.0
0709466,0.0
0709467,0.0
0709471,0.0
0709476,0.0
0709478,0.0
0709480,0.0
0709482,0.0
0709901,0.0
0709902,0.0
0709903,0.0
0709904,0.0
0709905,0.0
1110065,0.0
0709906,0.0
0753004,0.0
0709907,0.0
1046143,0.0
0709908,0.0
0753005,0.0
0753021,0.0
0753022,1.0
0753023,0.0
0753027,0.0
0753024,0.0
0753025,0.0
0753026,0.0
0753028,1.0
0753073,0.0
0724001,0.0
0724003,0.0
0724004,0.0
0724005,0.0
0724006,0.0
0724008,1.0
0724009,0.0
0724010,0.0
0747147,0.0
0724011,0.0
0724018,0.0
0724012,0.0
0724014,1.0
0724015,0.0
1046144,0.0
1046145,0.0
0724016,0.0
0724017,0.0
0724019,0.0
0724020,0.0
1046146,0.0
1046147,1.0
0724022,0.0
0724021,0.0
0724023,0.0
0724024,0.0
0724025,0.0
1046150,0.0
0724028,0.0
0724029,0.0
0724026,0.0
0724027,0.0
0724030,0.0
0724031,0.0
0724032,0.0
1531145,0.0
0724033,0.0
0724034,0.0
0724038,0.0
0724036,0.0
0724039,0.0
0724037,0.0
0749249,0.0
0724040,0.0
0724041,0.0
0724042,0.0
0724043,0.0
0724044,0.0
0724046,0.0
0724047,0.0
0724073,0.0
0724049,0.0
0724050,0.0
0724051,0.0
0749259,0.0
0724052,0.0
0724053,0.0
0724054,0.0
0724055,0.0
1046151,0.0
1046152,0.0
0724056,1.0
0724057,1.0
0724058,0.0
0724059,0.0
0724060,0.0
0724061,0.0
0724062,0.0
0724063,0.0
0724064,0.0
0724065,0.0
1046153,0.0
0724066,0.0
1046155,0.0
0724078,0.0
0724067,0.0
0724068,0.0
0724069,0.0
1046156,0.0
0724070,1.0
0724071,0.0
0724117,0.0
0724074,0.0
0724076,0.0
0724077,0.0
0943128,0.0
0724081,0.0
0724079,0.0
0724080,0.0
1531046,0.0
0724084,0.0
0724118,0.0
0724083,0.0
1531048,0.0
0724086,0.0
0724087,0.0
0724088,0.0
1531047,0.0
0724089,1.0
0724090,0.0
0724091,0.0
0724092,0.0
0724093,0.0
0724094,0.0
0724095,0.0
0724096,0.0
0724102,0.0
0724103,0.0
0724097,0.0
0724098,0.0
0724099,0.0
0724100,0.0
0724101,0.0
0724104,0.0
0724105,1.0
0724107,0.0
0724106,0.0
0724119,0.0
0724108,0.0
0724112,0.0
0724109,0.0
0724110,0.0
0724114,0.0
1110071,0.0
0724115,1.0
0724124,0.0
0724116,0.0
0724120,0.0
1110072,0.0
0724121,0.0
0724129,0.0
0724122,0.0
0724123,0.0
0724125,0.0
0724127,0.0
1046157,1.0
0724131,0.0
0724130,0.0
0943131,1.0
1046158,0.0
0724133,0.0
0724132,0.0
0724156,0.0
0724134,1.0
0724136,0.0
0724137,0.0
0724139,0.0
0724141,0.0
0724142,1.0
0724143,0.0
0724144,0.0
0724145,0.0
0724146,0.0
0724148,0.0
0724149,0.0
0724150,0.0
0724151,0.0
0724157,0.0
0724152,0.0
0802002,0.0
0724153,0.0
0724154,0.0
0724155,0.0
0802003,1.0
0724158,0.0
0724159,0.0
0724163,0.0
0943132,0.0
0943133,1.0
0724160,0.0
0724161,0.0
0943134,0.0
0724162,0.0
0724164,0.0
0724165,0.0
0724166,0.0
0724167,0.0
0724168,0.0
1046159,0.0
0724169,0.0
0943135,0.0
0724170,0.0
0943136,0.0
0943137,0.0
0943138,1.0
0943139,0.0
1046165,0.0
0724171,0.0
0819174,0.0
0724172,0.0
0724173,0.0
0724174,0.0
0724175,0.0
0724176,0.0
1046160,1.0
1046161,0.0
0724177,0.0
0724178,0.0
0724179,0.0
0943140,0.0
0943141,0.0
0943142,1.0
0724180,0.0
0724190,0.0
0724181,0.0
0724182,0.0
0724191,0.0
0724183,0.0
0819182,0.0
0724184,0.0
0724185,0.0
1046163,0.0
0724187,0.0
1046162,0.0
0724188,0.0
0724189,0.0
0742001,0.0
0724193,0.0
0724194,0.0
0724196,0.0
0724197,0.0
0724198,0.0
0724199,0.0
0724201,0.0
0724214,0.0
0724202,1.0
0724203,0.0
0724205,0.0
0734019,0.0
0724206,0.0
0724207,0.0
0724209,0.0
0724210,0.0
0724211,0.0
0734042,0.0
0724212,0.0
0724213,0.0
0734045,0.0
0724215,0.0
1726103,0.0
0724223,0.0
0724216,0.0
1726104,0.0
0724217,0.0
0724218,0.0
0724219,0.0
0724221,0.0
0724222,1.0
0742030,1.0
0724224,0.0
0724225,0.0
1046164,0.0
0724226,0.0
0724227,0.0
0734035,0.0
0724228,0.0
0724902,0.0
0724229,0.0
0724230,0.0
0724901,0.0
0753051,0.0
0734003,0.0
0734004,1.0
0734005,0.0
0734006,0.0
0734009,0.0
0734010,0.0
0734011,0.0
0734012,0.0
0734017,0.0
0734018,0.0
0734020,0.0
0734023,1.0
0734024,0.0
0734022,0.0
0734025,0.0
0734027,0.0
0734028,0.0
0734029,0.0
0734031,0.0
0734036,0.0
0734041,0.0
0734037,0.0
0734038,0.0
0734039,0.0
0734046,0.0
0734047,0.0
0734048,0.0
0734049,0.0
0734066,0.0
0734050,0.0
0734051,0.0
0734052,0.0
0734053,0.0
0734073,0.0
0734055,0.0
0734056,0.0
0734057,0.0
0734058,0.0
0734059,0.0
0734096,1.0
0734060,0.0
0734061,0.0
0734062,0.0
0734063,0.0
0734067,0.0
0734068,0.0
0734101,0.0
0734069,0.0
0734133,0.0
0734070,0.0
0734071,0.0
0734072,0.0
0734074,0.0
0734076,0.0
0734102,0.0
0734077,0.0
0734079,0.0
0734103,0.0
0734080,1.0
0734081,0.0
0734082,0.0
0734083,0.0
0734084,0.0
0734104,0.0
0734086,0.0
0734087,0.0
0734134,0.0
0734088,0.0
0734089,0.0
0734091,0.0
0734092,0.0
0734093,0.0
0734094,0.0
0734098,0.0
0734099,0.0
0734100,0.0
0734106,0.0
0734107,0.0
0734110,0.0
0734112,0.0
0734108,0.0
0734109,0.0
0734113,0.0
0734114,0.0
0734122,0.0
1046166,1.0
0734140,0.0
0734123,0.0
0734124,0.0
0734125,0.0
0734126,0.0
0734127,0.0
0734129,0.0
0734130,0.0
0734131,0.0
0734135,0.0
0747001,0.0
0734136,0.0
0734137,0.0
0734139,0.0
0734141,0.0
0734143,0.0
0734146,0.0
0734147,0.0
0734149,0.0
0734151,0.0
0734152,0.0
0734154,0.0
0734155,0.0
0734156,0.0
1232047,0.0
0734158,0.0
0734157,1.0
1232055,0.0
1232056,0.0
0734159,0.0
0734160,0.0
0734161,0.0
0734163,0.0
0734165,0.0
0734167,0.0
0734175,0.0
0734168,0.0
0734169,0.0
0734170,0.0
1232074,0.0
0734176,0.0
0734171,0.0
0734174,0.0
0734177,0.0
0734178,0.0
0734181,0.0
0734182,0.0
0734184,0.0
0734185,0.0
0734186,0.0
0734189,0.0
0734190,0.0
0734192,0.0
0734196,0.0
0734201,0.0
0734199,0.0
0734205,0.0
0734206,0.0
0734208,0.0
0734210,0.0
0734211,0.0
0734213,0.0
0734214,0.0
0734215,0.0
0734216,0.0
0734217,0.0
0734218,0.0
0734220,0.0
0734221,0.0
0734224,0.0
0734222,0.0
0734223,0.0
1046167,0.0
0734227,0.0
0734225,1.0
0734228,0.0
0734229,0.0
0734230,0.0
0734231,0.0
0734232,0.0
0734233,0.0
0737036,0.0
0734234,0.0
0734236,0.0
0734237,0.0
0734238,0.0
0734240,0.0
0734241,0.0
0734242,0.0
0734243,0.0
1046168,0.0
0737044,0.0
0734245,0.0
0734246,0.0
1046169,0.0
1046170,1.0
0734901,0.0
0734902,0.0
0734903,0.0
0734904,0.0
0737001,0.0
0737090,0.0
0737002,0.0
0737013,0.0
0737003,0.0
0737004,0.0
0737034,0.0
0737100,0.0
0737005,0.0
0737006,0.0
0737007,0.0
0737008,0.0
0737009,0.0
0737010,0.0
0737011,0.0
0737012,0.0
0737014,0.0
0737015,0.0
0737016,0.0
0737017,0.0
0737018,0.0
0737019,0.0
0737110,0.0
0737020,0.0
1046171,0.0
1046172,1.0
0737021,0.0
0737022,0.0
0737023,0.0
0737024,0.0
0737025,0.0
1046173,1.0
0737026,0.0
0737027,0.0
0737028,0.0
1046174,1.0
1046175,0.0
0737029,0.0
1046176,0.0
0737030,0.0
0737031,0.0
0737035,0.0
0737032,0.0
0737033,0.0
0737037,0.0
0737038,0.0
0747229,0.0
0737039,0.0
0737040,0.0
0737041,0.0
0737042,0.0
0737045,0.0
1046177,0.0
0737112,1.0
0737046,0.0
1046178,0.0
0737207,0.0
0737047,0.0
0737049,0.0
0737050,0.0
0737051,0.0
1012095,0.0
0737052,1.0
1046179,1.0
1046180,0.0
1046181,1.0
0737054,0.0
1726105,0.0
0737055,0.0
1046183,0.0
0737056,0.0
0737057,0.0
0737058,0.0
1232075,1.0
0737059,0.0
0737060,0.0
1110083,0.0
0737061,0.0
0737062,0.0
0737063,0.0
0737065,0.0
0737067,0.0
1110086,0.0
0737068,0.0
0737069,0.0
0737070,0.0
0737071,0.0
0819329,0.0
0737072,0.0
0737073,0.0
0737074,0.0
0737077,0.0
0737078,0.0
0737079,0.0
0737080,0.0
0737081,0.0
1110091,0.0
0737082,0.0
1232077,0.0
0737083,0.0
1046184,0.0
0737085,0.0
1232078,0.0
0737086,0.0
0737087,0.0
1232079,0.0
0737088,0.0
0737089,0.0
0737091,0.0
0737092,0.0
0737096,0.0
0737097,0.0
0737098,0.0
0737099,0.0
0737101,0.0
0737102,0.0
0737114,0.0
0737103,0.0
0737104,0.0
1046185,1.0
0737115,0.0
0737106,0.0
0737107,0.0
1046186,1.0
0737108,0.0
0737109,0.0
1046187,0.0
1046189,0.0
0737113,0.0
1046188,0.0
0737116,0.0
1046191,0.0
1046192,0.0
0737117,0.0
1046193,0.0
0737118,0.0
1046194,1.0
0737119,0.0
1046195,0.0
0737120,0.0
0737121,0.0
0737122,0.0
0737124,0.0
0737125,0.0
1003017,0.0
0737126,0.0
1046196,0.0
1726106,0.0
1003018,0.0
0737127,0.0
0737128,0.0
0737129,0.0
0737130,0.0
0737131,0.0
1726138,0.0
0737132,0.0
0737133,0.0
0737134,0.0
1003046,0.0
1003047,0.0
0737135,1.0
0737136,0.0
0737137,0.0
0737138,0.0
0737139,0.0
0737140,0.0
1232084,0.0
0737141,0.0
1003048,0.0
1003049,0.0
1003050,0.0
0737142,0.0
0737143,0.0
1003051,0.0
0737144,0.0
1003052,1.0
1726139,0.0
0737145,0.0
0737146,0.0
1726140,0.0
0737147,0.0
0737148,0.0
0737149,0.0
0737150,0.0
0737151,0.0
0737152,0.0
0737154,0.0
0737155,0.0
0737156,1.0
0737157,0.0
1726141,0.0
0737158,0.0
1726144,0.0
0737159,0.0
1046197,0.0
0737160,0.0
0737161,0.0
0737162,0.0
0737163,0.0
0737164,1.0
0737166,0.0
1046198,0.0
0737172,0.0
0737167,0.0
0737168,1.0
0737176,0.0
0737169,0.0
0737170,0.0
0737171,0.0
0737173,0.0
1046199,0.0
0737188,0.0
0737174,0.0
0737175,0.0
0737177,0.0
0737178,0.0
0737191,0.0
0737212,0.0
0737179,0.0
0737180,0.0
0737196,0.0
0737181,0.0
0737182,0.0
1046200,0.0
0737183,0.0
0737184,0.0
0737185,0.0
0737186,0.0
1046203,1.0
0737187,0.0
0737189,0.0
0737190,0.0
1236027,1.0
0737192,0.0
0737193,0.0
0737194,0.0
0737195,0.0
0737197,0.0
0737198,0.0
0737201,0.0
0737199,0.0
0737200,0.0
0737202,0.0
0737203,0.0
0737204,0.0
0737205,0.0
0737206,0.0
0737208,0.0
0737213,0.0
0737209,0.0
0737214,0.0
0737211,0.0
0737215,0.0
1046251,1.0
0737216,0.0
0737217,0.0
1046252,0.0
1726145,0.0
0737222,0.0
0737221,0.0
0749024,0.0
1046253,1.0
1046254,0.0
0737224,0.0
0737225,0.0
0737223,0.0
0737231,0.0
0737226,0.0
0737228,0.0
0737229,0.0
1236037,0.0
1236038,0.0
0737232,0.0
0737233,1.0
0737230,0.0
0737251,0.0
0737234,0.0
0737235,0.0
0737236,0.0
1236044,0.0
1236045,0.0
0737237,0.0
0737238,0.0
0749029,0.0
0737239,0.0
0737240,0.0
0737241,0.0
1328019,0.0
1328020,0.0
1328021,0.0
0737242,0.0
1328048,0.0
0737243,0.0
0737244,0.0
0737252,0.0
0737245,0.0
0737246,1.0
0737247,0.0
0737248,0.0
0737249,0.0
0737250,0.0
0737253,0.0
0737254,0.0
0737255,0.0
0737256,0.0
0737257,0.0
1620075,0.0
0737258,0.0
0737260,0.0
0737261,0.0
0737268,0.0
0737262,0.0
0737263,0.0
0737275,0.0
0737264,0.0
0737265,0.0
0737267,0.0
0737269,0.0
0737298,0.0
0737270,0.0
0737271,0.0
1620076,1.0
0737272,0.0
0737273,0.0
0737274,1.0
0737276,0.0
1601043,1.0
0737299,0.0
0737277,0.0
0737278,0.0
0737279,0.0
1601902,0.0
0742039,0.0
0737280,0.0
0737281,0.0
0737282,0.0
0737283,0.0
0737284,0.0
0737285,0.0
0742041,0.0
0737286,0.0
0737287,0.0
0737288,0.0
0737289,0.0
1653001,0.0
0737290,0.0
1046255,0.0
1046256,0.0
0737291,0.0
0737292,0.0
0737293,0.0
0737305,0.0
0737294,0.0
1110096,0.0
0737296,0.0
0737297,0.0
0742042,0.0
0742043,0.0
0737300,0.0
0737301,0.0
0737350,0.0
0737302,0.0
1110106,0.0
0737304,0.0
0737303,0.0
1110122,0.0
1110129,0.0
0737310,0.0
1531223,0.0
0737306,0.0
0737333,0.0
0737307,0.0
0737309,0.0
0737311,0.0
0737312,0.0
0737367,0.0
1003053,0.0
0737349,0.0
0737313,0.0
0742044,0.0
0742045,0.0
0737314,0.0
0737315,0.0
0742050,0.0
0737316,0.0
0737317,0.0
0740006,0.0
0737318,0.0
0737319,0.0
1620020,0.0
0737320,0.0
1620021,0.0
0740029,0.0
0737321,0.0
0737322,0.0
1620023,0.0
0740048,0.0
0737323,0.0
1003054,0.0
0737324,0.0
0737325,0.0
0737327,0.0
0737328,0.0
0737329,0.0
1003055,0.0
0737330,0.0
0737331,0.0
0737332,0.0
0737334,0.0
0737335,0.0
0740049,0.0
0737336,0.0
0737337,0.0
1620024,0.0
0737338,0.0
1620025,0.0
1620026,0.0
0737339,1.0
0737340,0.0
0737341,0.0
0737342,0.0
0737343,0.0
1620077,1.0
0737344,0.0
1531222,0.0
0737345,0.0
1110130,1.0
1110131,0.0
0737346,0.0
1110137,0.0
0737347,0.0
0737348,0.0
0737351,0.0
1110152,0.0
0737352,0.0
1110153,0.0
0737353,0.0
1110154,0.0
1110155,0.0
0737354,1.0
0737355,0.0
0737356,0.0
0737357,0.0
0737358,0.0
0737359,0.0
0737360,0.0
0737361,0.0
1110156,0.0
0737362,0.0
1110157,0.0
0737363,0.0
1648005,0.0
1648006,0.0
0737364,0.0
1648014,0.0
0737372,0.0
0737365,0.0
0737366,0.0
1648026,0.0
0737368,0.0
0737369,0.0
0737371,0.0
0737370,0.0
0737373,0.0
0737374,0.0
0737375,0.0
0737376,0.0
1003056,0.0
0737377,0.0
0737382,0.0
0737378,0.0
0737379,0.0
0737380,0.0
0737381,0.0
0740001,0.0
0740002,0.0
0740003,0.0
1003057,0.0
0740004,0.0
0740007,0.0
0740008,0.0
0740009,0.0
0740010,0.0
0740012,0.0
0740013,0.0
0740014,0.0
0740015,0.0
0740016,0.0
0740017,1.0
0740018,0.0
0740019,0.0
0740020,0.0
0740021,0.0
0740022,0.0
0740024,0.0
0740060,0.0
0740025,0.0
0740026,0.0
0740028,0.0
0740030,0.0
0740031,0.0
0740032,0.0
0740033,0.0
0740034,0.0
0740035,0.0
0740051,0.0
0740036,0.0
0740037,0.0
0740039,0.0
0740043,0.0
0740040,1.0
0740041,0.0
0740044,0.0
0740045,0.0
0740046,0.0
0740052,0.0
0740053,0.0
0740055,0.0
0740056,0.0
1003075,0.0
1003076,0.0
0740059,0.0
0740054,0.0
0740057,1.0
0740058,0.0
0740072,0.0
0740061,1.0
0740062,0.0
0740063,0.0
0740065,0.0
0740068,1.0
0740069,0.0
0740070,1.0
0740071,0.0
0740073,0.0
0740074,0.0
0740075,0.0
0740080,0.0
0740076,1.0
0740077,0.0
0740078,0.0
0740079,0.0
0740083,0.0
0740084,0.0
0740086,0.0
0740087,0.0
0740088,0.0
0740089,0.0
0740091,0.0
0740092,0.0
0740099,0.0
0740100,0.0
0740101,1.0
0740103,0.0
0740104,0.0
0740105,0.0
0740120,0.0
0740106,0.0
0740107,0.0
0740108,0.0
0740109,0.0
1003077,0.0
1003078,0.0
0740110,0.0
0740111,0.0
0740112,0.0
0740125,0.0
0740113,0.0
0740115,0.0
0740121,0.0
0740122,0.0
0740123,0.0
0740124,0.0
0740128,0.0
0740129,0.0
0740130,0.0
0740140,0.0
0740131,0.0
0740132,0.0
0740134,0.0
0740135,0.0
0740141,0.0
0740142,0.0
0740136,0.0
0740138,0.0
0740177,0.0
0740143,0.0
0740144,0.0
1003079,1.0
0740145,0.0
0740146,0.0
0740148,0.0
0740149,0.0
0740150,0.0
0740151,0.0
0740152,0.0
0740154,0.0
1003080,0.0
0740178,0.0
0740155,0.0
0740156,0.0
0740157,0.0
0740158,0.0
0740159,0.0
0740160,0.0
0740161,0.0
0740162,0.0
0740163,0.0
0740164,0.0
0740165,0.0
0740166,1.0
0740168,0.0
0740170,0.0
0740171,0.0
1110158,0.0
0740172,0.0
0740173,0.0
0740174,0.0
0740176,0.0
0740179,0.0
0740180,0.0
0740182,0.0
0740181,0.0
0740183,0.0
0740184,0.0
1110174,0.0
0740186,0.0
0740185,0.0
1110175,0.0
0740188,0.0
0740189,0.0
0740192,0.0
0740190,0.0
0740191,0.0
0740193,0.0
0740194,0.0
0740195,0.0
0740196,0.0
0740204,0.0
0740198,0.0
0740199,0.0
0740200,0.0
0740201,0.0
0740202,0.0
1003081,0.0
1003082,0.0
1003083,1.0
0740203,0.0
0740205,0.0
1003084,0.0
0740210,0.0
0740206,0.0
0740207,0.0
0740220,0.0
0740208,0.0
0740221,0.0
0740211,0.0
0740212,0.0
0740213,0.0
0740224,0.0
0740214,0.0
0740215,0.0
0740216,0.0
0740218,0.0
0740219,0.0
0740222,0.0
0740223,0.0
1003085,0.0
0740225,0.0
0740229,0.0
0740230,0.0
0740231,0.0
1003086,0.0
0740233,0.0
0740234,0.0
0740901,0.0
0740902,0.0
0740903,0.0
0740904,0.0
1003088,0.0
0740905,0.0
0740906,0.0
0753074,0.0
0742003,0.0
1003089,0.0
1003090,1.0
0742051,0.0
0742004,1.0
1003091,0.0
0742006,0.0
0742007,0.0
0742052,0.0
0742008,0.0
0742009,0.0
0742010,0.0
0742011,0.0
0742012,0.0
0742013,0.0
0742014,0.0
0742015,0.0
0742016,0.0
0742017,0.0
0742018,0.0
0742021,0.0
0742019,0.0
1003092,0.0
0742025,0.0
0742020,1.0
0742026,0.0
0742022,0.0
0742023,0.0
0742024,0.0
0742027,0.0
0742028,0.0
0742029,0.0
0742031,0.0
0742032,0.0
0742033,0.0
0742034,0.0
0742038,0.0
0742053,0.0
0742035,0.0
0742036,0.0
0742037,0.0
0742046,0.0
0742048,0.0
0742049,0.0
0742055,0.0
0742056,0.0
0742154,0.0
0742057,0.0
0742058,0.0
0742059,0.0
0742061,0.0
0742062,0.0
0742063,0.0
0742064,0.0
0742065,0.0
0742068,0.0
0742069,1.0
0742070,0.0
0742071,0.0
0742073,0.0
0742075,0.0
0742076,0.0
0742078,0.0
0742079,0.0
0742080,0.0
0742081,0.0
0742082,0.0
0742083,0.0
0742085,0.0
0742086,0.0
0742087,0.0
0742088,0.0
0742089,0.0
0742090,0.0
0742092,0.0
0742094,0.0
1531226,0.0
0742095,0.0
0742096,1.0
0742097,1.0
0742098,0.0
0742103,0.0
0742105,0.0
0742107,0.0
0742108,0.0
0742110,0.0
0742111,0.0
1531229,0.0
0742115,0.0
0742113,1.0
1531230,0.0
0742116,0.0
0742117,0.0
0742118,0.0
1531231,0.0
1531232,1.0
0742119,0.0
1531233,0.0
0742120,0.0
0742124,0.0
0742121,0.0
0742123,0.0
0742125,0.0
0742127,0.0
0742128,0.0
0742140,0.0
0742129,1.0
0742130,0.0
0742131,0.0
0742141,0.0
0742132,0.0
0742142,0.0
0742134,0.0
0742135,0.0
0742139,0.0
1531234,0.0
0742145,0.0
0742148,0.0
0742159,0.0
0742144,0.0
1601008,0.0
1003093,1.0
0742152,0.0
0742153,1.0
0742149,0.0
0742151,0.0
0742155,0.0
0742156,0.0
0742157,0.0
0742158,0.0
0742160,0.0
0742161,0.0
0742162,0.0
0742172,0.0
0742173,1.0
0742163,0.0
0742164,0.0
0742165,1.0
0742166,0.0
0742167,0.0
0742168,0.0
0742171,0.0
0742174,0.0
0742175,0.0
0742176,0.0
0742178,0.0
0742181,1.0
0742182,0.0
0742183,0.0
0742184,0.0
0742185,0.0
0742213,0.0
0742187,0.0
0742188,0.0
0742189,0.0
0742190,0.0
0742194,0.0
0742195,0.0
1601011,0.0
0742196,0.0
0742197,0.0
0742198,0.0
0742200,0.0
0742201,0.0
0742202,0.0
0747012,0.0
0742204,0.0
0742205,0.0
0742206,0.0
1003094,0.0
1003095,0.0
0742209,0.0
0742211,0.0
0742212,0.0
0742215,1.0
0742216,0.0
0742217,0.0
0742218,0.0
0742219,0.0
0753075,0.0
0747002,0.0
0747003,0.0
0747004,0.0
0747005,0.0
0747006,0.0
0747013,0.0
0747007,0.0
0747008,0.0
0747009,0.0
0747010,1.0
0747011,0.0
0747014,0.0
0747015,0.0
0747016,0.0
0747019,0.0
0747017,0.0
0747018,0.0
0747022,0.0
0747023,0.0
0747024,0.0
0747027,0.0
0747028,0.0
0747029,0.0
0747030,0.0
0747031,0.0
0747032,0.0
0747033,1.0
0747034,0.0
0747035,1.0
0747036,0.0
0747037,0.0
0747038,0.0
0747039,0.0
0747040,0.0
0747043,0.0
0747044,0.0
0747124,0.0
0747045,0.0
0747046,0.0
0747125,0.0
0747047,0.0
0747048,0.0
0747049,0.0
0747126,0.0
0747050,0.0
0747051,0.0
0747061,0.0
0747052,1.0
0747053,0.0
0747054,0.0
0747055,1.0
0747056,0.0
0747057,0.0
0747058,0.0
0747059,0.0
0747060,0.0
0747069,0.0
0747062,0.0
0747063,0.0
0747064,0.0
0747065,0.0
0747066,0.0
0747067,0.0
0747068,0.0
0747074,0.0
0747075,0.0
0747081,0.0
1003096,0.0
0747082,0.0
0747083,0.0
0747076,0.0
0747077,0.0
1003097,0.0
0747087,0.0
0747088,0.0
0747084,0.0
0747085,0.0
0747089,0.0
0747086,0.0
0747095,0.0
0747090,0.0
0747091,0.0
0747096,0.0
0747092,0.0
0747093,0.0
0747094,0.0
0747097,0.0
0747098,0.0
0747101,0.0
0747102,0.0
0747149,0.0
0747103,0.0
1003098,0.0
1003099,0.0
0747104,0.0
0747105,0.0
0747106,0.0
0747109,0.0
0747110,0.0
0747111,0.0
0747112,0.0
1003100,0.0
0747113,0.0
1003101,1.0
0747114,0.0
0747115,0.0
0747116,0.0
0747117,0.0
0747176,0.0
0747118,0.0
0747119,0.0
0747137,0.0
0747121,0.0
1110177,0.0
0747122,1.0
0747123,0.0
0747127,0.0
0747128,0.0
0747131,0.0
0747132,0.0
0747129,0.0
0747130,0.0
0747133,0.0
0747134,0.0
0747135,0.0
0747177,0.0
0747139,0.0
0747140,0.0
0747141,0.0
0747142,0.0
0747143,0.0
0747148,0.0
0747144,0.0
0747145,0.0
0747146,0.0
0747150,0.0
0747151,0.0
0747152,0.0
0747178,0.0
1227001,0.0
0747153,0.0
0747154,0.0
0747155,0.0
0747156,0.0
0747157,0.0
0747162,0.0
0747158,0.0
0747159,0.0
0747163,0.0
0747160,0.0
1110179,0.0
1110180,0.0
0747161,1.0
0747180,0.0
1110191,0.0
0747164,0.0
0747166,0.0
1003102,1.0
0747167,0.0
0747165,1.0
0747169,0.0
0747170,0.0
0747171,0.0
1215083,0.0
1215084,0.0
1215085,0.0
0747172,0.0
0747173,0.0
1215086,0.0
1215087,0.0
0749090,0.0
0747174,0.0
1046257,1.0
1215090,0.0
1215091,0.0
1215092,0.0
1215093,0.0
0747175,0.0
1046258,0.0
1215901,1.0
1215902,1.0
0747179,0.0
0747181,0.0
0747182,0.0
0747183,0.0
0747192,0.0
0747184,0.0
0747185,0.0
0747186,1.0
0747187,0.0
0747188,0.0
0747189,0.0
0747190,0.0
0747191,0.0
0747193,0.0
0747194,0.0
0747230,0.0
0747195,0.0
0747196,0.0
0749009,0.0
0747197,0.0
0747198,0.0
0747199,0.0
0749010,0.0
0747200,0.0
0747203,0.0
0747204,0.0
0747205,0.0
0747206,0.0
0747207,0.0
0747208,0.0
0747209,0.0
0747210,0.0
0747211,0.0
0747217,0.0
0747212,0.0
0747213,0.0
0747214,0.0
0747215,0.0
0747216,0.0
0747221,0.0
0747218,0.0
0747219,0.0
0747220,0.0
0747223,0.0
0747224,0.0
0747225,0.0
0749011,0.0
0747226,0.0
0747227,0.0
0747228,0.0
0747231,1.0
0747232,0.0
0749002,0.0
0749003,0.0
0749004,0.0
1227062,0.0
0749005,0.0
0749006,0.0
0749012,1.0
0749007,0.0
0749008,0.0
0749016,0.0
0749017,0.0
0749117,0.0
0749018,0.0
0749019,0.0
0749020,0.0
0749021,1.0
0749022,0.0
1003104,1.0
0749030,0.0
0749023,0.0
0749025,0.0
0749026,0.0
0749027,0.0
0749028,0.0
0749031,0.0
0749032,0.0
0749038,0.0
0749033,0.0
0749034,0.0
0749035,0.0
0749039,0.0
0749036,0.0
0749037,0.0
0749040,0.0
0749041,0.0
0749042,0.0
0749047,0.0
0749043,0.0
0749044,0.0
0749046,0.0
0749048,0.0
0749050,0.0
0749052,0.0
1046259,0.0
0749054,0.0
0749053,0.0
1046260,0.0
0749055,0.0
0749056,0.0
0749057,0.0
0749058,0.0
0749059,0.0
0749062,1.0
0749063,0.0
0749067,0.0
0749064,0.0
1046261,0.0
0749065,0.0
0749066,0.0
0749068,0.0
0749069,0.0
1046262,0.0
0749076,0.0
0749071,0.0
0749075,0.0
0749077,0.0
0749078,0.0
0749079,0.0
0749080,0.0
0749082,0.0
0749083,0.0
0749084,0.0
0749085,0.0
0749086,0.0
0749087,0.0
0749091,0.0
0749092,0.0
0749093,0.0
0749100,0.0
0749094,0.0
0749098,0.0
0749095,0.0
0749096,0.0
0749097,0.0
0749099,0.0
0749101,0.0
0749102,0.0
0749103,0.0
1046263,0.0
0749104,0.0
1046902,0.0
0749107,0.0
0749108,0.0
0749109,0.0
0749110,0.0
0749111,0.0
0749112,0.0
0749113,0.0
0749114,0.0
0749115,0.0
0749116,0.0
0749118,0.0
0749119,0.0
0749120,0.0
0749159,0.0
0749121,0.0
0749122,0.0
0749136,1.0
0749123,0.0
1106013,1.0
1106014,1.0
1106015,1.0
1106016,1.0
0749124,0.0
0749125,0.0
0749137,0.0
0749126,0.0
0749127,0.0
0749128,0.0
0749129,0.0
0749130,0.0
0749131,0.0
0749132,0.0
0749133,0.0
0749150,0.0
0749134,0.0
0749135,0.0
0749138,0.0
0749139,0.0
0749160,0.0
0749141,0.0
0749142,0.0
0749143,0.0
0749145,0.0
0749146,0.0
0749147,0.0
0749148,0.0
0749149,0.0
0749151,0.0
0749152,0.0
0749153,0.0
0749154,0.0
0749155,0.0
0749169,0.0
0749156,0.0
0749157,0.0
0749158,0.0
0749162,0.0
1227901,0.0
1227902,0.0
0749163,0.0
0749164,0.0
0749165,1.0
0749170,0.0
0749166,0.0
0749167,0.0
0749168,0.0
0749171,0.0
0749172,0.0
0749173,0.0
0749174,0.0
0749175,0.0
0749176,0.0
0749177,0.0
0749178,0.0
0749184,0.0
0749179,0.0
0749180,0.0
0749185,0.0
0749181,0.0
0749183,0.0
0749186,0.0
1726165,0.0
0749187,0.0
0749188,0.0
0749189,0.0
0749191,0.0
0749192,0.0
0749193,0.0
0749194,0.0
0749200,0.0
0749201,0.0
0749202,0.0
0749205,0.0
0749206,0.0
0749224,0.0
0749207,0.0
0749208,0.0
1726168,0.0
0749209,0.0
0749210,0.0
1726169,0.0
0749225,0.0
0749214,0.0
0749216,0.0
0749219,1.0
0749220,0.0
0749221,0.0
0749222,0.0
0749223,0.0
0749226,0.0
0749227,0.0
0749228,0.0
0749229,0.0
0749230,0.0
0749231,0.0
0749232,0.0
0749233,0.0
0749236,0.0
0749248,0.0
0749234,0.0
1726170,0.0
0749235,0.0
0749237,0.0
0749238,0.0
0749239,0.0
0749240,0.0
0749241,0.0
0749246,0.0
0749242,0.0
0749243,0.0
0749244,0.0
0749245,0.0
1232001,0.0
0749247,0.0
0749250,0.0
1232012,0.0
0749251,0.0
0749252,0.0
0749255,0.0
0749256,0.0
0749257,0.0
0749258,0.0
0749260,0.0
0749261,0.0
0802010,1.0
0749262,0.0
0749263,0.0
1232014,0.0
0749264,0.0
0749265,0.0
0749266,0.0
0749267,0.0
0749268,0.0
0749269,0.0
0749270,0.0
0749271,0.0
0749272,0.0
0749273,1.0
0749275,1.0
0802001,0.0
0802004,0.0
0802025,1.0
0802005,0.0
0802006,0.0
0802007,0.0
0802008,1.0
0802009,1.0
1531188,0.0
1106017,0.0
0802027,0.0
1106159,1.0
0802011,0.0
0802012,1.0
1003105,0.0
0802028,0.0
0802029,0.0
0802013,0.0
0802030,1.0
1106160,0.0
0802014,0.0
0802015,0.0
0802016,0.0
0802017,0.0
0802018,1.0
0802019,0.0
0802020,0.0
0802021,0.0
0802022,0.0
0802023,0.0
0802024,0.0
0802026,1.0
1726171,0.0
0802033,1.0
1003106,1.0
0802032,1.0
0802031,0.0
1726172,1.0
0802034,0.0
0802035,1.0
0802036,0.0
0802037,1.0
0802038,0.0
0802039,0.0
0802040,0.0
0802041,0.0
0802042,0.0
1726173,0.0
0802043,0.0
0802054,0.0
0802055,1.0
0802044,0.0
0802056,1.0
0802045,1.0
0802046,0.0
0802047,1.0
1106020,0.0
0802048,0.0
0802049,1.0
0802050,0.0
0802051,1.0
1726174,0.0
0802052,0.0
0802053,0.0
0816140,0.0
1003107,0.0
0802060,0.0
0802057,0.0
0802058,0.0
0802059,0.0
0802061,0.0
0802062,0.0
0802066,0.0
0802063,1.0
0802064,0.0
0802065,1.0
1726175,0.0
0802068,1.0
0802069,0.0
0816031,0.0
0802067,0.0
1012029,1.0
0802083,0.0
0816153,1.0
0816154,1.0
0802070,0.0
0802071,1.0
0802072,1.0
0802073,0.0
0802074,1.0
1012031,0.0
0802075,1.0
0802076,0.0
0802077,0.0
0802078,0.0
0802079,0.0
0802080,0.0
0802081,1.0
0802082,0.0
0802084,0.0
0813030,0.0
0813031,1.0
0802085,1.0
0802086,0.0
1012039,0.0
1012040,0.0
0802901,0.0
1726176,0.0
0853003,0.0
0813001,1.0
1106021,0.0
1106022,0.0
1106023,0.0
0813002,1.0
0813003,1.0
0813004,1.0
0813005,1.0
0816155,0.0
0813006,1.0
1106025,0.0
1106026,0.0
0813007,0.0
0813008,1.0
0813009,0.0
0813010,1.0
0813011,1.0
0813032,1.0
0813012,1.0
0813013,1.0
0816156,0.0
0813014,1.0
0813015,0.0
0813016,0.0
0813017,1.0
0813018,0.0
0813019,0.0
0813020,1.0
0813021,0.0
0813022,0.0
0816174,0.0
0813023,0.0
0813024,0.0
1106027,0.0
1106028,1.0
0813025,1.0
0813026,0.0
0813027,1.0
0813028,0.0
0813029,0.0
0813033,0.0
0813034,1.0
0813035,1.0
0813036,0.0
0813037,1.0
0813043,1.0
0819183,0.0
0813038,1.0
0813039,1.0
0813040,0.0
0813041,1.0
0813042,1.0
1106032,0.0
1106033,0.0
0813044,0.0
0813076,1.0
0813077,1.0
0813078,1.0
0813079,0.0
0813045,0.0
0813046,1.0
0813047,1.0
0813048,1.0
0813049,0.0
1232018,1.0
0813050,1.0
1531208,0.0
0813051,1.0
0813052,1.0
0813053,0.0
0813054,0.0
0813055,1.0
0813056,0.0
0813057,1.0
0813058,0.0
0813059,0.0
0816036,1.0
0813060,0.0
0813061,1.0
0813062,1.0
0813063,1.0
0813064,1.0
0813065,1.0
0813066,0.0
0816038,1.0
0813067,0.0
0813068,0.0
0813069,0.0
0813070,1.0
0813071,0.0
0813072,0.0
1601022,0.0
0813073,1.0
0813074,1.0
0813075,1.0
1012043,0.0
0813904,1.0
0813080,0.0
0813081,1.0
0813082,1.0
1012044,0.0
0813083,0.0
0813084,0.0
0813085,0.0
1601023,0.0
0813086,0.0
0813087,1.0
0813088,0.0
1012045,0.0
0813089,1.0
0813090,1.0
1012046,0.0
0813091,0.0
0819277,0.0
0813092,0.0
1601032,0.0
0813093,0.0
1601033,0.0
1601034,0.0
0813094,0.0
1601041,0.0
0813095,0.0
0813096,0.0
0813097,0.0
0813098,0.0
0813901,0.0
0813902,1.0
0816087,0.0
0813903,1.0
0816001,0.0
0816002,0.0
0816003,1.0
0816007,0.0
0816004,0.0
0816005,0.0
0816006,1.0
0816008,0.0
0816009,1.0
0816010,0.0
0816011,1.0
0816012,0.0
0816013,1.0
0816014,1.0
0816030,0.0
0816015,0.0
1531212,0.0
0816016,1.0
0816017,1.0
0816018,1.0
0816019,1.0
0816020,0.0
0816049,1.0
0816022,0.0
0816023,1.0
0816024,1.0
0816025,1.0
0816101,0.0
0816026,0.0
0816027,0.0
0816029,0.0
1531217,0.0
0816032,0.0
0816033,1.0
0816034,1.0
0816035,1.0
0816039,0.0
0816040,1.0
1531219,0.0
0816041,1.0
0816042,1.0
0816043,0.0
0816044,1.0
0816045,0.0
1012048,0.0
0816046,0.0
0816047,0.0
0816048,1.0
0816050,1.0
0816051,0.0
0816058,0.0
0816052,1.0
1106038,0.0
0816053,1.0
0819332,0.0
0816055,0.0
1726179,0.0
0819333,0.0
0816056,1.0
0816057,1.0
0816060,1.0
0816061,1.0
0816062,1.0
0816063,0.0
0816064,0.0
1726180,0.0
0816067,1.0
0816065,0.0
0816066,1.0
0816068,0.0
1012049,0.0
0816073,0.0
0816070,0.0
0816071,1.0
0816072,0.0
0816081,1.0
0816082,1.0
1106039,0.0
0816085,0.0
0816086,1.0
0819221,1.0
0816074,0.0
0816078,1.0
0816079,1.0
0816083,0.0
0816084,0.0
0816088,0.0
1106040,0.0
0816089,1.0
0816091,1.0
1106041,1.0
0816092,1.0
1106042,0.0
0816093,0.0
0816094,1.0
0816095,1.0
0816096,0.0
1106043,0.0
1106044,1.0
1106045,0.0
0816097,1.0
0816098,1.0
0816099,0.0
0816100,0.0
0816102,1.0
0816128,1.0
0816103,1.0
0816104,1.0
1726181,0.0
0816106,1.0
0816107,1.0
1726183,0.0
0816108,1.0
0816109,0.0
0816110,0.0
0816111,0.0
0816112,1.0
0816113,1.0
0816129,0.0
0816115,1.0
0816116,1.0
0816117,1.0
0816118,1.0
0816135,0.0
0816119,1.0
0816121,0.0
0816122,1.0
0816123,1.0
0816124,0.0
0816125,1.0
1106046,0.0
0816126,1.0
0816130,1.0
0816131,1.0
0816132,0.0
0816133,0.0
0816134,0.0
0816137,1.0
0816139,0.0
0816141,0.0
0816146,0.0
0816142,0.0
0816143,1.0
0816145,0.0
0816148,0.0
0816149,1.0
1106047,0.0
1106048,0.0
0816150,1.0
0816151,1.0
0816152,0.0
0816157,0.0
0816160,1.0
0816161,0.0
0816158,0.0
0816159,1.0
0816162,0.0
0816165,1.0
0816166,0.0
0816167,1.0
0816169,0.0
0816170,0.0
0816171,0.0
0816172,0.0
0816173,0.0
0816175,1.0
0816176,0.0
0816188,1.0
0816177,0.0
0816181,0.0
0816185,1.0
0816186,1.0
0816187,0.0
0816199,0.0
0816189,1.0
0816190,1.0
0816191,1.0
0816192,0.0
0816193,0.0
0816217,0.0
1012050,1.0
1012051,0.0
0816224,1.0
0816194,0.0
0819122,0.0
0816195,0.0
1012052,1.0
0816196,0.0
0819224,0.0
0816197,0.0
1012053,0.0
0819246,0.0
0816198,1.0
0819133,0.0
0816202,1.0
1012055,0.0
0819107,0.0
0816203,1.0
0816204,1.0
0816205,1.0
0816206,1.0
0816209,1.0
0816211,0.0
0819134,0.0
0816212,0.0
0816213,0.0
0816215,1.0
0816216,0.0
0816218,0.0
0816219,0.0
0816225,0.0
0816227,0.0
0816228,1.0
0816231,0.0
0816234,1.0
0819250,0.0
0816236,0.0
0816237,1.0
0816238,0.0
0816239,1.0
0816275,1.0
0816240,1.0
0816242,0.0
0816245,0.0
0816243,0.0
0816244,0.0
0816246,1.0
0816247,0.0
0816266,0.0
0816248,1.0
1012056,0.0
0816249,0.0
0816250,1.0
0816251,0.0
0816253,0.0
0816254,0.0
0816255,0.0
0845032,0.0
0816258,0.0
0816259,0.0
0816263,1.0
0816273,0.0
0816264,0.0
0816265,0.0
0816269,1.0
0816270,1.0
1012057,0.0
0816271,1.0
0816272,0.0
0816274,0.0
0819208,0.0
0816276,1.0
1012058,0.0
0816906,1.0
0816277,0.0
1012059,0.0
1012060,0.0
0816278,1.0
0816279,0.0
0816280,1.0
0816901,0.0
0816902,1.0
0816903,0.0
1531049,0.0
1531050,0.0
0816904,1.0
0816905,1.0
1531051,0.0
0816908,1.0
1531052,0.0
0819001,0.0
0816909,1.0
0816910,1.0
0819002,0.0
0819003,0.0
0819004,0.0
0819008,0.0
0819005,0.0
0819006,0.0
0819007,0.0
0819009,1.0
0819010,0.0
0819011,0.0
0819013,0.0
0819015,0.0
0819016,0.0
0819017,0.0
0819018,0.0
0819019,0.0
0819020,0.0
1012061,0.0
0819027,0.0
0819021,0.0
0819022,0.0
1531053,0.0
0819023,0.0
0819024,0.0
0819034,0.0
0819031,0.0
1531056,0.0
0819036,0.0
0819032,0.0
0819033,0.0
0819037,0.0
0819038,0.0
0917203,0.0
0819039,0.0
0819040,0.0
0819061,0.0
0819041,1.0
0819042,0.0
0819070,0.0
0819071,0.0
0819043,0.0
1012063,0.0
0819044,0.0
1012064,0.0
0819045,0.0
1531057,0.0
0819046,0.0
0819047,0.0
0819048,0.0
0819049,0.0
0819050,0.0
0819209,0.0
0819051,0.0
0819052,0.0
0819053,1.0
0819057,0.0
0819054,0.0
0819055,0.0
0819213,0.0
1012065,0.0
0819059,0.0
0819060,0.0
1012067,0.0
0819058,0.0
0819064,0.0
0819065,0.0
0819066,0.0
0819067,0.0
0819076,0.0
0819073,0.0
0819074,0.0
0819075,0.0
0819078,0.0
0819079,0.0
0819087,0.0
0819080,0.0
0819081,0.0
0819082,0.0
0819086,1.0
0819088,0.0
0819089,0.0
0819090,0.0
0819096,0.0
0819097,0.0
0819098,0.0
0819099,0.0
0819102,0.0
0819103,0.0
0819104,0.0
0819105,0.0
0819106,0.0
0819108,0.0
0819109,0.0
0819110,0.0
0819111,0.0
0819112,0.0
0819114,0.0
0819113,0.0
0917204,1.0
0819115,0.0
0819116,0.0
0819117,1.0
0819118,0.0
0819119,0.0
1531058,0.0
0819121,0.0
0819120,0.0
0819123,0.0
0819124,0.0
0819125,0.0
0819126,0.0
0819127,0.0
0819129,0.0
0819130,1.0
0819132,0.0
0819135,0.0
0819136,0.0
0819139,0.0
0819138,0.0
0819153,0.0
0819142,0.0
0819143,1.0
0819145,0.0
0819146,0.0
0819147,0.0
0819148,0.0
0819150,0.0
0819151,1.0
0819152,0.0
0819154,0.0
0819155,0.0
1531059,0.0
0819156,0.0
0819157,0.0
0819159,0.0
0819160,0.0
0819161,0.0
0819162,0.0
0819163,0.0
1531060,0.0
1531061,0.0
0819165,0.0
0819172,0.0
0819166,0.0
0819167,0.0
0819168,0.0
0819169,0.0
1106116,0.0
0819170,0.0
0819173,0.0
0819171,0.0
0819175,0.0
0819176,0.0
0819177,0.0
0819178,0.0
0819179,0.0
0819181,0.0
0819184,0.0
0819185,0.0
0819220,0.0
0819186,0.0
0819187,0.0
0819188,0.0
0819193,0.0
0819189,0.0
1106118,0.0
0819190,0.0
0819191,0.0
0819192,1.0
0819194,0.0
1106119,0.0
0819195,0.0
0819196,0.0
0819197,0.0
0819198,0.0
0819202,0.0
0819199,0.0
0819200,0.0
0819201,0.0
0819203,0.0
0819204,0.0
0819210,0.0
1012068,0.0
0819211,0.0
0819212,0.0
0819214,0.0
1012069,0.0
1012070,0.0
0819215,1.0
1012083,0.0
1012084,1.0
1012085,0.0
0819216,0.0
0819217,0.0
0819218,0.0
0819219,0.0
0819222,0.0
0819223,0.0
0819225,0.0
0819226,0.0
0819227,0.0
0819228,0.0
0819229,0.0
1012087,0.0
0819230,1.0
0819231,0.0
1012088,0.0
1012089,1.0
0819232,0.0
0819233,0.0
0819234,0.0
0819235,0.0
0819256,0.0
0819237,0.0
0819238,0.0
0819257,1.0
0845141,0.0
0819239,0.0
0819240,0.0
0819241,0.0
0819242,0.0
0819243,0.0
0819261,0.0
0819244,1.0
1012090,0.0
1012091,0.0
0819245,0.0
0819247,0.0
0819248,0.0
0819249,0.0
1012120,1.0
0819251,0.0
0819254,0.0
0819252,0.0
0819255,0.0
0819258,0.0
0819259,0.0
0819260,0.0
1012092,0.0
0819263,0.0
0819267,0.0
0819262,0.0
0819264,0.0
0819268,0.0
0819265,0.0
0819266,0.0
1012094,0.0
0819269,0.0
0819270,0.0
0819271,0.0
0819272,0.0
0819274,0.0
0819278,0.0
0819279,1.0
0819283,0.0
0819280,0.0
0819281,0.0
0819282,0.0
0819284,0.0
0819285,1.0
0819286,0.0
0819287,0.0
0819290,0.0
0819288,0.0
0819289,0.0
1328091,0.0
0819296,0.0
0819291,0.0
0819293,1.0
0819294,0.0
1328092,0.0
0819297,0.0
0819298,0.0
0819302,0.0
0819299,0.0
1328102,0.0
1328104,0.0
1328106,1.0
1328107,0.0
1328108,0.0
0819303,0.0
0917087,0.0
0819300,0.0
0819301,0.0
1328109,0.0
0819304,0.0
0819305,0.0
0819306,0.0
0819318,0.0
0819307,0.0
0819308,0.0
0819309,0.0
0819310,0.0
0819311,0.0
0819314,0.0
0819317,0.0
0819321,0.0
0819322,0.0
0819323,0.0
0819326,0.0
0819327,1.0
0819330,0.0
0819331,0.0
0819334,0.0
0819335,0.0
0845005,0.0
0819901,0.0
0853047,0.0
0845001,0.0
1012097,0.0
0845002,0.0
0845004,0.0
0845003,0.0
0845039,0.0
0845006,0.0
0845007,0.0
0845015,0.0
0845008,0.0
1531146,0.0
0845009,0.0
0845010,0.0
0845011,0.0
1531147,0.0
0845012,0.0
0845013,0.0
0845014,1.0
0845016,0.0
0845017,0.0
1531148,0.0
0845018,0.0
0845022,0.0
0845019,0.0
0845025,0.0
0845020,0.0
0845021,0.0
0845026,0.0
0845023,0.0
0845024,0.0
0845027,0.0
0845028,0.0
0845029,0.0
0845030,0.0
0845031,1.0
0845033,0.0
1531069,0.0
0845034,0.0
0845035,0.0
0845036,0.0
1003001,0.0
0845037,0.0
0845038,0.0
0908241,0.0
0908242,0.0
0845040,0.0
0845041,1.0
1531070,0.0
0845060,0.0
0845042,0.0
1106128,0.0
0845043,0.0
1531071,0.0
0845045,0.0
0845046,0.0
0845047,0.0
1106129,0.0
0845048,0.0
1012099,1.0
0845049,0.0
0845050,0.0
0845159,0.0
0845051,0.0
0845052,1.0
0845053,1.0
0845054,1.0
0845055,0.0
0845056,0.0
0845057,0.0
0845058,0.0
1012098,0.0
0845059,1.0
1012100,1.0
0845062,0.0
0845061,0.0
0845063,0.0
0845064,1.0
0845065,0.0
1012101,1.0
0845066,1.0
0845067,0.0
0845068,0.0
1531072,0.0
0845073,0.0
0845088,0.0
0845069,1.0
1531073,0.0
0845070,0.0
0845071,0.0
0845072,0.0
0845074,0.0
0845075,0.0
0845076,0.0
0845077,0.0
0845078,0.0
0845079,0.0
0845080,0.0
0845081,1.0
0845083,0.0
0908243,1.0
0845082,0.0
0908247,0.0
0908248,1.0
0845084,1.0
0845085,0.0
1012102,1.0
0845087,1.0
0845086,0.0
0845089,1.0
0845090,0.0
0845091,0.0
0845092,0.0
0845104,0.0
0845093,0.0
1012103,0.0
1012104,1.0
0250902,0.0
0845094,0.0
0250903,0.0
0333001,0.0
0333002,0.0
0333003,0.0
0845095,0.0
0845096,0.0
0845097,0.0
0845098,0.0
0845099,0.0
0845100,0.0
0845101,1.0
1531213,0.0
0845102,0.0
0845103,0.0
0845105,0.0
0845108,0.0
1531214,0.0
0845106,0.0
0845107,1.0
1012112,0.0
0845111,0.0
0845109,0.0
0845110,0.0
0925231,0.0
0845112,0.0
0845113,0.0
0845128,0.0
0845114,0.0
0845115,1.0
0845116,0.0
0845117,0.0
1012113,0.0
1012114,0.0
0845118,1.0
1012116,0.0
0845119,0.0
1012118,0.0
0845120,0.0
0845121,1.0
0845122,0.0
0845123,0.0
0845124,0.0
0845125,0.0
0845126,0.0
0845127,0.0
0845129,0.0
0845132,0.0
0845133,0.0
0845130,0.0
1012119,0.0
0845131,0.0
0845134,0.0
0845135,0.0
0845136,0.0
0845137,0.0
0845138,0.0
0845139,0.0
0845140,1.0
0845142,0.0
1012121,0.0
0845143,0.0
0845144,0.0
1012123,0.0
0845145,0.0
0845146,0.0
0845147,0.0
1012124,0.0
0845148,0.0
1012125,0.0
0845149,0.0
1531220,0.0
0845150,0.0
1012126,1.0
0845151,0.0
0845152,0.0
1531074,0.0
0845153,0.0
1531075,0.0
0845154,0.0
1531099,0.0
0845155,0.0
0845156,0.0
0845157,1.0
1106130,0.0
0845158,1.0
0845160,0.0
0845161,0.0
1531100,0.0
0845167,0.0
0845168,1.0
0845162,0.0
0845163,1.0
1531221,0.0
0845164,0.0
0845165,0.0
1106131,0.0
0845166,1.0
1106132,0.0
0845169,0.0
0845170,0.0
1328136,0.0
0845172,0.0
0845171,0.0
1328137,0.0
1328138,0.0
1328140,0.0
1531101,0.0
0845173,0.0
0845174,0.0
0845175,1.0
0845176,0.0
0845177,0.0
1531110,0.0
0845179,0.0
1531111,0.0
0845182,0.0
0845180,1.0
0845181,0.0
1531112,0.0
0908008,0.0
0845183,0.0
0845184,0.0
0908009,1.0
0908010,1.0
0845185,1.0
0845186,0.0
0845187,0.0
0845188,0.0
0845189,0.0
0908042,0.0
0845190,0.0
1531113,0.0
1531116,0.0
1531117,0.0
0845191,0.0
1106137,0.0
0845192,0.0
0845193,0.0
0908067,1.0
0908068,0.0
0908069,1.0
0908070,0.0
0908071,0.0
0845194,0.0
1106138,1.0
1106139,0.0
0845195,1.0
0908072,0.0
0845196,0.0
0845197,1.0
1106140,0.0
1106141,0.0
0845198,1.0
1106147,0.0
0845199,0.0
0845200,0.0
1106148,0.0
0908092,0.0
0845201,0.0
1531114,0.0
0908093,0.0
0845202,1.0
0845203,0.0
0908099,1.0
0908100,0.0
0845204,0.0
1012127,0.0
0845205,0.0
1012128,0.0
1012129,0.0
0845901,0.0
0908001,1.0
0908002,0.0
0908003,1.0
0908004,0.0
0908005,0.0
0908006,0.0
1328146,0.0
1328147,0.0
0908007,0.0
0908011,0.0
0908012,1.0
0908013,0.0
0908014,1.0
0908015,1.0
0908020,1.0
0908016,0.0
0908017,0.0
0908018,1.0
0908019,1.0
0943147,0.0
0943148,1.0
1106064,0.0
0943149,0.0
0943150,0.0
0943151,0.0
0943152,0.0
0908108,0.0
0908109,0.0
0908021,0.0
0943158,0.0
0908152,0.0
0908022,1.0
0908023,1.0
0908024,0.0
0908025,0.0
0908026,0.0
0908027,0.0
0908028,0.0
0908029,0.0
0908030,1.0
0943143,0.0
0943144,0.0
0943145,0.0
0943146,0.0
1046014,1.0
0908032,0.0
0943153,0.0
0908033,1.0
0943154,0.0
0943155,1.0
0943156,1.0
0943157,0.0
0943159,0.0
0943160,0.0
0943161,0.0
0943162,1.0
0943163,0.0
0943164,0.0
0943165,0.0
0943166,0.0
1046015,0.0
0943167,0.0
0943168,0.0
0943169,0.0
0943170,0.0
0943171,0.0
0908171,1.0
0908172,1.0
0943172,1.0
0943173,0.0
0908199,0.0
1328169,0.0
0943174,0.0
0943175,0.0
0943176,1.0
0943177,0.0
0943178,0.0
0943901,1.0
0908031,1.0
1046016,0.0
1046017,0.0
1046018,0.0
0908041,1.0
0908034,0.0
0908035,1.0
0908036,0.0
1531115,0.0
0908037,0.0
0908038,0.0
0908039,0.0
0908040,0.0
0908043,1.0
1046019,0.0
0908044,1.0
0908045,0.0
1046020,0.0
0908046,1.0
0908047,1.0
0908048,0.0
1046021,1.0
1531118,0.0
0908049,0.0
0908050,0.0
0908051,0.0
0908052,0.0
0908053,0.0
0908054,1.0
1046023,0.0
0908055,0.0
1531119,0.0
0908056,1.0
0908057,0.0
0908058,0.0
0908059,0.0
0908060,0.0
1046024,0.0
0908061,0.0
0908062,0.0
0908063,0.0
0908064,1.0
0908065,0.0
0908066,0.0
0908073,1.0
1046025,0.0
0908204,1.0
0908205,0.0
0908074,1.0
1531121,0.0
0908206,0.0
0908075,0.0
0908076,1.0
0908215,0.0
0908216,0.0
0908077,1.0
1046026,1.0
0908078,0.0
0908079,1.0
0908080,0.0
0908081,0.0
0908082,0.0
0908083,0.0
1046027,1.0
0908084,0.0
0908085,0.0
1046028,0.0
1046029,1.0
0908086,0.0
0908087,0.0
1106068,0.0
0908088,1.0
1046030,0.0
0908089,1.0
0908090,0.0
0908091,1.0
1106069,0.0
1106070,0.0
0908094,0.0
0908095,0.0
0908096,1.0
1046031,1.0
1046032,0.0
0908097,0.0
0908098,1.0
0908101,1.0
0908102,1.0
0908103,0.0
0908104,1.0
0908105,0.0
0908106,0.0
0908107,1.0
0943902,1.0
0917115,1.0
0917116,0.0
0908110,0.0
0917117,1.0
0917118,1.0
0908111,1.0
0908112,1.0
0908113,1.0
0908114,1.0
0908115,1.0
0908116,0.0
0908117,0.0
0908118,0.0
0908119,1.0
0908120,0.0
0908121,1.0
0908122,0.0
0908123,1.0
0908124,0.0
0908125,1.0
0908126,0.0
0908127,0.0
0908128,0.0
0908129,0.0
0908130,0.0
1046033,0.0
0908131,0.0
0908132,0.0
0908133,0.0
1046034,1.0
0908134,0.0
0908135,1.0
0908136,0.0
0908137,0.0
0908138,1.0
0908139,0.0
0908140,1.0
0908141,1.0
0908142,0.0
0908143,0.0
0908144,0.0
0908145,1.0
1046035,0.0
0908146,1.0
0908147,0.0
0908148,1.0
0908149,0.0
0908150,0.0
0908151,0.0
0908153,0.0
0908154,0.0
0908155,0.0
0908156,0.0
0908157,1.0
1046036,1.0
0908158,1.0
1046037,0.0
0908159,0.0
0908160,0.0
0908161,1.0
0908162,0.0
0908163,0.0
0908164,0.0
0908165,0.0
0908166,0.0
0908167,0.0
0908168,0.0
0908169,0.0
0908170,0.0
0908174,0.0
0908175,1.0
0908176,0.0
0908177,0.0
0908178,0.0
0908179,1.0
0908180,0.0
0917119,0.0
0908181,0.0
0908182,0.0
0908183,0.0
0908184,1.0
0908185,0.0
1106071,0.0
0908187,1.0
0908188,0.0
0908189,0.0
0908190,0.0
0908191,1.0
0943903,1.0
0908192,0.0
0908193,1.0
0908194,1.0
1046073,0.0
1046074,0.0
0908195,0.0
1046075,0.0
0908196,0.0
0908197,1.0
0908198,1.0
0908200,1.0
1046076,1.0
1531122,0.0
0908201,0.0
0908202,1.0
0908203,1.0
0943904,0.0
0943905,1.0
0943906,0.0
0908264,1.0
0908207,0.0
0908208,0.0
0908209,0.0
1046077,0.0
0908210,1.0
0908211,1.0
0908212,0.0
0917101,1.0
0908213,0.0
0908904,0.0
0908214,0.0
0908217,0.0
0908219,0.0
0908220,0.0
0908218,0.0
0908221,0.0
0943907,1.0
0908228,0.0
0908229,0.0
0908905,0.0
0917102,0.0
0908225,0.0
0908226,0.0
0917010,0.0
0917011,1.0
1003007,0.0
0908227,0.0
0908230,0.0
0908231,0.0
1106075,0.0
0908232,1.0
0908233,0.0
0908234,0.0
0908235,0.0
0908236,0.0
0908237,0.0
0908238,0.0
0908239,0.0
0908240,0.0
0908244,0.0
0908245,0.0
0908246,0.0
1046078,0.0
1046079,0.0
1046080,0.0
0908249,0.0
0908250,1.0
0908251,1.0
0908252,0.0
0908253,0.0
0908254,0.0
0908255,0.0
0908271,0.0
0908256,0.0
0908901,0.0
0917012,0.0
0917013,1.0
0908257,0.0
0908258,0.0
0908259,1.0
0908902,0.0
0908903,0.0
0908260,1.0
0908261,0.0
0908262,1.0
0908263,1.0
0908265,0.0
0908266,0.0
0908267,1.0
0917014,0.0
0917015,1.0
0917016,0.0
0908268,0.0
0908269,0.0
0908270,1.0
1003002,0.0
0917024,0.0
0908272,0.0
0908273,1.0
0908274,1.0
0908275,0.0
0908276,0.0
0908277,0.0
0908278,1.0
0908279,1.0
0908280,0.0
0908281,1.0
0908282,1.0
0908283,0.0
0908284,1.0
1003003,0.0
1046082,0.0
0908285,1.0
0908286,0.0
0908287,1.0
0908288,0.0
0908289,1.0
1003004,0.0
0908290,0.0
0908291,0.0
0908292,0.0
0908293,0.0
0908294,0.0
0908295,1.0
0908296,0.0
0908297,0.0
0908298,1.0
0908299,0.0
1046093,0.0
0908300,1.0
0908301,1.0
0908302,1.0
0908303,0.0
0908304,0.0
1046094,1.0
0908305,0.0
1046095,0.0
0917120,1.0
0908306,0.0
0908307,0.0
0908308,0.0
0917001,1.0
0917002,0.0
0917003,0.0
1003008,0.0
0917004,1.0
0917005,0.0
0917006,1.0
0917007,1.0
0917008,1.0
0917009,1.0
0917018,0.0
0917026,1.0
0917129,1.0
0917019,1.0
0917020,0.0
0917021,0.0
0917022,0.0
0917023,1.0
1003005,0.0
0917027,1.0
0917025,0.0
0917036,0.0
0917037,0.0
0917038,0.0
0917039,1.0
0917040,0.0
0917028,0.0
0917029,0.0
0917077,0.0
0917030,0.0
0917031,1.0
0917032,1.0
0917033,1.0
0917034,0.0
0917035,0.0
0917041,0.0
0917042,1.0
0917043,0.0
0917044,0.0
0917046,0.0
0917047,0.0
0917048,0.0
1328155,0.0
0917049,1.0
0917050,0.0
1328165,1.0
0917051,1.0
0917052,1.0
0917054,0.0
0917055,0.0
0917056,0.0
0917057,0.0
0917058,0.0
0917060,0.0
0917061,1.0
0917062,1.0
0917063,0.0
0917064,0.0
0917065,0.0
0917066,1.0
0917067,0.0
0925036,0.0
0925037,0.0
0917068,1.0
0925038,0.0
0925039,0.0
0925040,1.0
0917069,0.0
0917070,1.0
0917071,0.0
0917073,0.0
0917074,0.0
1328166,0.0
0917075,0.0
0917076,0.0
0917078,0.0
0917079,1.0
0917080,0.0
0917081,0.0
0917085,0.0
0917086,0.0
0917082,0.0
0917083,0.0
0917084,0.0
0917088,1.0
0917089,1.0
0917090,0.0
0917091,0.0
0917092,1.0
0917093,1.0
0917094,0.0
0917095,1.0
0917096,0.0
0917097,1.0
0917098,0.0
0917099,0.0
1003006,0.0
0917100,0.0
0917103,0.0
0917105,0.0
0917106,0.0
0917107,0.0
0917109,0.0
0917110,0.0
0917111,0.0
0917112,0.0
0917114,1.0
0917121,0.0
0917123,0.0
1328170,1.0
1328171,0.0
1328172,0.0
0917124,0.0
0917125,0.0
0917126,0.0
0917128,1.0
1328173,0.0
1003058,0.0
0917130,0.0
1328174,0.0
1328175,0.0
0917132,1.0
0917133,0.0
0917134,0.0
0917135,0.0
1328176,0.0
1328177,1.0
1328178,0.0
1328179,0.0
0917168,0.0
0917169,0.0
0917136,0.0
0917137,0.0
0917138,0.0
0917139,0.0
0917140,0.0
0917141,1.0
1353057,0.0
0917170,0.0
0917171,0.0
0917172,1.0
0917173,0.0
0917142,1.0
1353058,0.0
1430001,1.0
1430002,0.0
1430003,1.0
1430004,0.0
0917174,0.0
0917143,0.0
1531026,0.0
0917175,1.0
0917144,0.0
0917145,0.0
0917146,0.0
0917147,0.0
1003062,0.0
1003063,0.0
0917148,0.0
0917149,0.0
1531027,0.0
0917150,0.0
0917151,1.0
0917152,1.0
1531028,0.0
0917153,0.0
0917154,0.0
1531040,0.0
0917155,1.0
1531041,0.0
1003064,0.0
1003065,0.0
0917157,0.0
0917188,0.0
0917189,0.0
0917190,0.0
0917158,0.0
1106149,0.0
0917159,0.0
0917160,1.0
0917161,1.0
0917162,0.0
0917163,1.0
0917164,1.0
0917165,0.0
0917197,0.0
0917166,1.0
0917167,0.0
0917176,0.0
0917177,0.0
0917178,0.0
0917180,0.0
0917181,0.0
0917182,0.0
0917183,0.0
0917184,0.0
0917185,0.0
0917217,0.0
1003059,1.0
1003060,0.0
1003061,0.0
0917218,0.0
0917220,0.0
0917186,0.0
0917187,1.0
0917191,0.0
0917192,0.0
0917193,1.0
0917194,0.0
0917198,0.0
0917199,1.0
0917200,0.0
0917201,0.0
0917202,1.0
0917195,0.0
1531157,0.0
0917196,0.0
0917205,0.0
0917221,1.0
0917206,0.0
0917207,0.0
0917208,0.0
0917227,0.0
0917209,0.0
0917210,0.0
0917211,0.0
0917212,0.0
0917213,1.0
0925033,0.0
0917214,0.0
0917215,1.0
0917216,0.0
0925034,1.0
0917222,1.0
0925035,0.0
0917223,1.0
0917224,0.0
0917225,0.0
0917226,1.0
0917228,0.0
0917230,0.0
0917232,0.0
0917233,0.0
0917234,1.0
0917901,0.0
0917902,1.0
0917903,0.0
0925001,0.0
0925002,0.0
0925003,1.0
0925004,0.0
0925005,0.0
0925006,0.0
0925007,0.0
0925008,0.0
0925009,0.0
1531192,0.0
0925010,0.0
1003066,1.0
0925011,1.0
1003067,0.0
0925012,1.0
1003068,0.0
0925013,0.0
1003069,1.0
0925014,0.0
0925015,0.0
1003070,0.0
0925016,0.0
0925017,0.0
0925019,1.0
0925020,0.0
1003071,0.0
0925021,0.0
0925022,0.0
0925023,1.0
0925024,0.0
0925025,0.0
0925027,0.0
0925029,0.0
1003072,0.0
0925030,0.0
0925031,1.0
0925032,0.0
1003073,0.0
0925045,0.0
0925046,0.0
0925047,0.0
0925048,0.0
0925041,0.0
0925042,0.0
0925043,0.0
0925044,0.0
0925068,1.0
1003074,0.0
0925070,1.0
0925071,0.0
0925072,1.0
0925073,0.0
0925074,0.0
0925075,0.0
0925076,0.0
0925077,0.0
0925078,1.0
0925079,0.0
0925049,0.0
0925050,1.0
0925051,0.0
0925052,0.0
0925053,0.0
0925055,1.0
0925056,0.0
0925057,0.0
0925058,1.0
0925059,1.0
0925060,0.0
0925061,0.0
0925062,0.0
1003013,1.0
1003014,0.0
0925063,0.0
0925064,0.0
0925067,0.0
0925069,0.0
1046096,1.0
0925086,0.0
0925081,0.0
0925082,0.0
0925085,0.0
0925093,0.0
0925094,0.0
0925087,0.0
0925088,0.0
0925119,1.0
0925120,1.0
0925121,1.0
0925122,0.0
0925123,0.0
0925124,0.0
1046097,0.0
0925089,0.0
0925092,0.0
0925149,1.0
0925096,0.0
0925097,0.0
0925098,0.0
0925150,0.0
0925151,0.0
0925099,0.0
0925100,0.0
0925101,0.0
0925102,0.0
0925103,0.0
0925104,0.0
0925105,0.0
0925109,0.0
1046098,1.0
1046099,0.0
0925110,1.0
0925111,0.0
0925112,0.0
0925113,0.0
0925114,0.0
0925115,1.0
0925118,0.0
1003009,0.0
0925125,0.0
0925126,0.0
0925127,0.0
0925128,0.0
0925129,1.0
0925130,0.0
0925131,0.0
0925132,0.0
0925133,0.0
0925134,0.0
0925135,0.0
0925136,0.0
0925137,0.0
0925138,0.0
0925139,0.0
1003010,0.0
1003011,1.0
0925140,0.0
0925141,0.0
0925142,0.0
1003012,0.0
0925143,0.0
0925145,0.0
0925146,0.0
0925148,0.0
0925152,0.0
0925153,0.0
0925154,0.0
0925155,0.0
0925156,0.0
1046100,0.0
0925171,0.0
0925157,0.0
0925158,0.0
0925161,0.0
0925163,0.0
0925164,0.0
0925165,0.0
0925166,0.0
0925167,0.0
0925174,0.0
0925168,0.0
0925169,0.0
0925170,0.0
0925172,0.0
0925175,0.0
0925176,1.0
0925177,0.0
0925179,0.0
0925180,0.0
0925173,0.0
0925181,0.0
0925182,0.0
0925183,0.0
1046101,0.0
0925185,0.0
0925186,0.0
0925189,1.0
0925190,0.0
0925191,0.0
0925192,0.0
0925193,1.0
0925194,0.0
1531193,0.0
0925210,0.0
0925196,0.0
0925197,0.0
0925200,0.0
0925201,0.0
0925202,0.0
0925203,0.0
0925204,0.0
0925205,0.0
0925206,0.0
0925207,1.0
0925208,0.0
0925251,0.0
0925252,0.0
0925253,0.0
0925209,1.0
0925211,0.0
0925212,0.0
0925215,0.0
0925216,1.0
0925217,1.0
0925218,0.0
0925228,1.0
0925230,0.0
0925219,0.0
0925220,0.0
0925221,0.0
0925222,0.0
0925223,1.0
0925224,0.0
0925225,0.0
0925226,0.0
0925227,0.0
0925232,0.0
1531194,0.0
0925233,0.0
0925234,1.0
0925238,0.0
0925239,0.0
0925240,0.0
0925242,1.0
0925243,1.0
0925244,0.0
0925245,1.0
0925247,0.0
0925248,0.0
0925249,0.0
1046102,0.0
0925250,0.0
0925254,0.0
0925255,0.0
0925901,0.0
0925902,0.0
0925903,0.0
0925904,0.0
0925905,0.0
0925912,0.0
0925913,0.0
0953055,0.0
0943001,0.0
0925906,0.0
0925907,0.0
0925908,0.0
0925909,0.0
0925910,0.0
0925911,0.0
0943015,0.0
0943002,0.0
1531196,0.0
0943016,0.0
0943003,1.0
0943004,1.0
0943005,0.0
1046103,0.0
0943006,0.0
1531197,0.0
0943007,0.0
0943008,1.0
0943009,0.0
1106150,0.0
0943010,0.0
0943011,0.0
0943012,0.0
0943013,0.0
0943014,1.0
0943017,0.0
0943018,0.0
0943019,1.0
1003015,0.0
0943020,0.0
0943021,0.0
0943022,0.0
0943023,0.0
0943024,1.0
0943025,1.0
0943026,1.0
0943027,0.0
1003016,0.0
1003103,0.0
1012027,0.0
1012028,1.0
1012038,0.0
1012041,1.0
1012042,1.0
1012071,0.0
1012082,0.0
1012093,0.0
1012096,0.0
1012111,0.0
1012115,0.0
1012117,1.0
1012122,0.0
1012902,0.0
1046001,0.0
1046013,1.0
1046022,0.0
1046071,0.0
1046072,0.0
1046081,1.0
1046092,0.0
1046118,0.0
1046132,1.0
1046148,1.0
1046149,0.0
1046154,0.0
1046182,0.0
1046190,1.0
1046201,0.0
1046202,0.0
1046238,1.0
1046249,1.0
1046250,0.0
1106011,0.0
1106012,1.0
1106018,0.0
1106019,1.0
1106024,0.0
1106029,0.0
1106030,0.0
1106031,0.0
1106034,0.0
1106037,0.0
1106049,0.0
1106050,0.0
1106052,1.0
1106053,0.0
1106054,0.0
1106063,0.0
1106065,0.0
1106066,0.0
1106067,0.0
1106073,1.0
1106074,1.0
1106099,0.0
1106101,0.0
1106102,0.0
1106109,0.0
1106110,0.0
1106112,0.0
1106113,0.0
1106117,0.0
1106127,1.0
1106136,1.0
1106146,0.0
1106152,0.0
1106153,0.0
1106154,0.0
1106903,0.0
1110013,0.0
1110018,0.0
1110044,0.0
1110045,0.0
1110046,0.0
1110050,0.0
1110061,0.0
1110062,0.0
1110066,0.0
1110067,0.0
1110068,0.0
1110069,0.0
1110070,0.0
1110081,0.0
1110082,0.0
1110084,1.0
1110085,0.0
1110089,0.0
1110090,0.0
1110095,0.0
1110104,0.0
1110105,0.0
1110121,1.0
1110124,0.0
1110125,0.0
1110126,0.0
1110127,0.0
1110128,0.0
1110136,0.0
1110140,0.0
1110150,0.0
1110151,0.0
1110167,0.0
1110168,0.0
1110169,0.0
1110170,0.0
1110171,0.0
1110173,0.0
1110176,0.0
1110178,0.0
1110181,0.0
1110182,0.0
1110189,1.0
1110190,0.0
1110198,1.0
1110199,0.0
1110200,0.0
1215007,0.0
1215008,0.0
1215009,0.0
1215010,0.0
1215011,1.0
1215012,0.0
1215013,0.0
1215014,0.0
1215015,0.0
1215016,0.0
1215024,1.0
1215025,0.0
1215027,0.0
1215028,0.0
1215029,0.0
1215030,0.0
1215042,1.0
1215043,0.0
1215044,0.0
1215045,0.0
1215076,0.0
1215077,0.0
1215078,0.0
1215079,0.0
1215080,0.0
1215081,0.0
1215082,0.0
1215089,1.0
1227003,0.0
1227012,0.0
1227013,1.0
1227014,0.0
1227015,0.0
1227016,1.0
1227017,0.0
1227018,0.0
1227019,1.0
1227023,0.0
1227029,0.0
1227030,0.0
1227031,0.0
1227035,0.0
1227040,0.0
1227041,0.0
1227045,0.0
1227047,0.0
1227048,0.0
1227053,0.0
1227054,0.0
1227055,0.0
1227056,0.0
1227059,1.0
1227060,1.0
1227061,0.0
1227063,0.0
1227064,0.0
1227065,0.0
1227066,0.0
1232004,0.0
1232009,1.0
1232010,1.0
1232011,0.0
1232013,0.0
1232015,0.0
1232016,1.0
1232017,0.0
1232019,1.0
1232020,0.0
1232021,0.0
1232024,1.0
1531198,0.0
1232029,0.0
1232030,0.0
1232032,1.0
1232034,1.0
1232035,0.0
1232044,0.0
1232048,0.0
1232049,0.0
1232050,0.0
1232051,1.0
1232054,0.0
1232073,0.0
1232076,0.0
1232083,0.0
1232085,1.0
1232086,0.0
1232087,0.0
1328158,0.0
1328159,0.0
1232092,0.0
1328160,0.0
1328161,0.0
1328162,0.0
1236001,0.0
1236005,1.0
1236006,0.0
1236007,0.0
1236008,1.0
1236009,0.0
1531237,0.0
1236010,0.0
1531238,0.0
1236014,0.0
1236015,1.0
1531239,0.0
1236018,0.0
1236019,0.0
1236020,0.0
1236025,0.0
1236026,0.0
1236028,0.0
1236029,0.0
1236034,0.0
1236035,0.0
1236036,0.0
1236042,0.0
1236043,0.0
1236046,0.0
1236047,1.0
1236050,0.0
1236051,1.0
1236052,1.0
1328018,0.0
1328022,0.0
1328023,0.0
1328046,0.0
1328047,0.0
1328059,0.0
1328060,0.0
1328061,1.0
1328062,0.0
1328063,0.0
1328064,0.0
1328065,0.0
1328074,0.0
1328075,0.0
1328076,0.0
1328078,0.0
1328079,1.0
1328080,1.0
1328082,0.0
1328090,1.0
1328093,0.0
1328100,0.0
1328101,0.0
1328110,0.0
1328112,0.0
1328113,1.0
1328114,0.0
1328121,0.0
1328122,0.0
1328123,0.0
1328124,0.0
1328125,0.0
1328126,1.0
1328127,0.0
1328128,0.0
1328129,0.0
1328130,0.0
1328131,1.0
1328132,0.0
1328133,0.0
1328134,0.0
1328135,0.0
1328141,0.0
1328143,0.0
1328144,0.0
1328145,0.0
1328148,1.0
1328149,0.0
1328150,0.0
1328151,0.0
1328152,0.0
1328153,0.0
1328154,0.0
1328163,0.0
1328164,0.0
1328168,0.0
1328180,0.0
1328181,0.0
1328182,0.0
1328183,0.0
1328901,0.0
1328902,0.0
1328903,0.0
1430005,1.0
1430006,1.0
1430007,1.0
1430008,0.0
1430009,0.0
1430010,1.0
1430011,1.0
1430012,0.0
1430013,1.0
1430014,0.0
1430015,0.0
1430016,0.0
1430017,1.0
1430018,1.0
1430019,0.0
1430020,0.0
1430021,0.0
1430022,0.0
1430023,0.0
1430024,0.0
1430038,0.0
1430039,0.0
1430040,0.0
1430041,0.0
1531015,0.0
1531016,0.0
1531024,0.0
1531178,0.0
1531025,0.0
1531038,0.0
1531039,0.0
1531054,0.0
1531055,0.0
1531062,1.0
1531063,0.0
1531068,0.0
1531076,0.0
1531082,0.0
1531083,0.0
1531092,1.0
1531097,1.0
1531098,0.0
1531108,0.0
1531109,0.0
1531120,0.0
1531149,0.0
1531150,0.0
1531151,0.0
1531156,0.0
1531158,0.0
1531191,0.0
1531195,0.0
1531200,0.0
1531201,0.0
1531202,0.0
1531206,0.0
1531207,0.0
1531216,0.0
1531224,0.0
1531225,0.0
1531227,0.0
1531228,0.0
1531248,0.0
1531250,0.0
1531179,0.0
1531902,0.0
1531903,0.0
1531182,0.0
1601003,0.0
1601004,0.0
1601006,0.0
1601009,0.0
1601010,0.0
1601013,0.0
1601016,0.0
1601020,0.0
1110025,0.0
1601021,0.0
1601027,0.0
1601031,0.0
1601036,0.0
1531243,0.0
1601037,0.0
1601039,0.0
1601042,0.0
1601044,0.0
1601046,0.0
1601054,0.0
1601055,0.0
1601063,0.0
1601901,0.0
1620013,0.0
1620014,0.0
1620015,0.0
1620016,0.0
1620018,1.0
1620019,1.0
1531105,0.0
1620022,0.0
1620027,1.0
1620028,0.0
1620029,0.0
1620031,0.0
1531106,0.0
1531107,0.0
1620061,1.0
1620073,1.0
1620074,1.0
1648004,1.0
1648007,0.0
1531124,0.0
1648008,0.0
1648009,0.0
1648010,0.0
1648011,0.0
1648012,1.0
1648013,1.0
1648023,0.0
1648024,0.0
1648025,0.0
1648029,0.0
1648030,0.0
1648047,0.0
1648048,0.0
1648049,0.0
1648050,0.0
1648054,0.0
1648055,0.0
1648056,0.0
1531244,0.0
1648057,0.0
1531125,0.0
1648063,0.0
1648064,0.0
1648065,0.0
1648066,0.0
1648067,0.0
1648068,0.0
1648069,1.0
1648070,0.0
1648071,1.0
1648072,0.0
1648073,0.0
1648081,0.0
1328057,0.0
1648085,1.0
1648086,0.0
1328058,1.0
1648088,0.0
1531126,0.0
1648089,0.0
1648091,0.0
1648092,0.0
1648093,0.0
1648094,1.0
1648095,0.0
1648096,1.0
1531127,0.0
1648904,0.0
1648905,0.0
1648906,0.0
1648907,0.0
1726002,0.0
1531130,0.0
1726011,0.0
1726014,0.0
1726018,1.0
1726019,0.0
1726036,1.0
0104012,0.0
0104013,1.0
1726047,0.0
1726061,0.0
1726089,1.0
1726102,0.0
1726108,0.0
1726109,0.0
1726130,0.0
1726131,0.0
1726135,0.0
1726136,0.0
1726142,0.0
1726143,0.0
1726164,0.0
1726178,0.0
0104001,0.0
0104002,0.0
0104003,0.0
0104004,0.0
0104005,0.0
0104006,0.0
1531102,0.0
1531103,0.0
1531104,0.0
0333004,1.0
1531123,0.0
1328050,0.0
1328051,0.0
1328052,1.0
1328053,0.0
1328054,0.0
1328055,0.0
1328049,0.0
1328056,0.0
1531128,0.0
1531129,0.0
0104007,1.0
0104008,0.0
0104009,0.0
0104010,0.0
0104011,0.0
1110207,0.0
1110208,0.0
1110209,0.0
1110210,0.0
1106078,0.0
1106072,0.0
1110211,0.0
1106079,0.0
1106076,0.0
1106077,0.0
1106080,0.0
0104015,0.0
0104014,0.0
0104016,0.0
0104017,1.0
0104018,0.0
0104019,0.0
1106081,0.0
1106082,0.0
1106083,1.0
0104020,0.0
0104021,0.0
1106096,0.0
0104022,0.0
1106084,0.0
1106085,1.0
1106086,1.0
1106087,0.0
1106088,0.0
1110218,0.0
1110219,0.0
1110901,0.0
1110902,0.0
1110903,0.0
1110904,0.0
1110905,0.0
1215001,1.0
1215002,0.0
1215003,0.0
1215004,0.0
1215005,0.0
1215006,0.0
1106089,0.0
1106090,0.0
1106091,0.0
1106092,0.0
1106093,0.0
1106094,0.0
1106095,0.0
1106097,0.0
1106098,0.0
1110212,0.0
1110213,0.0
1110214,0.0
1110215,0.0
1110216,0.0
1110217,0.0
1215017,0.0
2054001,0.0
0104023,0.0
0104024,0.0
0104026,0.0
0104027,0.0
1215018,0.0
1215019,1.0
1215020,0.0
1215021,0.0
1215022,1.0
1215023,0.0
2054002,0.0
2054003,0.0
0104028,0.0
0104029,0.0
2054004,0.0
0104030,0.0
0104031,0.0
0104032,0.0
2054005,0.0
0104033,0.0
0104034,0.0
0104035,0.0
0104036,0.0
0104037,0.0
0104038,0.0
0104041,0.0
1531133,0.0
0104043,0.0
1046003,0.0
1328066,0.0
1328067,0.0
1328068,0.0
1328069,0.0
1328070,0.0
1328071,0.0
1046004,0.0
1046005,0.0
1726177,0.0
1753056,0.0
1851001,1.0
1952001,1.0
1227032,1.0
1227033,0.0
1227034,0.0
1531131,0.0
1531132,0.0
1046002,1.0
1227037,0.0
1227038,0.0
1046007,1.0
1620017,1.0
1046008,0.0
1620032,1.0
1620033,0.0
1620034,0.0
1046009,1.0
1328072,0.0
1046010,0.0
1046006,1.0
0104044,0.0
0104045,0.0
0104046,0.0
1046011,1.0
1046012,0.0
1620038,0.0
1620039,0.0
1620040,1.0
1620035,0.0
1620036,1.0
1620037,0.0
1620041,0.0
1328073,0.0
1620042,0.0
0104047,0.0
1620043,0.0
1620044,0.0
1106108,0.0
0104048,0.0
0104049,0.0
0104050,0.0
0104054,0.0
0104051,0.0
0104052,0.0
1106104,0.0
1106105,0.0
1106106,0.0
1106107,0.0
1531134,0.0
1328087,0.0
0104053,1.0
1328088,0.0
1328089,0.0
0104055,0.0
1531135,1.0
1531136,0.0
1328084,0.0
1328085,0.0
1328086,0.0
0104056,0.0
0104057,0.0
0104058,0.0
0104059,0.0
1531245,0.0
0104060,0.0
0104061,0.0
1531246,0.0
1227039,0.0
0104904,0.0
1328083,1.0
1531183,0.0
1620045,1.0
1620046,0.0
1531184,0.0
1531185,0.0
0111001,0.0
1531137,0.0
1620047,0.0
1531138,0.0
1531139,0.0
1328094,1.0
1328095,0.0
1328096,0.0
1531140,0.0
1106120,1.0
1531141,0.0
1106121,1.0
1620052,0.0
1620049,0.0
1620050,0.0
1106122,0.0
1106123,0.0
0104071,0.0
1531142,1.0
1531143,0.0
1531144,0.0
1620051,0.0
1620053,0.0
1227042,0.0
1531155,0.0
0104062,0.0
0104063,0.0
0104064,0.0
1531152,0.0
1620070,1.0
1620071,1.0
1620054,0.0
1620055,0.0
1620056,1.0
1620057,0.0
1620058,0.0
1328097,0.0
1328099,0.0
1531161,0.0
1620059,0.0
1531162,0.0
1531163,0.0
1106124,0.0
1106125,0.0
1620060,0.0
1531153,1.0
1531154,0.0
0104065,0.0
0104066,0.0
0104067,0.0
1620066,0.0
1620067,0.0
0104068,0.0
1531164,0.0
1106126,0.0
1106133,0.0
1620068,0.0
1620069,1.0
1531159,0.0
1531160,0.0
0104069,0.0
0104070,0.0
1620072,0.0
1620078,0.0
1620079,1.0
1531165,0.0
1531166,0.0
1531167,0.0
1531168,0.0
1106134,0.0
1106135,0.0
1106142,0.0
1531186,0.0
1106143,0.0
1531171,0.0
1106144,0.0
1106145,0.0
1106151,0.0
1531172,0.0
1227043,0.0
1227044,0.0
1531173,0.0
1227046,0.0
1531174,0.0
1531175,0.0
1620080,0.0
1620081,1.0
1531176,0.0
1531169,0.0
1531170,0.0
1227049,0.0
1227050,0.0
1227051,1.0
1531177,0.0
1227052,0.0
0104077,0.0
0104072,0.0
0104073,0.0
0104074,0.0
0104075,0.0
0104076,0.0
0104078,0.0
0104079,0.0
0104080,0.0
1106155,0.0
1106156,0.0
1531180,0.0
1531187,0.0
1106157,0.0
1531181,1.0
1531189,0.0
1531190,0.0
1106158,0.0
1531199,0.0
1110028,0.0
1110029,0.0
1110030,0.0
1106161,0.0
1003114,0.0
1531203,0.0
1531204,0.0
1531205,0.0
1531209,0.0
1531210,0.0
1328111,0.0
1531211,0.0
1328115,0.0
1328116,0.0
1328117,0.0
1328118,0.0
1328119,0.0
1328120,0.0
1003115,1.0
1328156,0.0
1328157,0.0
1106162,0.0
1003116,1.0
1003117,0.0
1106901,0.0
1106902,0.0
1531215,0.0
0104081,0.0
1003118,0.0
0104082,0.0
0104083,0.0
1531235,0.0
1531236,0.0
1110002,0.0
1531240,0.0
1110003,0.0
1110004,0.0
1110005,0.0
1110006,0.0
1110007,0.0
1110008,1.0
1110009,0.0
1110010,0.0
1110011,0.0
1110012,1.0
1531241,0.0
1531242,0.0
1110019,0.0
1110020,0.0
1110021,0.0
1531005,0.0
1110022,0.0
1110023,0.0
1110024,0.0
1003119,0.0
1531247,0.0
1110031,0.0
1110032,0.0
1110033,0.0
1227057,1.0
1227058,0.0
1003120,0.0
1003121,0.0
1328167,0.0
1110078,0.0
1110026,0.0
1110027,0.0
1110034,0.0
1232008,0.0
1232002,0.0
1232003,0.0
1232005,0.0
1046116,0.0
1046117,0.0
1232006,1.0
1232007,0.0
0104084,0.0
0104085,0.0
0104086,0.0
0104087,0.0
1046205,0.0
1046206,0.0
1110035,0.0
1110036,0.0
1110037,1.0
1110038,0.0
1110039,0.0
1046207,0.0
1110040,0.0
1110041,0.0
1046208,0.0
1232023,1.0
1046211,0.0
1046115,0.0
1046204,0.0
1046212,1.0
1046213,1.0
1046209,0.0
1046210,0.0
1046214,0.0
1046215,0.0
1110042,0.0
1110055,0.0
1110056,0.0
1110057,0.0
0104088,0.0
1110043,0.0
1110054,0.0
1232025,0.0
1531002,0.0
1232026,0.0
1232027,0.0
1232028,0.0
1430025,0.0
1430026,1.0
1430027,0.0
1430028,1.0
1430029,0.0
1430030,1.0
1430031,0.0
1430032,1.0
1430033,1.0
1430034,0.0
1430035,0.0
1430036,0.0
1430037,0.0
1430042,0.0
1430043,0.0
1430901,1.0
1430902,0.0
1531001,0.0
0104089,0.0
0104090,0.0
1531003,0.0
1531004,0.0
1232040,0.0
1215031,0.0
1215032,0.0
1215033,0.0
1215034,0.0
1215035,0.0
1215036,0.0
1215037,0.0
1215038,0.0
1215039,0.0
1215040,0.0
1215041,0.0
1232041,0.0
1232042,0.0
1232043,0.0
1110058,0.0
1110059,0.0
1110060,0.0
1110073,0.0
1110075,0.0
1110076,0.0
1110077,0.0
0104091,0.0
0104092,0.0
1110079,0.0
1110080,0.0
1110087,0.0
0104094,0.0
1110088,0.0
0104095,0.0
1232052,0.0
1232053,1.0
0104096,0.0
0104093,0.0
1232057,0.0
1531009,0.0
1232058,0.0
1003110,0.0
1232059,1.0
1232060,0.0
0104097,0.0
0104098,0.0
0104099,1.0
0104100,1.0
0104101,0.0
1531006,0.0
1531007,0.0
1531008,0.0
0104102,0.0
1232061,1.0
1531010,0.0
1003109,0.0
1003111,0.0
1531011,0.0
1232062,0.0
0104903,0.0
0104103,0.0
0104901,0.0
0104902,0.0
0111002,0.0
0111003,0.0
0111004,0.0
0111005,0.0
0111006,0.0
0111007,0.0
0111008,0.0
0111009,0.0
0111010,0.0
0111011,0.0
0111012,0.0
0111013,0.0
0111014,0.0
1531012,0.0
1215046,1.0
1215047,0.0
1215048,1.0
1003112,0.0
1003113,0.0
1003122,0.0
1003123,0.0
1215049,0.0
1215050,0.0
1215051,0.0
1215052,1.0
1215053,0.0
1215054,0.0
1215055,1.0
1215056,1.0
1215057,0.0
1215058,0.0
1215059,1.0
1215060,0.0
1215061,0.0
1215062,0.0
1215064,0.0
1215065,0.0
1215066,0.0
1215067,0.0
1215068,0.0
1215069,0.0
1215070,0.0
1215071,0.0
1215072,0.0
1215073,0.0
1215074,0.0
1215075,0.0
0111015,0.0
