CMUN,WEALTH_GINI_2020
01001,29.8
01002,27.6
01003,26.7
01004,30.3
01006,28.8
01008,26.5
01009,30.2
01010,26.4
01011,44.2
01013,28.1
01014,31.2
01016,30.8
01017,30.1
01018,27.9
01019,28.9
01020,27.8
01021,29.1
01022,33.8
01023,30.9
01027,23.7
01028,35.1
01030,32.0
01031,33.6
01032,34.7
01033,33.5
01034,44.4
01036,28.3
01037,30.0
01039,33.2
01041,36.2
01042,29.6
01043,36.4
01044,31.7
01046,30.4
01047,31.9
01049,31.8
01051,27.8
01052,31.9
01053,26.9
01054,30.4
01055,31.7
01056,24.5
01057,30.7
01058,30.0
01059,30.9
01060,38.5
01061,28.9
01062,31.7
01063,28.5
01901,28.4
01902,36.1
02001,30.0
02002,29.2
02003,31.9
02004,30.4
02005,29.6
02006,27.2
02007,30.1
02008,30.4
02009,28.7
02010,27.5
02011,31.6
02012,28.3
02013,30.1
02014,27.4
02015,28.3
02016,29.1
02017,27.1
02018,30.2
02019,25.3
02020,28.5
02021,28.6
02022,27.6
02023,30.4
02024,29.7
02025,28.2
02026,27.5
02027,32.6
02028,28.4
02029,27.4
02030,28.6
02031,29.9
02032,28.9
02033,29.8
02034,28.7
02035,27.5
02036,0.0
02037,30.5
02038,33.9
02039,30.2
02040,27.8
02041,29.6
02042,32.8
02043,27.0
02044,27.6
02045,30.0
02046,27.3
02047,37.0
02048,26.4
02049,30.3
02050,0.0
02051,28.0
02052,29.7
02053,24.2
02054,26.5
02055,28.0
02056,27.7
02057,27.1
02058,28.7
02059,29.2
02060,31.8
02061,30.8
02062,27.6
02063,27.6
02064,34.3
02065,29.4
02066,25.1
02067,28.1
02068,25.1
02069,30.0
02070,28.2
02071,27.5
02072,28.1
02073,30.3
02074,29.6
02075,27.4
02076,31.4
02077,0.0
02078,24.7
02079,27.1
02080,31.5
02081,28.0
02082,33.5
02083,28.1
02084,28.8
02085,29.2
02086,27.7
02901,26.5
03001,35.0
03002,28.6
03003,29.3
03004,34.3
03005,29.9
03006,32.9
03007,40.7
03008,25.7
03009,30.0
03010,26.6
03011,36.0
03012,33.3
03013,29.7
03014,36.7
03015,33.6
03016,39.3
03017,24.9
03018,35.3
03019,29.9
03020,28.2
03021,27.7
03022,32.4
03023,27.7
03024,28.9
03025,27.3
03026,30.6
03027,28.3
03028,25.6
03029,40.5
03030,34.0
03031,34.7
03032,24.3
03033,37.6
03034,32.6
03035,29.6
03036,25.3
03037,32.5
03038,27.7
03039,0.0
03040,29.5
03041,33.9
03042,37.0
03043,27.7
03044,28.6
03045,36.1
03046,32.8
03047,34.7
03048,32.5
03049,31.8
03050,35.4
03051,26.3
03052,28.7
03053,28.2
03054,29.4
03055,30.4
03056,32.3
03057,37.1
03058,29.8
03059,30.8
03060,27.7
03061,29.7
03062,29.2
03063,35.0
03064,30.7
03065,32.3
03066,32.1
03067,25.1
03068,0.0
03069,38.2
03070,32.8
03071,33.1
03072,30.4
03073,25.8
03074,29.9
03075,32.2
03076,33.8
03077,31.8
03078,36.3
03079,27.5
03080,29.2
03081,34.7
03082,38.1
03083,29.2
03084,28.0
03085,33.3
03086,32.8
03088,29.9
03089,29.7
03090,32.4
03091,33.4
03092,29.1
03093,30.6
03094,33.6
03095,30.1
03096,26.7
03097,34.9
03098,31.7
03099,33.6
03100,36.5
03101,31.8
03102,29.7
03103,29.3
03104,28.9
03105,31.9
03106,27.8
03107,32.1
03109,28.8
03110,31.0
03111,28.0
03112,33.1
03113,36.3
03114,30.5
03115,33.5
03116,28.4
03117,28.5
03118,37.8
03119,33.7
03120,35.4
03121,33.8
03122,29.9
03123,28.3
03124,26.7
03125,32.0
03127,36.1
03128,37.2
03129,28.4
03130,0.0
03131,30.5
03132,32.4
03133,36.4
03134,30.9
03135,31.9
03136,32.5
03137,29.8
03138,30.4
03139,31.9
03140,29.2
03901,33.0
03902,32.6
03903,31.3
03904,27.9
04001,28.6
04002,29.6
04003,29.9
04004,34.1
04005,26.9
04006,33.7
04007,27.3
04008,30.7
04009,27.2
04010,28.6
04011,29.4
04012,34.5
04013,35.2
04014,30.1
04015,28.0
04016,29.5
04017,36.9
04018,29.9
04019,26.5
04020,30.6
04021,33.2
04022,37.0
04023,36.1
04024,26.4
04026,0.0
04027,32.5
04028,27.6
04029,29.7
04030,29.5
04031,31.9
04032,32.7
04033,21.1
04034,28.9
04035,29.8
04036,26.7
04037,28.7
04038,29.1
04041,30.3
04043,32.0
04044,29.0
04045,26.9
04046,29.3
04047,33.9
04048,32.1
04049,33.3
04050,34.0
04051,26.7
04052,28.4
04053,31.0
04054,29.6
04055,26.1
04056,32.8
04057,28.9
04058,22.7
04059,30.7
04060,27.6
04061,30.0
04062,27.3
04063,26.7
04064,36.9
04065,32.8
04066,30.5
04067,31.0
04068,28.2
04069,29.3
04070,33.1
04071,29.0
04072,36.1
04073,29.6
04074,31.0
04075,25.2
04076,29.2
04077,27.2
04078,28.9
04079,34.5
04080,30.0
04081,34.2
04082,34.5
04083,29.5
04084,25.7
04085,29.4
04086,32.4
04087,31.8
04088,29.7
04089,30.6
04090,27.9
04091,31.2
04092,29.9
04093,35.4
04094,28.9
04095,28.0
04096,33.0
04097,26.7
04098,31.6
04099,30.4
04100,34.7
04101,28.1
04102,31.0
04103,31.3
04901,30.0
04902,30.6
04903,28.0
04904,28.0
05001,27.7
05002,34.8
05005,30.9
05007,25.4
05008,25.7
05010,22.9
05012,30.0
05013,29.8
05014,31.3
05015,0.0
05016,29.5
05017,0.0
05018,0.0
05019,31.6
05021,31.7
05022,28.7
05023,28.2
05024,25.2
05025,0.0
05026,24.6
05027,29.8
05029,0.0
05030,0.0
05033,28.3
05034,0.0
05035,35.0
05036,26.5
05037,26.0
05038,30.6
05039,0.0
05040,0.0
05041,29.8
05042,29.1
05043,0.0
05044,32.6
05045,0.0
05046,0.0
05047,30.6
05048,28.5
05049,25.6
05051,30.9
05052,0.0
05053,0.0
05054,29.8
05055,29.6
05056,0.0
05057,32.8
05058,0.0
05059,0.0
05060,24.4
05061,25.5
05062,27.9
05063,0.0
05064,22.4
05065,29.7
05066,32.5
05067,0.0
05069,0.0
05070,0.0
05072,0.0
05073,34.3
05074,29.0
05075,0.0
05076,28.0
05077,25.8
05078,0.0
05079,0.0
05080,0.0
05081,0.0
05082,29.1
05083,26.9
05084,0.0
05085,0.0
05086,0.0
05087,40.7
05088,0.0
05089,30.7
05090,0.0
05092,24.2
05093,32.8
05094,26.6
05095,39.1
05096,0.0
05097,27.2
05099,27.2
05100,30.9
05101,32.6
05102,27.9
05103,0.0
05104,0.0
05105,32.1
05106,0.0
05107,0.0
05108,0.0
05109,22.8
05110,31.2
05112,32.6
05113,0.0
05114,25.2
05115,33.5
05116,0.0
05117,24.0
05118,0.0
05119,0.0
05120,0.0
05121,28.7
05122,29.6
05123,35.7
05124,0.0
05125,0.0
05126,0.0
05127,28.4
05128,27.5
05129,30.0
05130,26.3
05131,0.0
05132,28.1
05133,0.0
05134,0.0
05135,34.5
05136,0.0
05138,29.4
05139,0.0
05140,22.5
05141,0.0
05142,0.0
05143,0.0
05144,0.0
05145,0.0
05147,30.0
05148,0.0
05149,31.2
05151,0.0
05152,28.8
05153,0.0
05154,0.0
05155,0.0
05156,32.9
05157,29.4
05158,30.7
05159,26.5
05160,23.8
05161,37.7
05162,0.0
05163,34.5
05164,0.0
05165,26.6
05166,30.8
05167,36.6
05168,31.5
05169,28.7
05170,0.0
05171,0.0
05172,26.4
05173,0.0
05174,0.0
05175,28.8
05176,26.6
05177,33.3
05178,24.4
05179,29.2
05180,0.0
05181,0.0
05182,28.4
05183,27.1
05184,34.3
05185,26.3
05186,32.2
05187,32.2
05188,0.0
05189,27.8
05190,0.0
05191,34.1
05192,32.8
05193,27.5
05194,34.0
05195,25.5
05196,0.0
05197,23.8
05198,0.0
05199,0.0
05200,0.0
05201,29.7
05204,26.1
05205,0.0
05206,0.0
05207,32.9
05208,0.0
05209,0.0
05210,0.0
05211,27.7
05212,33.7
05213,0.0
05214,0.0
05215,33.2
05216,28.9
05217,0.0
05218,25.3
05219,0.0
05220,31.6
05221,28.0
05222,27.7
05224,34.8
05225,34.0
05226,0.0
05227,31.2
05228,28.4
05229,0.0
05230,0.0
05231,24.0
05232,26.2
05233,26.0
05234,0.0
05235,23.8
05236,32.3
05237,23.9
05238,27.6
05239,25.5
05240,34.0
05241,32.8
05242,24.4
05243,0.0
05244,0.0
05245,25.4
05246,0.0
05247,25.1
05249,32.1
05251,0.0
05252,0.0
05253,0.0
05254,31.8
05256,23.7
05257,44.4
05258,31.5
05259,28.0
05260,33.5
05261,0.0
05262,30.1
05263,30.8
05264,0.0
05265,0.0
05266,0.0
05267,0.0
05901,30.6
05902,28.9
05903,29.8
05904,36.6
05905,29.5
06001,24.7
06002,29.7
06003,28.0
06004,26.1
06005,25.3
06006,26.5
06007,27.4
06008,23.3
06009,25.6
06010,30.4
06011,31.9
06012,28.9
06013,27.1
06014,28.5
06015,33.1
06016,29.0
06017,28.5
06018,28.1
06019,29.0
06020,26.7
06021,27.5
06022,27.6
06023,28.6
06024,24.8
06025,25.2
06026,25.6
06027,31.2
06028,26.9
06029,22.4
06030,22.5
06031,26.3
06032,0.0
06033,28.1
06034,26.2
06035,27.0
06036,28.4
06037,27.9
06038,29.8
06039,24.9
06040,29.1
06041,24.6
06042,24.5
06043,27.2
06044,31.0
06045,32.4
06046,24.0
06047,25.2
06048,27.4
06049,29.0
06050,29.1
06051,28.1
06052,29.1
06053,28.2
06054,28.7
06055,29.4
06056,26.9
06057,25.0
06058,24.4
06059,28.4
06060,25.9
06061,25.4
06062,28.9
06063,29.3
06064,26.9
06065,29.6
06066,27.3
06067,27.8
06068,26.4
06069,28.4
06070,27.3
06071,24.9
06072,25.5
06073,28.4
06074,30.3
06075,27.7
06076,26.1
06077,25.0
06078,28.0
06079,22.4
06080,25.6
06081,27.6
06082,22.2
06083,32.4
06084,24.6
06085,27.5
06086,23.1
06087,30.2
06088,29.0
06089,24.6
06090,26.0
06091,26.7
06092,30.6
06093,28.0
06094,21.0
06095,27.1
06096,30.3
06097,28.8
06098,23.8
06099,23.6
06100,29.1
06101,25.8
06102,26.5
06103,27.4
06104,28.2
06105,27.8
06106,25.6
06107,23.9
06108,26.1
06109,27.7
06110,27.1
06111,25.4
06112,28.0
06113,27.7
06114,23.6
06115,28.1
06116,29.8
06117,28.8
06118,30.4
06119,26.3
06120,25.1
06121,29.3
06122,27.8
06123,27.6
06124,28.1
06125,27.9
06126,28.0
06127,27.8
06128,25.9
06129,24.4
06130,30.4
06131,27.3
06132,23.7
06133,27.5
06134,26.5
06135,25.6
06136,26.3
06137,30.2
06138,23.8
06139,24.1
06140,31.3
06141,27.4
06142,26.9
06143,25.4
06144,26.3
06145,25.1
06146,26.5
06147,25.8
06148,26.0
06149,28.9
06150,24.7
06151,25.4
06152,29.4
06153,29.9
06154,29.8
06155,26.3
06156,23.6
06157,26.3
06158,30.4
06159,25.6
06160,29.6
06161,26.8
06162,24.6
06901,24.1
06902,22.0
06903,23.2
07001,32.9
07002,29.1
07003,34.3
07004,30.0
07005,32.2
07006,30.7
07007,32.1
07008,28.5
07009,30.3
07010,30.8
07011,36.4
07012,32.2
07013,30.3
07014,30.7
07015,30.3
07016,27.7
07017,33.6
07018,39.3
07019,32.4
07020,29.7
07021,37.7
07022,31.1
07023,24.5
07024,35.4
07025,35.5
07026,33.5
07027,30.3
07028,32.1
07029,28.3
07030,32.3
07031,32.0
07032,31.8
07033,30.9
07034,27.5
07035,29.5
07036,27.6
07037,37.3
07038,32.5
07039,30.4
07040,33.5
07041,32.4
07042,32.3
07043,32.3
07044,31.3
07045,31.8
07046,30.7
07047,30.1
07048,33.1
07049,32.3
07050,36.4
07051,31.2
07052,34.3
07053,30.1
07054,34.7
07055,31.6
07056,27.6
07057,34.0
07058,31.2
07059,35.2
07060,31.7
07061,32.7
07062,28.6
07063,36.6
07064,29.6
07065,28.8
07901,31.1
07902,28.7
08001,24.9
08002,26.7
08003,35.7
08004,29.6
08005,32.0
08006,31.1
08007,29.6
08008,27.0
08009,30.4
08010,25.1
08011,23.1
08012,24.8
08013,28.8
08014,26.7
08015,30.9
08016,27.0
08017,26.4
08018,24.3
08019,35.7
08020,30.4
08021,0.0
08022,29.8
08023,28.4
08024,29.4
08025,27.6
08026,35.3
08027,25.3
08028,28.5
08029,32.8
08030,36.1
08031,30.2
08032,36.6
08033,29.1
08034,25.1
08035,33.3
08036,21.7
08037,25.8
08038,27.3
08039,31.3
08040,30.2
08041,31.9
08042,28.0
08043,28.5
08044,25.4
08045,0.0
08046,29.0
08047,25.7
08048,26.8
08049,26.4
08050,24.1
08051,26.7
08052,28.7
08053,27.3
08054,25.8
08055,29.4
08056,35.1
08057,0.0
08058,26.5
08059,28.8
08060,33.1
08061,25.9
08062,23.6
08063,24.7
08064,29.2
08065,25.1
08066,27.4
08067,25.4
08068,28.9
08069,28.6
08070,28.3
08071,25.5
08072,30.5
08073,29.2
08074,30.2
08075,27.8
08076,26.9
08077,32.3
08078,27.8
08079,29.9
08080,0.0
08081,29.9
08082,28.6
08083,24.7
08084,25.2
08085,28.6
08086,28.3
08087,44.4
08088,30.2
08089,31.0
08090,29.0
08091,29.0
08092,26.6
08093,0.0
08094,28.2
08095,0.0
08096,31.4
08097,30.2
08098,25.6
08099,28.0
08100,26.5
08101,31.1
08102,30.8
08103,27.5
08104,32.2
08105,26.6
08106,29.4
08107,25.4
08108,25.2
08109,25.2
08110,29.5
08111,29.2
08112,31.7
08113,32.6
08114,29.5
08115,27.5
08116,24.9
08117,23.0
08118,31.6
08119,25.3
08120,34.2
08121,31.8
08122,30.4
08123,28.2
08124,27.3
08125,29.9
08126,28.9
08127,27.2
08128,26.7
08129,27.8
08130,27.1
08131,24.1
08132,30.2
08133,30.7
08134,29.1
08135,25.6
08136,27.1
08137,34.3
08138,29.1
08139,31.9
08140,24.6
08141,25.7
08142,23.0
08143,26.7
08144,24.8
08145,28.8
08146,27.3
08147,27.0
08148,33.5
08149,28.7
08150,23.8
08151,25.3
08152,32.2
08153,29.4
08154,36.1
08155,26.8
08156,27.9
08157,28.0
08158,28.6
08159,24.8
08160,30.0
08161,26.4
08162,28.6
08163,31.4
08164,28.5
08165,24.9
08166,24.9
08167,23.3
08168,36.7
08169,27.5
08170,28.6
08171,26.1
08172,30.8
08174,28.4
08175,26.5
08176,30.8
08177,0.0
08178,25.5
08179,28.2
08180,28.1
08181,28.4
08182,23.0
08183,26.4
08184,28.4
08185,30.2
08187,30.6
08188,30.6
08189,36.2
08190,32.1
08191,25.3
08192,25.5
08193,31.7
08194,31.5
08195,0.0
08196,26.2
08197,35.4
08198,30.9
08199,30.4
08200,27.0
08201,25.8
08202,29.4
08203,31.4
08204,25.9
08205,35.1
08206,28.7
08207,30.9
08208,27.2
08209,27.7
08210,29.4
08211,28.5
08212,25.0
08213,29.1
08214,32.7
08215,26.7
08216,0.0
08217,29.3
08218,24.7
08219,31.0
08220,28.2
08221,35.0
08222,27.1
08223,27.3
08224,28.2
08225,28.6
08226,25.8
08227,28.1
08228,22.8
08229,31.0
08230,33.9
08231,32.7
08232,28.0
08233,24.4
08234,27.3
08235,32.1
08236,28.7
08237,25.6
08238,29.8
08239,38.0
08240,28.3
08241,0.0
08242,34.4
08243,28.5
08244,25.9
08245,30.0
08246,22.0
08247,25.3
08248,27.2
08249,24.6
08250,26.8
08251,27.3
08252,25.9
08253,29.1
08254,27.7
08255,27.9
08256,24.9
08257,31.7
08258,22.8
08259,29.0
08260,27.7
08261,32.1
08262,28.3
08263,26.5
08264,36.6
08265,23.9
08266,29.8
08267,25.4
08268,24.8
08269,28.7
08270,39.8
08271,0.0
08272,24.3
08273,27.5
08274,25.3
08275,27.4
08276,29.3
08277,30.6
08278,28.0
08279,29.8
08280,20.5
08281,33.8
08282,31.6
08283,27.2
08284,29.9
08285,26.4
08286,25.8
08287,26.8
08288,30.9
08289,27.8
08290,25.2
08291,26.3
08292,29.8
08293,28.5
08294,31.4
08295,27.5
08296,34.4
08297,28.2
08298,31.2
08299,22.1
08300,26.0
08301,27.0
08302,24.5
08303,28.7
08304,27.6
08305,30.3
08306,27.1
08307,30.2
08308,28.9
08901,29.6
08902,26.8
08903,26.8
08904,25.2
08905,28.5
09001,0.0
09003,29.4
09006,0.0
09007,0.0
09009,24.4
09010,0.0
09011,0.0
09012,33.0
09013,0.0
09014,31.5
09016,26.8
09017,30.5
09018,29.8
09019,27.7
09020,32.1
09021,0.0
09022,0.0
09023,23.8
09024,31.0
09025,29.3
09026,29.9
09027,0.0
09029,30.1
09030,26.0
09032,20.4
09033,0.0
09034,32.5
09035,29.9
09036,0.0
09037,24.8
09038,37.3
09039,0.0
09041,0.0
09043,34.7
09044,0.0
09045,27.5
09046,0.0
09047,0.0
09048,29.1
09050,0.0
09051,30.4
09052,0.0
09054,0.0
09055,0.0
09056,28.9
09057,27.9
09058,24.9
09059,29.1
09060,28.9
09061,26.5
09062,0.0
09063,33.6
09064,32.8
09065,27.1
09066,0.0
09067,27.8
09068,0.0
09070,0.0
09071,0.0
09072,27.6
09073,24.7
09074,27.5
09075,31.2
09076,0.0
09077,0.0
09078,0.0
09079,0.0
09082,0.0
09083,0.0
09084,30.4
09085,27.8
09086,29.3
09088,0.0
09090,0.0
09091,30.1
09093,28.0
09094,0.0
09095,0.0
09098,30.6
09100,0.0
09101,0.0
09102,0.0
09103,34.5
09104,0.0
09105,26.0
09108,30.2
09109,31.2
09110,0.0
09112,30.4
09113,31.4
09114,20.4
09115,26.8
09117,0.0
09119,0.0
09120,0.0
09122,0.0
09123,0.0
09124,28.1
09125,29.9
09127,0.0
09128,0.0
09129,0.0
09130,0.0
09131,26.5
09132,30.7
09133,0.0
09134,37.3
09135,0.0
09136,30.2
09137,27.8
09138,33.5
09139,0.0
09140,37.7
09141,25.9
09143,0.0
09144,0.0
09148,31.8
09149,0.0
09151,29.5
09152,33.4
09154,33.0
09155,0.0
09159,0.0
09160,0.0
09162,24.0
09163,31.0
09164,25.6
09166,0.0
09167,0.0
09168,31.1
09169,0.0
09170,28.6
09172,22.6
09173,24.0
09174,25.8
09175,24.4
09176,0.0
09177,27.6
09178,0.0
09179,0.0
09180,25.6
09181,22.8
09182,0.0
09183,0.0
09184,0.0
09189,21.7
09190,0.0
09191,0.0
09192,0.0
09194,28.8
09195,0.0
09196,25.5
09197,29.5
09198,31.3
09199,33.1
09200,0.0
09201,0.0
09202,0.0
09206,0.0
09208,25.4
09209,32.6
09211,29.0
09213,31.1
09214,30.4
09215,31.7
09216,31.0
09217,30.9
09218,28.4
09219,28.8
09220,0.0
09221,25.3
09223,0.0
09224,34.6
09225,0.0
09226,0.0
09227,28.8
09228,24.9
09229,28.6
09230,0.0
09231,0.0
09232,0.0
09235,31.3
09236,0.0
09238,28.6
09239,0.0
09241,25.8
09242,0.0
09243,0.0
09244,0.0
09246,27.5
09247,0.0
09248,0.0
09249,0.0
09250,22.1
09251,26.7
09253,21.9
09255,0.0
09256,40.5
09257,0.0
09258,31.2
09259,24.6
09261,27.8
09262,26.4
09265,0.0
09266,0.0
09267,28.7
09268,0.0
09269,0.0
09270,26.5
09272,30.2
09273,0.0
09274,30.3
09275,26.2
09276,30.3
09277,32.0
09279,32.1
09280,0.0
09281,21.9
09283,0.0
09287,23.2
09288,32.4
09289,28.6
09292,0.0
09294,22.4
09295,0.0
09297,22.9
09298,0.0
09301,29.6
09302,0.0
09303,0.0
09304,20.4
09306,0.0
09307,30.7
09308,0.0
09309,41.3
09310,0.0
09311,0.0
09312,30.1
09314,26.4
09315,23.3
09316,34.4
09317,0.0
09318,0.0
09321,29.6
09323,0.0
09325,36.2
09326,27.9
09327,0.0
09328,0.0
09329,31.6
09330,28.8
09332,29.8
09334,0.0
09335,0.0
09337,29.8
09338,27.7
09339,27.2
09340,0.0
09343,0.0
09345,30.5
09346,27.8
09347,26.6
09348,30.9
09350,26.7
09351,0.0
09352,26.4
09353,0.0
09354,0.0
09355,0.0
09356,0.0
09358,31.1
09360,0.0
09361,31.9
09362,30.9
09363,28.1
09365,0.0
09366,0.0
09368,0.0
09369,26.4
09372,24.8
09373,27.6
09374,20.4
09375,0.0
09377,22.9
09378,0.0
09380,0.0
09381,0.0
09382,0.0
09384,28.1
09386,0.0
09387,23.7
09388,0.0
09389,0.0
09390,26.4
09391,30.3
09392,0.0
09394,31.5
09395,35.6
09396,30.8
09398,0.0
09400,28.1
09403,0.0
09405,31.6
09406,26.1
09407,0.0
09408,0.0
09409,34.9
09410,32.8
09411,36.4
09412,35.5
09413,33.2
09414,23.9
09415,28.9
09416,0.0
09417,0.0
09418,0.0
09419,0.0
09421,27.8
09422,0.0
09423,0.0
09424,0.0
09425,27.2
09427,29.1
09428,0.0
09429,0.0
09430,0.0
09431,32.7
09432,26.6
09433,0.0
09434,23.4
09437,29.5
09438,26.1
09439,25.1
09440,0.0
09441,0.0
09442,25.4
09443,23.5
09444,0.0
09445,0.0
09446,0.0
09447,0.0
09448,28.7
09449,23.6
09450,0.0
09451,23.3
09454,0.0
09455,0.0
09456,35.7
09458,23.5
09460,27.8
09463,25.9
09464,0.0
09466,27.1
09467,0.0
09471,29.6
09472,0.0
09473,0.0
09476,0.0
09478,0.0
09480,27.8
09482,0.0
09483,23.6
09485,0.0
09901,26.6
09902,27.5
09903,30.8
09904,28.4
09905,28.9
09906,26.5
09907,24.9
09908,33.7
10001,24.8
10002,26.2
10003,33.5
10004,28.8
10005,22.4
10006,28.0
10007,32.7
10008,29.8
10009,27.9
10010,28.5
10011,25.2
10012,29.2
10013,27.8
10014,27.0
10015,30.3
10016,24.4
10017,26.0
10018,23.5
10019,29.1
10020,25.5
10021,25.7
10022,27.4
10023,26.6
10024,26.7
10025,29.9
10026,31.8
10027,0.0
10028,28.3
10029,27.6
10030,24.7
10031,29.7
10032,27.0
10033,27.8
10034,26.8
10035,28.3
10036,31.0
10037,30.8
10038,0.0
10039,24.5
10040,26.9
10041,28.6
10042,0.0
10043,26.2
10044,28.2
10045,28.4
10046,25.1
10047,24.9
10048,30.8
10049,26.9
10050,32.3
10051,21.9
10052,26.6
10053,28.3
10054,30.3
10055,24.7
10056,27.5
10057,33.3
10058,29.6
10059,23.1
10060,31.0
10061,28.3
10062,27.8
10063,23.7
10064,26.5
10065,34.6
10066,31.9
10067,29.7
10068,29.1
10069,26.7
10070,28.5
10071,36.4
10072,32.1
10073,26.1
10075,27.0
10076,25.5
10077,25.7
10078,25.6
10079,29.5
10080,27.5
10081,32.0
10082,26.7
10083,35.3
10084,27.1
10085,29.1
10086,28.2
10087,26.5
10088,29.5
10089,23.4
10090,26.5
10091,28.8
10092,25.4
10093,26.4
10094,29.5
10095,26.1
10096,30.4
10097,26.4
10098,28.0
10099,25.0
10100,33.6
10101,32.5
10102,27.3
10103,28.1
10104,31.3
10105,28.9
10106,25.1
10107,27.3
10108,28.8
10109,28.9
10110,28.6
10111,30.5
10112,24.2
10113,28.2
10114,26.1
10115,27.2
10116,26.7
10117,29.3
10118,23.9
10119,26.9
10120,27.1
10121,28.6
10122,28.3
10123,24.8
10124,27.0
10125,25.8
10126,31.2
10127,27.1
10128,28.6
10129,24.8
10130,28.1
10131,36.5
10132,27.2
10133,25.0
10134,27.5
10135,26.6
10136,30.6
10137,27.9
10138,25.1
10139,0.0
10140,29.0
10141,34.6
10142,28.4
10143,32.2
10144,27.4
10145,27.5
10146,29.3
10147,31.9
10148,32.5
10149,27.1
10150,24.5
10151,20.4
10152,24.9
10153,25.9
10154,30.2
10155,23.6
10156,0.0
10157,25.4
10158,26.8
10159,29.4
10160,30.3
10161,0.0
10162,23.8
10163,27.8
10164,30.8
10165,33.5
10166,32.0
10167,23.9
10168,26.3
10169,26.9
10170,30.3
10171,27.3
10172,33.1
10173,27.6
10174,28.5
10175,26.7
10176,28.2
10177,27.3
10178,25.0
10179,27.3
10180,29.4
10181,24.0
10182,33.8
10183,27.7
10184,30.4
10185,27.2
10186,23.5
10187,30.5
10188,25.7
10189,25.5
10190,27.4
10191,27.8
10192,30.1
10193,25.5
10194,28.6
10195,29.5
10196,30.0
10197,0.0
10198,28.6
10199,30.3
10200,34.5
10201,29.2
10202,26.7
10203,29.6
10204,31.9
10205,28.9
10206,26.7
10207,29.2
10208,29.1
10209,27.5
10210,31.0
10211,27.6
10212,30.5
10213,25.3
10214,27.0
10215,26.6
10216,28.9
10217,27.4
10218,28.6
10219,29.3
10901,26.7
10902,25.7
10903,23.9
10904,20.7
10905,22.3
11001,30.2
11002,26.3
11003,29.7
11004,35.9
11005,29.4
11006,28.2
11007,30.4
11008,30.8
11009,31.5
11010,26.3
11011,29.5
11012,31.7
11013,29.2
11014,33.2
11015,32.6
11016,31.6
11017,24.6
11018,26.3
11019,25.7
11020,32.7
11021,30.2
11022,38.0
11023,27.3
11024,28.5
11025,26.0
11026,28.5
11027,34.2
11028,28.9
11029,22.3
11030,30.5
11031,30.1
11032,31.6
11033,36.3
11034,25.9
11035,31.3
11036,25.8
11037,25.5
11038,27.2
11039,28.4
11040,26.4
11041,29.6
11042,26.6
11901,25.4
11902,26.9
11903,29.6
12001,29.0
12002,28.6
12003,27.5
12004,32.3
12005,26.8
12006,21.7
12007,23.6
12008,28.6
12009,28.9
12010,27.7
12011,26.7
12012,28.3
12013,28.3
12014,28.3
12015,30.8
12016,23.6
12017,25.0
12018,28.1
12020,34.0
12021,25.5
12022,29.0
12024,28.6
12025,29.0
12026,27.9
12027,32.2
12028,33.5
12029,27.1
12031,30.3
12032,30.8
12033,29.2
12034,28.2
12036,24.1
12037,0.0
12038,28.8
12039,26.0
12040,32.0
12041,31.3
12042,28.8
12043,30.3
12044,29.2
12045,26.5
12046,25.6
12048,23.6
12049,24.7
12050,28.5
12051,26.0
12052,28.3
12053,27.2
12055,30.7
12056,27.4
12057,26.5
12058,0.0
12059,24.7
12060,25.5
12061,27.8
12063,0.0
12064,0.0
12065,27.0
12066,0.0
12067,27.4
12068,0.0
12069,0.0
12070,28.9
12071,28.9
12072,28.2
12073,30.8
12074,24.0
12075,25.1
12076,0.0
12077,30.3
12078,26.6
12079,31.2
12080,27.3
12081,33.6
12082,28.3
12083,27.6
12084,27.6
12085,35.9
12087,0.0
12088,0.0
12089,34.5
12090,30.2
12091,24.7
12092,24.0
12093,42.3
12094,27.1
12095,24.3
12096,28.4
12097,0.0
12098,28.1
12099,29.2
12100,30.6
12101,27.4
12102,30.0
12103,0.0
12104,30.6
12105,27.2
12106,25.7
12107,26.8
12108,28.4
12109,25.4
12110,25.4
12111,26.4
12112,29.0
12113,29.6
12114,31.7
12115,31.7
12116,0.0
12117,29.3
12118,0.0
12119,29.5
12120,30.6
12121,25.2
12122,27.4
12123,0.0
12124,29.3
12125,27.1
12126,27.6
12127,0.0
12128,26.3
12129,26.5
12130,26.0
12131,0.0
12132,26.1
12133,0.0
12134,24.4
12135,29.1
12136,23.1
12137,0.0
12138,31.3
12139,26.7
12140,31.3
12141,27.4
12142,33.2
12901,26.5
12902,26.9
13001,24.5
13002,29.0
13003,27.4
13004,28.3
13005,31.0
13006,28.3
13007,27.5
13008,26.2
13009,29.7
13010,25.9
13011,31.1
13012,25.8
13013,29.5
13014,28.8
13015,30.0
13016,29.1
13017,30.9
13018,29.1
13019,28.8
13020,29.7
13021,28.9
13022,29.6
13023,28.8
13024,29.9
13025,32.2
13026,31.0
13027,30.2
13028,27.5
13029,27.7
13030,28.8
13031,27.5
13032,25.2
13033,25.5
13034,32.3
13035,28.2
13036,27.0
13037,28.3
13038,27.6
13039,28.0
13040,29.0
13041,29.8
13042,30.6
13043,30.6
13044,28.4
13045,31.7
13046,33.1
13047,28.6
13048,28.8
13049,26.3
13050,31.2
13051,28.1
13052,30.3
13053,29.5
13054,27.1
13055,29.7
13056,28.8
13057,26.8
13058,28.9
13059,28.1
13060,27.0
13061,31.5
13062,28.5
13063,27.5
13064,29.1
13065,29.6
13066,29.3
13067,26.9
13068,26.6
13069,26.6
13070,24.7
13071,32.9
13072,29.3
13073,28.7
13074,26.0
13075,29.8
13076,30.0
13077,28.1
13078,30.0
13079,27.2
13080,26.3
13081,27.0
13082,30.5
13083,28.4
13084,29.4
13085,26.4
13086,31.9
13087,31.8
13088,27.8
13089,26.4
13090,26.3
13091,31.4
13092,29.4
13093,30.9
13094,27.2
13095,0.0
13096,28.4
13097,27.0
13098,27.5
13901,29.5
13902,28.3
13903,29.6
13904,26.2
14001,27.0
14002,27.3
14003,24.5
14004,27.8
14005,27.8
14006,29.6
14007,29.8
14008,27.8
14009,29.9
14010,25.7
14011,26.3
14012,28.0
14013,29.5
14014,26.4
14015,28.3
14016,27.6
14017,27.7
14018,25.0
14019,28.3
14020,24.0
14021,33.0
14022,25.9
14023,26.2
14024,27.8
14025,27.2
14026,27.0
14027,27.0
14028,24.8
14029,29.3
14030,23.6
14031,28.2
14032,28.7
14033,25.8
14034,22.4
14035,28.1
14036,24.8
14037,27.2
14038,29.9
14039,27.8
14040,26.2
14041,25.6
14042,27.7
14043,26.2
14044,23.3
14045,23.8
14046,23.6
14047,28.0
14048,25.1
14049,28.8
14050,24.1
14051,25.4
14052,31.2
14053,27.6
14054,29.8
14055,29.7
14056,29.4
14057,27.2
14058,29.9
14059,31.1
14060,25.0
14061,27.8
14062,26.9
14063,29.0
14064,31.7
14065,27.5
14066,27.1
14067,26.3
14068,30.5
14069,29.0
14070,28.4
14071,28.7
14072,26.8
14073,27.6
14074,27.3
14075,25.1
14901,21.2
14902,21.9
15001,25.7
15002,30.2
15003,23.9
15004,28.1
15005,28.4
15006,25.5
15007,24.0
15008,31.1
15009,29.4
15010,24.6
15011,24.6
15012,25.3
15013,29.1
15014,23.6
15015,28.6
15016,27.5
15017,27.6
15018,26.0
15019,27.3
15020,27.0
15021,26.3
15022,28.4
15023,29.4
15024,25.1
15025,24.8
15026,0.0
15027,24.8
15028,28.1
15029,24.1
15030,32.7
15031,29.5
15032,26.1
15033,24.0
15034,25.0
15035,25.2
15036,30.7
15037,28.8
15038,24.7
15039,26.7
15040,26.3
15041,25.9
15042,22.1
15043,24.7
15044,26.1
15045,23.7
15046,27.5
15047,23.3
15048,30.4
15049,24.8
15050,23.9
15051,26.9
15052,26.0
15053,26.9
15054,26.6
15055,27.1
15056,26.6
15057,26.5
15058,34.4
15059,25.6
15060,25.9
15061,28.7
15062,25.2
15063,0.0
15064,25.8
15065,25.8
15066,24.0
15067,25.4
15068,24.8
15069,27.4
15070,28.7
15071,26.8
15072,22.9
15073,28.0
15074,23.5
15075,32.7
15076,25.7
15077,26.0
15078,31.5
15079,23.8
15080,22.9
15081,24.7
15082,29.7
15083,25.2
15084,23.7
15085,24.1
15086,23.2
15087,27.9
15088,24.7
15089,25.4
15090,24.8
15091,27.5
15092,25.9
15093,23.9
15901,26.4
15902,25.7
16001,0.0
16002,28.3
16003,25.4
16004,29.6
16005,28.8
16006,27.6
16007,28.1
16008,0.0
16009,0.0
16010,35.0
16011,0.0
16012,0.0
16013,0.0
16014,28.4
16015,27.5
16016,30.6
16017,27.5
16018,26.7
16019,28.4
16020,0.0
16022,0.0
16023,30.3
16024,25.4
16025,0.0
16026,28.1
16027,31.2
16029,0.0
16030,0.0
16031,0.0
16032,24.0
16033,28.9
16034,27.0
16035,26.4
16036,29.0
16038,0.0
16039,26.3
16040,36.9
16041,24.3
16042,28.1
16043,23.2
16044,0.0
16045,26.4
16046,28.4
16047,25.9
16048,29.5
16049,25.7
16050,27.7
16051,28.2
16052,30.7
16053,25.6
16055,25.0
16056,29.4
16057,0.0
16058,26.5
16060,27.7
16061,29.5
16062,0.0
16063,26.4
16064,28.8
16065,28.9
16066,25.7
16067,30.9
16068,31.1
16070,0.0
16071,0.0
16072,28.8
16073,26.3
16074,0.0
16078,30.8
16079,0.0
16081,0.0
16082,27.7
16083,0.0
16084,0.0
16085,29.5
16086,26.5
16087,27.7
16088,25.8
16089,26.4
16091,0.0
16092,25.2
16093,0.0
16094,34.3
16095,0.0
16096,27.9
16097,22.6
16098,26.6
16099,30.0
16100,25.6
16101,27.2
16102,28.2
16103,29.4
16104,0.0
16106,26.8
16107,0.0
16108,0.0
16109,0.0
16110,44.4
16111,28.3
16112,31.5
16113,29.8
16115,0.0
16116,0.0
16117,31.6
16118,28.2
16119,23.8
16121,28.1
16122,26.1
16123,0.0
16124,25.5
16125,29.2
16126,31.1
16128,0.0
16129,0.0
16130,26.6
16131,30.1
16132,0.0
16133,28.9
16134,29.1
16135,29.2
16137,0.0
16139,25.0
16140,0.0
16141,32.0
16142,29.6
16143,0.0
16145,26.7
16146,0.0
16147,0.0
16148,30.6
16149,28.2
16150,0.0
16151,0.0
16152,0.0
16153,26.6
16154,27.2
16155,32.5
16156,0.0
16157,27.1
16158,26.8
16159,25.7
16160,0.0
16161,0.0
16162,0.0
16163,0.0
16165,0.0
16166,27.6
16167,27.0
16169,0.0
16170,31.4
16171,30.0
16172,29.9
16173,29.5
16174,27.1
16175,27.7
16176,0.0
16177,30.1
16181,0.0
16185,0.0
16186,24.8
16187,0.0
16188,0.0
16189,31.9
16190,30.3
16191,28.4
16192,0.0
16193,0.0
16194,34.1
16195,24.7
16196,27.8
16197,0.0
16198,28.3
16199,0.0
16202,28.5
16203,28.3
16204,28.5
16205,30.3
16206,30.4
16209,32.6
16211,32.9
16212,34.2
16213,0.0
16215,28.2
16216,25.3
16217,0.0
16218,34.3
16219,0.0
16224,0.0
16225,0.0
16227,28.4
16228,31.6
16231,0.0
16234,0.0
16236,32.1
16237,0.0
16238,27.6
16239,29.8
16240,31.3
16242,32.3
16243,30.0
16244,26.8
16245,29.8
16246,30.7
16247,0.0
16248,28.2
16249,29.1
16250,0.0
16251,27.2
16253,33.1
16254,25.6
16255,30.7
16258,35.5
16259,0.0
16263,30.7
16264,29.1
16265,0.0
16266,27.1
16269,30.9
16270,25.9
16271,27.8
16272,28.0
16273,29.4
16274,25.4
16275,0.0
16276,0.0
16277,32.4
16278,0.0
16279,29.6
16280,32.1
16901,29.9
16902,23.7
16903,30.1
16904,31.2
16905,29.7
16906,0.0
16908,32.4
16909,28.0
16910,0.0
17001,30.8
17002,24.7
17003,33.2
17004,32.4
17005,27.8
17006,34.2
17007,27.0
17008,29.6
17009,30.1
17010,28.5
17011,33.1
17012,24.8
17013,34.1
17014,0.0
17015,30.3
17016,28.7
17018,29.0
17019,27.3
17020,23.8
17021,29.7
17022,30.5
17023,31.9
17024,43.4
17025,27.4
17026,29.4
17027,27.1
17028,34.9
17029,27.8
17030,32.7
17031,36.5
17032,34.3
17033,27.0
17034,33.6
17035,23.5
17036,23.7
17037,33.7
17038,25.7
17039,32.6
17040,29.9
17041,29.5
17042,32.7
17043,30.2
17044,27.9
17046,25.3
17047,36.6
17048,36.3
17049,27.0
17050,26.7
17051,28.9
17052,29.5
17054,37.1
17055,31.2
17056,26.4
17057,25.8
17058,31.7
17060,27.4
17061,44.3
17062,33.9
17063,27.8
17064,27.5
17065,26.6
17066,34.1
17067,29.0
17068,30.8
17069,39.8
17070,41.1
17071,23.7
17073,27.1
17074,29.8
17075,27.1
17076,31.1
17077,32.0
17078,32.4
17079,34.1
17080,34.4
17081,30.1
17082,33.3
17083,28.2
17084,36.7
17085,28.0
17086,34.0
17087,22.3
17088,26.4
17089,29.6
17090,27.5
17091,33.2
17092,31.4
17093,29.6
17094,33.9
17095,35.6
17096,27.3
17097,28.6
17098,32.4
17099,0.0
17100,30.3
17101,28.3
17102,30.9
17103,28.3
17105,31.0
17106,28.5
17107,29.4
17109,25.3
17110,27.9
17111,29.3
17112,25.8
17114,28.5
17115,29.5
17116,28.3
17117,32.6
17118,31.4
17119,39.1
17120,31.0
17121,33.0
17122,0.0
17123,26.5
17124,32.7
17125,33.8
17126,31.0
17128,30.9
17129,31.2
17130,30.3
17132,29.6
17133,26.7
17134,30.4
17135,27.8
17136,31.7
17137,24.7
17138,30.2
17139,25.1
17140,36.8
17141,33.4
17142,25.1
17143,28.9
17144,30.9
17145,29.3
17146,27.4
17147,27.2
17148,30.3
17149,24.2
17150,26.4
17151,36.1
17152,33.3
17153,32.1
17154,41.1
17155,32.6
17157,20.4
17158,26.2
17159,30.7
17160,31.6
17161,26.8
17162,37.0
17163,26.2
17164,29.4
17165,27.6
17166,28.0
17167,25.0
17168,25.4
17169,27.6
17170,24.5
17171,33.1
17172,25.5
17173,32.7
17174,29.8
17175,30.2
17176,40.4
17177,27.2
17178,31.8
17180,29.8
17181,32.5
17182,26.7
17183,33.4
17184,27.5
17185,25.9
17186,24.3
17187,31.5
17188,35.8
17189,24.9
17190,25.7
17191,30.0
17192,28.7
17193,28.5
17194,0.0
17195,29.6
17196,27.4
17197,26.9
17198,32.3
17199,33.0
17200,29.2
17201,34.7
17202,32.6
17203,29.1
17204,33.6
17205,25.4
17206,37.0
17207,25.2
17208,27.2
17209,29.7
17210,33.2
17211,30.7
17212,23.8
17213,30.0
17214,26.5
17215,22.8
17216,26.5
17217,24.4
17218,29.7
17220,30.2
17221,27.5
17222,26.8
17223,28.6
17224,35.9
17225,38.2
17226,25.5
17227,27.0
17228,28.0
17230,27.5
17232,38.1
17233,26.4
17234,28.4
17901,29.8
17902,33.3
17903,25.8
18001,29.4
18002,25.9
18003,31.9
18004,32.8
18005,32.1
18006,33.8
18007,28.1
18010,27.4
18011,31.5
18012,27.3
18013,28.7
18014,30.7
18015,23.7
18016,32.4
18017,33.9
18018,29.7
18020,31.1
18021,33.1
18022,31.7
18023,31.4
18024,27.2
18025,27.0
18027,31.3
18028,30.9
18029,27.0
18030,30.1
18032,34.8
18033,29.9
18034,28.6
18035,32.4
18036,33.2
18037,28.2
18038,28.6
18039,27.8
18040,41.8
18042,33.9
18043,44.4
18044,32.8
18045,28.7
18046,28.6
18047,32.0
18048,31.6
18049,29.0
18050,31.6
18051,30.5
18053,27.8
18054,29.6
18056,28.2
18057,30.2
18059,28.5
18061,27.8
18062,31.3
18063,37.8
18064,26.5
18065,28.7
18066,31.8
18067,34.4
18068,34.1
18069,29.3
18070,34.9
18071,29.9
18072,27.3
18074,27.5
18076,29.6
18077,26.4
18078,30.0
18079,35.5
18082,31.2
18083,29.2
18084,33.8
18085,28.4
18086,26.9
18087,36.8
18088,34.5
18089,31.2
18093,33.8
18094,31.4
18095,31.3
18096,28.3
18097,30.0
18098,29.4
18099,28.9
18100,29.1
18101,32.4
18102,30.2
18103,28.1
18105,34.6
18106,27.4
18107,27.8
18108,30.9
18109,31.4
18111,32.0
18112,44.4
18114,26.6
18115,30.1
18116,33.0
18117,26.3
18119,30.8
18120,29.7
18121,36.1
18122,29.8
18123,25.9
18124,34.2
18126,25.4
18127,30.9
18128,32.1
18132,27.7
18133,31.3
18134,34.0
18135,29.0
18136,29.5
18137,30.7
18138,28.3
18140,31.4
18141,37.8
18143,29.8
18144,30.2
18145,32.0
18146,31.3
18147,37.3
18148,30.5
18149,33.2
18150,30.6
18151,31.0
18152,32.6
18153,32.5
18154,34.0
18157,30.9
18158,34.6
18159,32.0
18161,31.2
18162,38.3
18163,30.7
18164,29.6
18165,30.9
18167,28.2
18168,32.2
18170,36.1
18171,28.0
18173,30.6
18174,29.9
18175,32.6
18176,30.6
18177,30.7
18178,31.7
18179,32.3
18180,26.9
18181,31.7
18182,33.4
18183,35.5
18184,31.2
18185,36.0
18187,30.7
18188,27.4
18189,31.6
18192,29.7
18193,32.4
18194,28.2
18901,35.5
18902,29.4
18903,29.3
18904,32.2
18905,31.1
18906,29.6
18907,29.5
18908,30.6
18909,33.4
18910,32.1
18911,29.6
18912,29.6
18913,28.8
18914,28.4
18915,35.2
18916,31.6
19001,0.0
19002,0.0
19003,0.0
19004,0.0
19005,26.3
19006,33.1
19007,26.4
19008,0.0
19009,34.5
19010,0.0
19011,31.3
19013,20.7
19015,0.0
19016,0.0
19017,0.0
19018,25.5
19019,0.0
19020,0.0
19021,26.7
19022,29.1
19023,30.7
19024,25.4
19027,32.6
19031,0.0
19032,30.9
19033,0.0
19034,0.0
19036,34.2
19037,25.6
19038,0.0
19039,0.0
19040,0.0
19041,28.2
19042,0.0
19043,0.0
19044,30.5
19045,41.4
19046,28.3
19047,0.0
19048,0.0
19049,0.0
19050,0.0
19051,0.0
19052,0.0
19053,30.5
19054,29.0
19055,0.0
19057,0.0
19058,29.0
19059,0.0
19060,44.4
19061,0.0
19064,0.0
19065,32.7
19066,0.0
19067,0.0
19070,0.0
19071,32.4
19073,0.0
19074,38.2
19075,0.0
19076,0.0
19078,0.0
19079,0.0
19080,0.0
19081,0.0
19082,28.1
19086,30.9
19087,0.0
19088,37.3
19089,0.0
19090,33.9
19091,0.0
19092,29.4
19095,0.0
19096,35.8
19097,0.0
19098,0.0
19099,29.8
19102,36.6
19103,29.4
19104,0.0
19105,28.4
19106,0.0
19107,24.8
19108,31.5
19109,0.0
19110,0.0
19111,29.1
19112,0.0
19113,29.8
19114,0.0
19115,0.0
19116,0.0
19117,25.3
19118,0.0
19119,0.0
19120,28.5
19121,31.0
19122,0.0
19123,0.0
19124,29.1
19125,0.0
19126,27.9
19127,0.0
19129,0.0
19130,31.1
19132,0.0
19133,38.0
19134,0.0
19135,33.5
19136,0.0
19138,31.3
19139,0.0
19142,27.3
19143,29.4
19145,0.0
19146,0.0
19147,0.0
19148,0.0
19150,27.8
19151,29.5
19152,29.9
19153,0.0
19154,0.0
19155,0.0
19156,28.9
19157,0.0
19159,31.7
19160,28.8
19161,26.7
19162,0.0
19163,0.0
19165,0.0
19166,26.2
19167,31.6
19168,24.7
19169,0.0
19170,35.4
19171,24.6
19172,0.0
19173,0.0
19174,23.8
19175,0.0
19176,31.4
19177,0.0
19178,0.0
19179,31.3
19181,0.0
19182,0.0
19183,0.0
19184,0.0
19185,0.0
19186,0.0
19187,0.0
19188,0.0
19189,26.2
19190,31.9
19191,0.0
19192,29.2
19193,0.0
19194,31.3
19195,0.0
19196,29.6
19197,0.0
19198,0.0
19199,0.0
19200,0.0
19201,0.0
19202,0.0
19203,0.0
19204,30.4
19208,0.0
19209,0.0
19210,0.0
19211,37.7
19212,31.5
19213,0.0
19214,0.0
19215,32.4
19216,30.9
19217,0.0
19218,0.0
19219,0.0
19220,27.3
19221,0.0
19222,29.2
19223,24.9
19224,28.4
19225,24.5
19226,0.0
19227,0.0
19228,0.0
19229,0.0
19230,25.4
19231,0.0
19232,0.0
19233,31.5
19234,0.0
19235,28.9
19237,0.0
19238,0.0
19239,33.6
19240,0.0
19241,0.0
19242,30.6
19243,0.0
19244,0.0
19245,31.3
19246,0.0
19247,25.7
19248,0.0
19249,0.0
19250,0.0
19251,0.0
19252,0.0
19254,0.0
19255,0.0
19256,0.0
19257,30.1
19258,0.0
19259,0.0
19260,0.0
19261,0.0
19262,34.8
19263,0.0
19264,0.0
19265,33.1
19266,29.7
19267,0.0
19268,0.0
19269,0.0
19270,0.0
19271,0.0
19272,0.0
19274,24.4
19277,0.0
19278,0.0
19279,44.4
19280,28.7
19281,0.0
19282,33.3
19283,0.0
19284,0.0
19285,0.0
19286,26.1
19287,29.3
19288,0.0
19289,0.0
19290,26.6
19291,31.5
19293,31.3
19294,0.0
19296,0.0
19297,0.0
19298,0.0
19299,0.0
19300,30.4
19301,0.0
19302,0.0
19303,0.0
19304,31.2
19305,29.2
19306,0.0
19307,0.0
19308,0.0
19309,0.0
19310,0.0
19311,0.0
19314,0.0
19317,30.8
19318,0.0
19319,25.2
19321,0.0
19322,0.0
19323,0.0
19324,27.2
19325,25.9
19326,27.5
19327,34.1
19329,0.0
19330,0.0
19331,28.8
19332,0.0
19333,36.3
19334,0.0
19335,0.0
19901,0.0
20001,28.0
20002,21.0
20003,27.6
20004,22.4
20005,28.8
20006,25.6
20007,24.6
20008,26.4
20009,27.0
20010,27.0
20011,28.0
20012,33.2
20013,25.1
20014,30.4
20015,25.9
20016,27.9
20017,28.3
20018,27.2
20019,29.0
20020,33.5
20021,31.9
20022,23.3
20023,29.8
20024,27.1
20025,28.0
20026,27.9
20027,25.7
20028,27.1
20029,28.5
20030,30.1
20031,27.3
20032,28.3
20033,28.0
20034,24.2
20035,27.2
20036,31.8
20037,25.5
20038,26.1
20039,27.8
20040,28.8
20041,32.7
20042,26.4
20043,26.4
20044,29.8
20045,30.6
20046,25.7
20047,30.2
20048,30.4
20049,27.1
20050,29.1
20051,25.6
20052,28.6
20053,25.9
20054,27.0
20055,27.6
20056,25.2
20057,22.3
20058,25.5
20059,24.4
20060,21.0
20061,27.6
20062,29.6
20063,26.7
20064,27.8
20065,30.6
20066,28.7
20067,26.4
20068,27.3
20069,32.3
20070,29.0
20071,28.2
20072,29.6
20073,25.6
20074,27.2
20075,31.7
20076,29.6
20077,29.8
20078,28.0
20079,30.0
20080,29.6
20081,25.3
20901,27.0
20902,26.5
20903,25.4
20904,23.4
20905,32.1
20906,29.8
20907,36.2
21001,37.2
21002,30.5
21003,22.9
21004,29.2
21005,27.2
21006,26.6
21007,30.7
21008,22.9
21009,26.8
21010,31.6
21011,30.1
21012,29.2
21013,29.4
21014,27.8
21015,25.5
21016,29.1
21017,30.1
21018,25.2
21019,28.4
21020,28.8
21021,30.6
21022,36.9
21023,26.0
21024,29.0
21025,30.3
21026,31.9
21027,0.0
21028,28.9
21029,28.2
21030,25.0
21031,27.8
21032,25.7
21033,31.9
21034,27.4
21035,27.7
21036,27.6
21037,27.1
21038,29.7
21039,27.7
21040,27.1
21041,32.6
21042,29.3
21043,25.3
21044,28.9
21045,31.9
21046,27.5
21047,26.2
21048,30.4
21049,28.0
21050,29.6
21051,30.7
21052,28.3
21053,26.9
21054,27.5
21055,28.4
21056,26.0
21057,27.8
21058,28.3
21059,25.1
21060,33.1
21061,24.9
21062,29.8
21063,25.5
21064,27.1
21065,33.1
21066,27.1
21067,31.2
21068,28.5
21069,27.3
21070,27.0
21071,29.7
21072,27.9
21073,28.3
21074,25.9
21075,31.0
21076,26.3
21077,25.3
21078,29.4
21079,29.0
21902,27.6
22001,27.6
22002,30.1
22003,26.9
22004,27.2
22006,28.6
22007,28.7
22008,24.1
22009,28.0
22011,32.5
22012,27.5
22013,28.0
22014,24.0
22015,30.2
22016,26.7
22017,28.1
22018,24.7
22019,25.2
22020,21.5
22021,25.8
22022,24.1
22023,24.0
22024,26.4
22025,25.9
22027,25.9
22028,23.8
22029,31.1
22032,33.0
22035,35.5
22036,0.0
22037,27.5
22039,30.7
22040,28.0
22041,20.4
22042,22.5
22043,0.0
22044,31.0
22045,0.0
22046,24.4
22047,25.5
22048,29.2
22049,0.0
22050,0.0
22051,25.9
22052,27.0
22053,25.3
22054,29.4
22055,26.6
22057,29.9
22058,29.8
22059,29.7
22060,27.9
22061,27.2
22062,32.0
22063,27.9
22064,26.9
22066,31.8
22067,0.0
22068,0.0
22069,29.8
22072,33.3
22074,29.4
22075,29.1
22076,26.5
22077,34.7
22078,28.3
22079,29.4
22080,35.3
22081,30.0
22082,25.8
22083,27.0
22084,30.1
22085,27.6
22086,26.3
22087,0.0
22088,28.5
22089,26.9
22090,28.8
22094,33.7
22095,0.0
22096,24.7
22099,25.7
22102,27.8
22103,28.0
22105,27.1
22106,0.0
22107,22.9
22109,28.4
22110,27.2
22111,30.7
22112,28.4
22113,31.2
22114,31.2
22115,25.3
22116,27.7
22117,28.7
22119,25.4
22122,0.0
22124,31.1
22125,30.6
22126,32.6
22127,34.0
22128,26.0
22129,29.8
22130,29.7
22131,0.0
22133,26.5
22135,27.4
22136,27.2
22137,26.5
22139,0.0
22141,27.8
22142,27.4
22143,26.8
22144,27.9
22149,29.0
22150,29.7
22151,0.0
22155,0.0
22156,21.3
22157,30.7
22158,28.5
22160,30.3
22162,25.9
22163,28.4
22164,0.0
22165,24.7
22167,26.1
22168,0.0
22170,27.7
22172,31.8
22173,29.5
22174,28.5
22175,28.2
22176,27.6
22177,26.7
22178,28.3
22181,0.0
22182,31.2
22184,35.0
22186,27.6
22187,26.4
22188,0.0
22189,25.8
22190,25.9
22193,28.2
22195,24.0
22197,31.5
22199,29.0
22200,32.8
22201,25.5
22202,23.7
22203,0.0
22204,28.0
22205,28.3
22206,24.8
22207,27.9
22208,25.7
22209,29.2
22212,0.0
22213,27.8
22214,25.8
22215,31.2
22217,27.4
22218,0.0
22220,26.2
22221,29.1
22222,26.5
22223,0.0
22225,26.0
22226,25.9
22227,26.9
22228,22.7
22229,29.4
22230,23.9
22232,31.9
22233,0.0
22234,31.0
22235,0.0
22236,29.0
22239,30.0
22242,0.0
22243,0.0
22244,0.0
22245,30.6
22246,0.0
22248,23.4
22249,34.8
22250,31.4
22251,29.1
22252,20.4
22253,0.0
22254,29.9
22901,25.4
22902,29.0
22903,23.6
22904,28.8
22905,28.4
22906,25.6
22907,29.4
22908,30.5
22909,23.4
23001,28.2
23002,29.2
23003,27.7
23004,29.8
23005,30.5
23006,27.5
23007,28.7
23008,27.4
23009,31.7
23010,28.4
23011,27.6
23012,32.3
23014,28.8
23015,25.7
23016,28.0
23017,27.6
23018,29.4
23019,27.7
23020,30.6
23021,24.4
23024,31.5
23025,27.6
23026,26.8
23027,25.4
23028,30.0
23029,31.0
23030,26.1
23031,23.2
23032,24.3
23033,29.0
23034,28.3
23035,31.2
23037,27.9
23038,31.6
23039,28.6
23040,26.7
23041,26.8
23042,30.6
23043,34.9
23044,30.5
23045,27.5
23046,26.4
23047,26.7
23048,29.1
23049,25.3
23050,32.0
23051,27.8
23052,26.8
23053,25.2
23054,23.4
23055,31.8
23056,26.4
23057,24.6
23058,28.8
23059,27.5
23060,27.6
23061,28.5
23062,27.6
23063,27.1
23064,28.4
23065,28.9
23066,27.5
23067,28.3
23069,28.9
23070,30.0
23071,30.3
23072,30.2
23073,25.5
23074,27.3
23075,26.7
23076,28.0
23077,29.3
23079,28.8
23080,26.4
23081,28.8
23082,32.4
23084,28.2
23085,24.4
23086,29.4
23087,27.8
23088,25.5
23090,27.4
23091,30.3
23092,32.4
23093,29.7
23094,24.8
23095,28.1
23096,26.3
23097,30.1
23098,26.4
23099,31.8
23101,26.3
23901,31.6
23902,27.4
23903,27.9
23904,29.8
23905,28.3
24001,31.0
24002,25.9
24003,26.0
24004,32.4
24005,24.5
24006,30.3
24007,28.9
24008,29.8
24009,30.1
24010,30.5
24011,25.9
24012,25.4
24014,27.0
24015,26.7
24016,24.6
24017,24.9
24018,28.7
24019,25.5
24020,27.9
24021,28.0
24022,26.7
24023,27.1
24024,28.7
24025,27.6
24026,25.2
24027,28.2
24028,23.5
24029,26.0
24030,29.0
24031,22.9
24032,26.4
24033,26.7
24034,26.7
24036,32.1
24037,29.7
24038,26.3
24039,27.2
24040,30.5
24041,24.8
24042,0.0
24043,22.0
24044,25.6
24046,25.6
24047,29.3
24049,25.4
24050,27.9
24051,27.5
24052,26.5
24053,27.0
24054,23.5
24055,31.3
24056,28.2
24057,27.8
24058,34.5
24059,26.2
24060,28.5
24061,28.7
24062,26.9
24063,27.3
24064,25.0
24065,24.9
24066,23.6
24067,28.6
24068,26.3
24069,0.0
24070,25.0
24071,24.0
24073,25.2
24074,0.0
24076,28.5
24077,31.6
24078,28.2
24079,28.5
24080,29.9
24081,25.1
24082,27.9
24083,26.0
24084,28.2
24086,28.9
24087,22.5
24088,25.0
24089,31.7
24090,27.1
24091,27.4
24092,26.0
24093,26.7
24094,31.4
24095,26.8
24096,41.5
24097,23.9
24098,26.9
24099,29.0
24100,29.0
24101,29.2
24102,24.4
24103,28.7
24104,27.6
24105,26.3
24106,30.2
24107,30.9
24108,23.8
24109,24.5
24110,27.7
24112,28.1
24113,26.4
24114,25.3
24115,31.1
24116,28.5
24117,23.8
24118,0.0
24119,27.2
24120,30.8
24121,29.4
24122,24.7
24123,30.2
24124,26.0
24125,23.9
24127,20.4
24129,24.2
24130,32.0
24131,22.5
24132,28.6
24133,29.8
24134,25.4
24136,26.7
24137,25.3
24139,30.0
24141,0.0
24142,28.1
24143,26.5
24144,25.5
24145,34.8
24146,25.5
24148,23.1
24149,26.7
24150,27.8
24151,26.4
24152,31.0
24153,25.9
24154,29.0
24155,23.0
24156,24.6
24157,27.8
24158,31.4
24159,24.6
24160,29.8
24161,27.5
24162,26.7
24163,30.6
24164,28.5
24165,20.4
24166,26.3
24167,27.7
24168,28.3
24169,24.3
24170,24.6
24171,27.6
24172,28.7
24173,25.9
24174,24.4
24175,26.9
24176,23.3
24177,30.3
24178,0.0
24179,35.9
24180,28.0
24181,29.2
24182,23.2
24183,28.9
24184,24.2
24185,26.7
24187,27.9
24188,29.6
24189,26.3
24190,23.2
24191,24.2
24193,30.5
24194,25.7
24196,25.4
24197,25.5
24198,30.4
24199,32.4
24201,28.0
24202,24.8
24203,0.0
24205,27.3
24206,28.5
24207,29.6
24209,28.4
24210,28.1
24211,24.4
24212,27.5
24213,32.6
24214,23.3
24215,26.6
24216,26.9
24217,26.8
24218,25.3
24219,25.4
24221,29.9
24222,28.5
24223,28.4
24224,27.6
24225,27.8
24226,27.5
24227,29.1
24228,22.0
24229,27.2
24230,26.0
24901,27.2
24902,24.9
25001,29.9
25002,27.8
25003,28.4
25004,28.9
25005,31.2
25006,26.9
25007,26.0
25008,26.1
25009,26.9
25010,24.9
25011,27.8
25012,27.7
25013,31.9
25014,27.9
25015,28.0
25016,28.8
25017,25.9
25019,28.4
25020,27.8
25021,29.3
25022,33.4
25023,29.5
25024,28.5
25025,36.9
25027,32.3
25029,28.1
25030,30.0
25031,0.0
25032,0.0
25033,26.9
25034,30.8
25035,28.6
25036,30.3
25037,26.4
25038,28.2
25039,31.7
25040,32.2
25041,31.8
25042,26.1
25043,30.6
25044,21.4
25045,0.0
25046,25.9
25047,27.7
25048,29.0
25049,27.6
25050,31.5
25051,34.3
25052,26.4
25053,27.7
25055,29.0
25056,32.0
25057,29.3
25058,30.3
25059,30.5
25060,0.0
25061,0.0
25062,27.5
25063,0.0
25064,20.7
25067,28.7
25068,31.2
25069,29.4
25070,27.7
25071,0.0
25072,29.7
25073,29.4
25074,26.3
25075,29.8
25076,22.5
25077,32.7
25078,27.6
25079,24.6
25081,26.3
25082,27.4
25085,30.3
25086,32.2
25087,0.0
25088,32.1
25089,34.5
25092,27.4
25093,29.0
25094,31.0
25096,29.4
25097,27.8
25098,26.5
25099,29.6
25100,27.5
25101,29.6
25102,31.9
25103,20.6
25104,25.5
25105,32.0
25109,32.4
25110,25.2
25111,36.7
25112,29.1
25113,26.9
25114,24.5
25115,28.6
25118,29.2
25119,28.6
25120,33.4
25121,33.7
25122,26.9
25123,29.7
25124,25.7
25125,25.8
25126,31.7
25127,29.8
25128,29.7
25129,24.4
25130,26.9
25131,30.4
25132,27.8
25133,26.5
25134,28.4
25135,27.8
25136,24.7
25137,30.6
25138,26.8
25139,33.2
25140,32.6
25141,31.6
25142,24.3
25143,0.0
25145,0.0
25146,32.1
25148,28.0
25149,27.1
25150,29.5
25151,25.4
25152,43.6
25153,26.1
25154,20.4
25155,30.2
25156,25.0
25157,21.8
25158,28.1
25161,29.8
25163,27.8
25164,28.9
25165,30.3
25166,24.6
25167,28.6
25168,29.2
25169,33.7
25170,24.3
25171,32.7
25172,31.5
25173,29.6
25174,24.5
25175,30.0
25176,30.1
25177,30.3
25179,33.4
25180,26.5
25181,32.5
25182,26.8
25183,29.9
25185,32.5
25186,33.1
25189,26.8
25190,29.8
25191,29.5
25192,28.4
25193,31.4
25194,23.7
25196,26.6
25197,29.9
25200,27.2
25201,27.9
25202,33.0
25203,36.3
25204,28.4
25205,25.2
25206,28.9
25207,29.5
25208,33.6
25209,29.5
25210,26.9
25211,23.6
25212,26.8
25215,28.9
25216,33.3
25217,30.0
25218,26.0
25219,28.1
25220,26.3
25221,31.1
25222,0.0
25223,28.8
25224,29.4
25225,29.4
25226,27.0
25227,33.3
25228,29.0
25230,30.6
25231,29.1
25232,29.1
25233,26.6
25234,31.8
25238,28.4
25239,30.3
25240,28.1
25242,30.0
25243,30.2
25244,27.3
25245,29.7
25247,32.3
25248,29.1
25249,27.3
25250,32.5
25251,26.3
25252,27.7
25253,33.5
25254,26.9
25255,28.9
25901,33.5
25902,27.6
25903,31.8
25904,32.8
25905,26.2
25906,31.3
25907,27.9
25908,25.1
25909,34.7
25910,0.0
25911,31.7
25912,26.7
25913,0.0
26001,31.1
26002,29.1
26003,32.6
26004,0.0
26005,31.4
26006,28.3
26007,34.6
26008,30.1
26009,31.4
26010,0.0
26011,28.6
26012,0.0
26013,31.2
26014,26.5
26015,31.4
26016,0.0
26017,27.0
26018,28.8
26019,27.6
26020,32.0
26021,29.4
26022,34.4
26023,28.1
26024,33.9
26025,0.0
26026,24.8
26027,29.3
26028,34.5
26029,0.0
26030,0.0
26031,0.0
26032,0.0
26033,25.2
26034,28.4
26035,0.0
26036,30.4
26037,34.5
26038,0.0
26039,0.0
26040,0.0
26041,29.0
26042,34.6
26043,29.5
26044,0.0
26045,0.0
26046,31.0
26047,28.5
26048,0.0
26049,30.0
26050,39.0
26051,30.4
26052,28.9
26053,30.7
26054,27.5
26055,0.0
26056,29.9
26057,0.0
26058,32.5
26059,31.4
26060,0.0
26061,31.7
26062,0.0
26063,37.2
26064,26.7
26065,0.0
26066,32.1
26067,0.0
26068,25.3
26069,30.0
26070,35.2
26071,30.2
26072,28.9
26073,28.6
26074,32.4
26075,33.6
26076,33.8
26077,0.0
26078,0.0
26079,31.8
26080,28.4
26081,0.0
26082,26.0
26083,26.7
26084,30.8
26086,0.0
26087,32.9
26088,0.0
26089,30.6
26091,34.0
26092,36.9
26093,0.0
26094,0.0
26095,0.0
26096,29.9
26098,35.1
26099,31.8
26100,0.0
26101,0.0
26102,28.2
26103,29.5
26104,0.0
26105,28.2
26106,0.0
26107,0.0
26108,32.8
26109,0.0
26110,35.5
26111,33.8
26112,30.0
26113,0.0
26114,0.0
26115,0.0
26117,26.6
26118,0.0
26119,29.2
26120,32.7
26121,0.0
26122,33.3
26123,29.8
26124,28.9
26125,29.7
26126,0.0
26127,31.7
26128,29.9
26129,29.5
26130,24.4
26131,0.0
26132,32.6
26134,0.0
26135,26.6
26136,25.2
26138,31.7
26139,0.0
26140,27.3
26141,27.3
26142,30.8
26143,35.0
26144,30.7
26145,25.9
26146,0.0
26147,0.0
26148,33.1
26149,0.0
26150,30.4
26151,25.4
26152,0.0
26153,0.0
26154,0.0
26155,27.2
26157,36.5
26158,33.5
26160,31.1
26161,0.0
26162,31.4
26163,29.2
26164,0.0
26165,27.3
26166,33.4
26167,0.0
26168,27.6
26169,0.0
26170,29.9
26171,29.5
26172,0.0
26173,0.0
26174,24.8
26175,0.0
26176,0.0
26177,28.9
26178,0.0
26179,0.0
26180,29.5
26181,0.0
26183,0.0
27001,23.0
27002,25.2
27003,27.5
27004,25.9
27005,27.6
27006,27.3
27007,25.7
27008,26.7
27009,26.4
27010,24.9
27011,26.1
27012,24.5
27013,25.1
27014,27.4
27015,23.4
27016,28.5
27017,24.6
27018,25.3
27019,28.3
27020,27.2
27021,24.9
27022,24.6
27023,25.2
27024,26.7
27025,24.7
27026,25.2
27027,26.6
27028,31.5
27029,27.9
27030,26.5
27031,31.7
27032,28.6
27033,23.7
27034,25.3
27035,37.6
27037,24.2
27038,26.3
27039,24.8
27040,26.9
27041,28.5
27042,25.0
27043,23.5
27044,23.1
27045,24.8
27046,25.8
27047,26.9
27048,25.1
27049,26.8
27050,29.9
27051,29.6
27052,27.5
27053,23.0
27054,24.7
27055,25.3
27056,31.1
27057,28.9
27058,26.8
27059,29.4
27060,27.5
27061,23.6
27062,27.8
27063,25.3
27064,24.0
27065,25.9
27066,28.6
27901,26.2
27902,28.3
28001,0.0
28002,30.9
28003,32.1
28004,32.2
28005,30.8
28006,42.5
28007,29.7
28008,32.2
28009,35.4
28010,32.0
28011,34.8
28012,29.7
28013,31.5
28014,29.2
28015,28.2
28016,33.0
28017,31.9
28018,34.8
28019,26.9
28020,33.7
28021,33.1
28022,34.5
28023,31.9
28024,29.7
28025,32.4
28026,33.2
28027,31.6
28028,34.1
28029,31.1
28030,31.4
28031,31.3
28032,29.1
28033,29.0
28034,30.3
28035,30.7
28036,25.9
28037,28.7
28038,32.2
28039,30.8
28040,29.4
28041,33.4
28042,33.8
28043,27.8
28044,32.4
28045,32.1
28046,34.4
28047,31.8
28048,24.4
28049,28.8
28050,29.3
28051,32.4
28052,31.3
28053,28.4
28054,32.8
28055,32.5
28056,34.5
28057,29.9
28058,27.5
28059,34.3
28060,29.2
28061,34.9
28062,35.0
28063,36.7
28064,31.9
28065,30.0
28066,31.2
28067,32.2
28068,30.8
28069,0.0
28070,41.2
28071,28.7
28072,34.1
28073,29.0
28074,29.2
28075,27.8
28076,37.5
28078,0.0
28079,38.1
28080,37.5
28082,32.5
28083,28.2
28084,28.0
28085,35.0
28086,33.5
28087,33.1
28088,29.7
28089,28.6
28090,30.3
28091,29.6
28092,28.6
28093,37.8
28094,34.7
28095,33.2
28096,30.3
28097,35.5
28099,31.1
28100,32.6
28101,34.9
28102,31.1
28104,31.6
28106,30.1
28107,26.4
28108,32.6
28109,36.5
28110,30.2
28111,29.2
28112,30.6
28113,28.9
28114,29.2
28115,40.4
28116,28.5
28117,32.4
28118,0.0
28119,32.2
28120,35.4
28121,28.5
28122,30.8
28123,29.4
28124,0.0
28125,34.9
28126,0.0
28127,33.9
28128,29.5
28129,36.5
28130,27.6
28131,33.6
28132,30.4
28133,32.3
28134,33.7
28135,32.9
28136,25.8
28137,28.7
28138,0.0
28140,28.1
28141,30.9
28143,0.0
28144,32.7
28145,31.1
28146,29.4
28147,28.9
28148,29.3
28149,29.3
28150,27.4
28151,30.0
28152,35.3
28153,29.8
28154,28.8
28155,28.4
28156,28.3
28157,30.2
28158,35.3
28159,32.9
28160,33.7
28161,28.1
28162,34.8
28163,27.3
28164,32.6
28165,29.6
28166,30.7
28167,27.7
28168,32.7
28169,33.3
28170,28.4
28171,31.1
28172,28.9
28173,28.3
28174,29.8
28175,29.4
28176,37.4
28177,33.1
28178,29.0
28179,33.5
28180,28.0
28181,34.4
28182,30.2
28183,35.3
28901,32.7
28902,31.2
28903,29.3
29001,26.6
29002,33.8
29003,32.5
29004,30.2
29005,30.4
29006,30.6
29007,31.5
29008,31.9
29009,24.7
29010,29.2
29011,27.3
29012,29.9
29013,30.2
29014,31.1
29015,29.9
29016,31.4
29017,28.4
29018,25.6
29019,27.9
29020,28.1
29021,33.0
29022,34.9
29023,43.8
29024,26.9
29025,36.9
29026,29.3
29027,28.6
29028,30.1
29029,27.8
29030,25.5
29031,27.4
29032,27.9
29033,29.4
29034,34.2
29035,26.7
29036,26.6
29037,35.5
29038,27.6
29039,30.1
29040,28.7
29041,33.1
29042,32.1
29043,30.9
29044,32.9
29045,32.6
29046,30.1
29047,26.4
29048,27.2
29049,28.4
29050,30.5
29051,33.5
29052,32.6
29053,34.3
29054,37.8
29055,29.2
29056,31.1
29057,32.5
29058,31.0
29059,30.9
29060,30.0
29061,29.5
29062,28.6
29063,29.6
29064,30.2
29065,33.6
29066,33.0
29067,34.3
29068,37.5
29069,36.1
29070,35.0
29071,30.5
29072,29.8
29073,31.3
29074,28.9
29075,33.7
29076,32.7
29077,31.3
29079,31.5
29080,27.9
29081,29.8
29082,32.1
29083,29.5
29084,31.9
29085,30.9
29086,34.2
29087,33.7
29088,26.2
29089,25.7
29090,30.1
29091,34.6
29092,27.1
29093,24.1
29094,32.8
29095,26.4
29096,27.7
29097,28.5
29098,24.7
29099,32.1
29100,26.0
29901,36.5
29902,25.4
29903,25.7
29904,24.7
30001,28.4
30002,26.9
30003,30.2
30004,27.7
30005,31.0
30006,24.3
30007,29.7
30008,28.7
30009,30.7
30010,27.2
30011,27.8
30012,26.5
30013,28.2
30014,27.5
30015,29.6
30016,32.4
30017,29.9
30018,29.2
30019,27.9
30020,28.4
30021,29.9
30022,28.9
30023,26.3
30024,29.0
30025,28.3
30026,30.5
30027,32.4
30028,26.9
30029,27.8
30030,33.7
30031,30.6
30032,25.7
30033,27.5
30034,26.6
30035,33.0
30036,31.1
30037,30.1
30038,28.2
30039,26.5
30040,27.4
30041,29.6
30042,29.4
30043,27.9
30901,29.2
30902,32.2
31001,0.0
31002,0.0
31003,0.0
31004,0.0
31005,0.0
31006,0.0
31007,0.0
31008,0.0
31009,0.0
31010,0.0
31011,0.0
31012,0.0
31013,0.0
31014,0.0
31015,0.0
31016,0.0
31017,0.0
31018,0.0
31019,0.0
31020,0.0
31021,0.0
31022,0.0
31023,0.0
31024,0.0
31025,0.0
31026,0.0
31027,0.0
31028,0.0
31029,0.0
31030,0.0
31031,0.0
31032,0.0
31033,0.0
31034,0.0
31035,0.0
31036,0.0
31037,0.0
31038,0.0
31039,0.0
31040,0.0
31041,0.0
31042,0.0
31043,0.0
31044,0.0
31045,0.0
31046,0.0
31047,0.0
31048,0.0
31049,0.0
31050,0.0
31051,0.0
31052,0.0
31053,0.0
31054,0.0
31055,0.0
31056,0.0
31057,0.0
31058,0.0
31059,0.0
31060,0.0
31061,0.0
31062,0.0
31063,0.0
31064,0.0
31065,0.0
31066,0.0
31067,0.0
31068,0.0
31069,0.0
31070,0.0
31071,0.0
31072,0.0
31073,0.0
31074,0.0
31075,0.0
31076,0.0
31077,0.0
31078,0.0
31079,0.0
31080,0.0
31081,0.0
31082,0.0
31083,0.0
31084,0.0
31085,0.0
31086,0.0
31087,0.0
31088,0.0
31089,0.0
31090,0.0
31091,0.0
31092,0.0
31093,0.0
31094,0.0
31095,0.0
31096,0.0
31097,0.0
31098,0.0
31099,0.0
31100,0.0
31101,0.0
31102,0.0
31103,0.0
31104,0.0
31105,0.0
31106,0.0
31107,0.0
31108,0.0
31109,0.0
31110,0.0
31111,0.0
31112,0.0
31113,0.0
31114,0.0
31115,0.0
31116,0.0
31117,0.0
31118,0.0
31119,0.0
31120,0.0
31121,0.0
31122,0.0
31123,0.0
31124,0.0
31125,0.0
31126,0.0
31127,0.0
31128,0.0
31129,0.0
31130,0.0
31131,0.0
31132,0.0
31133,0.0
31134,0.0
31135,0.0
31136,0.0
31137,0.0
31138,0.0
31139,0.0
31140,0.0
31141,0.0
31142,0.0
31143,0.0
31144,0.0
31145,0.0
31146,0.0
31147,0.0
31148,0.0
31149,0.0
31150,0.0
31151,0.0
31152,0.0
31153,0.0
31154,0.0
31155,0.0
31156,0.0
31157,0.0
31158,0.0
31159,0.0
31160,0.0
31161,0.0
31162,0.0
31163,0.0
31164,0.0
31165,0.0
31166,0.0
31167,0.0
31168,0.0
31169,0.0
31170,0.0
31171,0.0
31172,0.0
31173,0.0
31174,0.0
31175,0.0
31176,0.0
31177,0.0
31178,0.0
31179,0.0
31180,0.0
31181,0.0
31182,0.0
31183,0.0
31184,0.0
31185,0.0
31186,0.0
31187,0.0
31188,0.0
31189,0.0
31190,0.0
31191,0.0
31192,0.0
31193,0.0
31194,0.0
31195,0.0
31196,0.0
31197,0.0
31198,0.0
31199,0.0
31200,0.0
31201,0.0
31202,0.0
31203,0.0
31204,0.0
31205,0.0
31206,0.0
31207,0.0
31208,0.0
31209,0.0
31210,0.0
31211,0.0
31212,0.0
31213,0.0
31214,0.0
31215,0.0
31216,0.0
31217,0.0
31219,0.0
31220,0.0
31221,0.0
31222,0.0
31223,0.0
31224,0.0
31225,0.0
31226,0.0
31227,0.0
31228,0.0
31229,0.0
31230,0.0
31231,0.0
31232,0.0
31233,0.0
31234,0.0
31235,0.0
31236,0.0
31237,0.0
31238,0.0
31239,0.0
31240,0.0
31241,0.0
31242,0.0
31243,0.0
31244,0.0
31245,0.0
31246,0.0
31247,0.0
31248,0.0
31249,0.0
31250,0.0
31251,0.0
31252,0.0
31253,0.0
31254,0.0
31255,0.0
31256,0.0
31257,0.0
31258,0.0
31259,0.0
31260,0.0
31261,0.0
31262,0.0
31263,0.0
31264,0.0
31265,0.0
31901,0.0
31902,0.0
31903,0.0
31904,0.0
31905,0.0
31906,0.0
31907,0.0
31908,0.0
32001,29.2
32002,28.5
32003,27.1
32004,35.7
32005,26.9
32006,28.6
32007,26.3
32008,27.6
32009,27.6
32010,31.0
32011,33.1
32012,26.8
32013,30.7
32014,27.7
32015,26.8
32016,26.0
32017,27.6
32018,28.1
32019,30.9
32020,28.1
32021,24.8
32022,28.2
32023,28.5
32024,30.1
32025,28.7
32026,28.5
32027,28.9
32028,29.3
32029,28.7
32030,28.9
32031,27.6
32032,29.8
32033,28.1
32034,26.5
32035,27.8
32036,26.5
32037,28.4
32038,24.3
32039,28.1
32040,28.3
32041,28.7
32042,28.7
32043,30.3
32044,23.7
32045,30.1
32046,25.9
32047,27.4
32048,27.2
32049,27.0
32050,27.4
32051,29.1
32052,28.9
32053,28.5
32054,32.1
32055,27.1
32056,30.5
32057,29.1
32058,28.4
32059,26.9
32060,28.4
32061,25.3
32062,26.8
32063,28.7
32064,28.1
32065,27.0
32066,33.3
32067,25.5
32068,31.2
32069,27.8
32070,24.2
32071,27.4
32072,27.5
32073,25.8
32074,29.4
32075,27.4
32076,26.3
32077,29.0
32078,27.8
32079,26.0
32080,27.3
32081,27.1
32082,26.5
32083,31.3
32084,28.5
32085,32.7
32086,27.6
32087,29.3
32088,26.0
32089,28.2
32090,30.9
32091,26.2
32092,26.0
33001,26.2
33002,24.9
33003,33.8
33004,29.2
33005,25.8
33006,28.3
33007,27.3
33008,30.6
33009,34.1
33010,25.1
33011,25.4
33012,30.9
33013,34.1
33014,26.9
33015,30.9
33016,28.0
33017,26.3
33018,26.7
33019,29.0
33020,28.2
33021,29.5
33022,23.6
33023,26.5
33024,30.8
33025,29.2
33026,28.2
33027,27.5
33028,25.8
33029,31.5
33030,25.7
33031,28.8
33032,26.0
33033,26.1
33034,26.6
33035,29.3
33036,32.4
33037,27.5
33038,27.1
33039,30.8
33040,27.2
33041,27.7
33042,28.6
33043,30.2
33044,32.6
33045,30.2
33046,29.0
33047,29.2
33048,30.6
33049,30.1
33050,32.3
33051,28.5
33052,30.3
33053,30.7
33054,27.0
33055,29.6
33056,31.9
33057,34.6
33058,24.8
33059,27.8
33060,27.4
33061,27.4
33062,24.9
33063,25.4
33064,30.0
33065,24.7
33066,29.1
33067,28.7
33068,31.8
33069,27.7
33070,27.1
33071,24.6
33072,27.3
33073,26.5
33074,29.6
33075,27.5
33076,31.9
33077,23.8
33078,25.5
34001,0.0
34003,30.7
34004,26.7
34005,29.5
34006,0.0
34009,0.0
34010,28.2
34011,27.7
34012,30.4
34015,0.0
34017,27.2
34018,24.4
34019,30.7
34020,0.0
34022,26.9
34023,25.4
34024,0.0
34025,0.0
34027,27.3
34028,29.2
34029,26.3
34031,0.0
34032,0.0
34033,0.0
34034,26.9
34035,30.5
34036,34.0
34037,23.8
34038,29.5
34039,0.0
34041,0.0
34042,25.1
34045,0.0
34046,0.0
34047,28.6
34048,0.0
34049,24.2
34050,28.5
34051,21.9
34052,29.0
34053,28.5
34055,31.4
34056,28.5
34057,25.6
34058,26.8
34059,28.9
34060,24.9
34061,27.8
34062,26.7
34063,24.6
34066,0.0
34067,21.4
34068,0.0
34069,24.5
34070,26.6
34071,24.8
34072,31.7
34073,25.3
34074,25.4
34076,31.9
34077,25.8
34079,29.0
34080,26.2
34081,0.0
34082,0.0
34083,30.1
34084,26.9
34086,27.1
34087,25.3
34088,30.5
34089,32.8
34091,26.6
34092,29.5
34093,0.0
34094,0.0
34096,0.0
34098,26.6
34099,0.0
34100,25.4
34101,0.0
34102,24.5
34103,0.0
34104,27.8
34106,36.8
34107,0.0
34108,29.2
34109,0.0
34110,0.0
34112,0.0
34113,0.0
34114,26.7
34116,0.0
34120,29.7
34121,29.0
34122,0.0
34123,28.4
34124,0.0
34125,0.0
34126,27.2
34127,0.0
34129,25.0
34130,29.3
34131,0.0
34132,29.7
34133,31.8
34134,0.0
34135,26.6
34136,27.3
34137,0.0
34139,30.8
34140,0.0
34141,35.5
34143,27.3
34146,0.0
34147,25.9
34149,0.0
34151,26.3
34152,32.2
34154,0.0
34155,25.5
34156,0.0
34157,30.2
34158,27.5
34159,27.7
34160,24.5
34161,0.0
34163,0.0
34165,0.0
34167,22.0
34168,0.0
34169,28.2
34170,0.0
34171,25.0
34174,27.2
34175,0.0
34176,31.4
34177,26.5
34178,24.0
34179,0.0
34180,0.0
34181,25.0
34182,27.2
34184,0.0
34185,0.0
34186,0.0
34189,0.0
34190,0.0
34192,0.0
34196,0.0
34199,26.0
34201,31.1
34202,0.0
34204,0.0
34205,0.0
34206,24.7
34208,0.0
34210,0.0
34211,27.4
34213,0.0
34214,25.1
34215,27.1
34216,0.0
34217,25.2
34218,31.5
34220,26.5
34221,28.0
34222,30.6
34223,30.3
34224,0.0
34225,24.4
34227,0.0
34228,0.0
34229,0.0
34230,0.0
34231,25.4
34232,30.6
34233,25.0
34234,0.0
34236,28.4
34237,25.8
34238,26.5
34240,0.0
34241,0.0
34242,27.7
34243,30.8
34245,22.9
34246,0.0
34901,28.6
34902,30.2
34903,29.9
34904,27.8
35001,29.9
35002,29.4
35003,37.0
35004,31.9
35005,27.7
35006,29.6
35007,31.1
35008,28.3
35009,28.6
35010,31.6
35011,27.8
35012,32.2
35013,30.7
35014,36.1
35015,29.4
35016,35.8
35017,32.6
35018,31.1
35019,34.1
35020,27.0
35021,36.2
35022,29.9
35023,28.8
35024,31.9
35025,31.4
35026,30.8
35027,30.7
35028,35.4
35029,26.7
35030,28.2
35031,29.6
35032,28.7
35033,31.2
35034,32.1
36001,27.3
36002,28.2
36003,30.1
36004,29.4
36005,25.3
36006,25.9
36007,26.3
36008,27.2
36009,27.9
36010,22.5
36011,0.0
36012,0.0
36013,30.8
36014,30.2
36015,25.6
36016,25.0
36017,26.0
36018,28.3
36019,31.2
36020,28.1
36021,28.7
36022,27.6
36023,27.8
36024,29.4
36025,34.2
36026,28.6
36027,24.9
36028,25.4
36029,26.0
36030,26.8
36031,36.5
36032,24.7
36033,24.3
36034,28.2
36035,32.3
36036,25.6
36037,25.3
36038,32.0
36039,27.9
36040,25.4
36041,30.2
36042,28.6
36043,30.5
36044,25.9
36045,24.6
36046,24.9
36047,25.4
36048,26.5
36049,25.0
36050,28.6
36051,28.5
36052,26.1
36053,26.3
36054,28.1
36055,28.9
36056,21.6
36057,30.2
36058,26.2
36059,26.0
36060,29.6
36061,25.4
36901,22.8
36902,27.4
37001,30.0
37002,24.7
37003,34.1
37004,0.0
37005,0.0
37006,39.2
37007,29.5
37008,27.7
37009,27.9
37010,31.1
37011,30.8
37012,30.5
37013,0.0
37014,30.0
37015,31.6
37016,27.7
37017,32.4
37018,31.7
37019,30.4
37020,29.0
37021,0.0
37022,31.2
37023,27.7
37024,0.0
37025,35.8
37026,28.4
37027,32.8
37028,21.3
37029,25.3
37030,0.0
37031,28.6
37032,27.3
37033,0.0
37034,0.0
37035,30.5
37036,0.0
37037,26.9
37038,29.8
37039,26.5
37040,23.9
37041,0.0
37042,0.0
37044,26.4
37045,0.0
37046,28.3
37047,37.4
37049,34.4
37050,0.0
37051,0.0
37052,26.0
37054,28.1
37055,29.9
37056,0.0
37057,26.4
37058,0.0
37059,31.2
37060,38.6
37061,28.2
37062,0.0
37063,0.0
37065,29.8
37067,28.9
37068,26.1
37069,28.8
37070,26.8
37071,0.0
37072,28.1
37073,30.7
37074,31.0
37077,25.6
37078,27.5
37079,0.0
37080,28.4
37081,27.4
37082,28.9
37083,25.0
37085,30.6
37086,26.6
37087,29.4
37088,35.4
37089,0.0
37090,0.0
37091,32.9
37092,26.2
37096,28.4
37097,0.0
37098,23.4
37099,0.0
37100,0.0
37101,25.8
37102,28.0
37103,28.6
37104,0.0
37106,29.9
37107,29.8
37108,36.6
37109,30.4
37110,27.6
37112,23.7
37113,28.1
37114,0.0
37115,27.3
37116,0.0
37117,26.8
37118,30.6
37119,21.3
37120,26.3
37121,25.8
37122,22.4
37123,27.8
37124,24.0
37125,27.7
37126,0.0
37127,30.5
37128,30.1
37129,31.5
37130,32.5
37131,28.9
37132,26.3
37133,27.0
37134,27.6
37135,28.2
37136,28.1
37137,0.0
37138,29.3
37139,29.8
37140,39.0
37141,28.9
37142,33.1
37143,24.0
37144,20.4
37145,27.7
37146,25.4
37147,28.0
37148,24.8
37149,0.0
37150,0.0
37151,27.0
37152,26.5
37154,44.4
37155,0.0
37156,28.2
37157,0.0
37158,31.1
37159,0.0
37160,33.9
37161,33.0
37162,31.9
37163,0.0
37164,26.5
37165,0.0
37166,29.2
37167,28.0
37168,34.3
37169,24.8
37170,29.9
37171,30.9
37172,28.7
37173,28.2
37174,29.2
37175,26.1
37176,28.2
37177,26.0
37178,0.0
37179,27.8
37180,0.0
37181,30.4
37182,0.0
37183,25.9
37184,28.2
37185,26.8
37186,0.0
37187,28.8
37188,26.0
37189,26.5
37190,25.8
37191,0.0
37192,26.2
37193,32.4
37194,29.5
37195,0.0
37196,0.0
37197,0.0
37198,25.6
37199,24.3
37200,26.8
37201,30.9
37202,26.9
37203,34.1
37204,27.5
37205,28.6
37206,0.0
37207,28.0
37208,0.0
37209,31.0
37211,31.2
37212,27.4
37213,0.0
37214,35.3
37215,31.0
37216,28.9
37217,0.0
37218,0.0
37219,30.8
37221,28.0
37222,0.0
37223,0.0
37224,30.8
37225,28.4
37226,28.8
37228,30.1
37229,34.6
37230,28.5
37231,29.6
37232,25.6
37233,0.0
37234,31.5
37235,28.5
37236,27.6
37237,24.9
37238,30.3
37239,28.2
37240,32.3
37241,30.0
37242,0.0
37243,0.0
37244,27.7
37245,27.0
37246,26.8
37247,25.1
37248,28.1
37249,0.0
37250,29.9
37251,23.8
37252,22.7
37253,29.0
37254,34.2
37255,0.0
37256,24.8
37257,0.0
37258,24.1
37259,0.0
37260,30.5
37261,27.5
37262,0.0
37263,25.6
37264,0.0
37265,31.1
37266,0.0
37267,22.4
37268,25.2
37269,24.8
37270,30.4
37271,25.5
37272,25.8
37273,0.0
37274,33.5
37275,0.0
37276,27.8
37277,0.0
37278,29.7
37279,24.0
37280,0.0
37281,0.0
37282,24.8
37283,30.2
37284,31.4
37285,27.7
37286,27.0
37287,30.7
37288,28.7
37289,28.4
37290,24.2
37291,27.7
37292,0.0
37293,0.0
37294,31.6
37296,22.9
37297,31.0
37298,22.7
37299,26.8
37300,26.0
37301,0.0
37302,28.5
37303,25.2
37304,27.9
37305,31.3
37306,31.7
37307,24.7
37309,0.0
37310,23.0
37311,32.4
37312,30.1
37313,29.0
37314,42.2
37315,0.0
37316,30.1
37317,31.5
37318,29.3
37319,0.0
37320,0.0
37321,22.4
37322,29.2
37323,29.1
37324,25.8
37325,0.0
37327,27.1
37328,33.3
37329,0.0
37330,30.0
37331,26.9
37332,0.0
37333,24.3
37334,0.0
37335,26.7
37336,0.0
37337,28.4
37338,26.0
37339,30.5
37340,25.8
37341,0.0
37342,30.2
37343,0.0
37344,27.7
37345,27.2
37346,30.0
37347,30.3
37348,29.8
37349,31.8
37350,28.0
37351,28.2
37352,32.0
37353,30.0
37354,30.5
37355,33.5
37356,0.0
37357,28.2
37358,33.3
37359,34.2
37360,29.9
37361,0.0
37362,30.1
37363,27.4
37364,28.0
37365,28.6
37366,0.0
37367,29.4
37368,0.0
37369,34.6
37370,30.1
37371,26.0
37372,29.4
37373,33.1
37374,26.7
37375,26.8
37376,28.2
37377,25.7
37378,0.0
37379,31.4
37380,0.0
37381,33.8
37382,24.8
38001,35.8
38002,30.2
38003,28.0
38004,31.4
38005,31.2
38006,33.9
38007,31.5
38008,31.9
38009,31.7
38010,27.4
38011,32.3
38012,30.9
38013,32.5
38014,30.1
38015,29.1
38016,36.8
38017,31.9
38018,27.4
38019,28.8
38020,30.7
38021,29.7
38022,30.6
38023,34.2
38024,33.6
38025,30.0
38026,30.7
38027,33.4
38028,35.9
38029,37.3
38030,30.4
38031,28.4
38032,32.7
38033,30.5
38034,30.8
38035,34.0
38036,31.0
38037,33.1
38038,36.1
38039,33.6
38040,32.6
38041,33.4
38042,28.9
38043,33.5
38044,26.4
38045,30.1
38046,30.6
38047,33.3
38048,33.1
38049,36.6
38050,28.2
38051,29.3
38052,31.4
38053,31.8
38901,32.5
39001,27.5
39002,26.8
39003,22.6
39004,25.2
39005,27.5
39006,30.5
39007,27.4
39008,27.1
39009,28.9
39010,27.9
39011,29.5
39012,28.0
39013,29.9
39014,26.2
39015,28.6
39016,27.2
39017,24.0
39018,24.5
39019,26.3
39020,32.6
39021,25.9
39022,29.2
39023,26.8
39024,31.3
39025,25.9
39026,27.0
39027,25.0
39028,26.7
39029,28.0
39030,30.2
39031,27.9
39032,25.2
39033,25.8
39034,29.1
39035,28.9
39036,28.9
39037,29.4
39038,28.7
39039,30.3
39040,26.9
39041,28.2
39042,28.2
39043,27.9
39044,28.1
39045,28.4
39046,25.4
39047,31.3
39048,25.1
39049,27.3
39050,27.4
39051,0.0
39052,28.6
39053,29.3
39054,26.8
39055,31.3
39056,26.7
39057,29.3
39058,27.6
39059,26.4
39060,25.8
39061,30.6
39062,27.5
39063,28.3
39064,29.9
39065,34.5
39066,25.1
39067,28.9
39068,34.4
39069,23.7
39070,27.4
39071,26.8
39072,28.7
39073,30.0
39074,27.1
39075,32.9
39076,26.3
39077,29.3
39078,25.1
39079,29.0
39080,28.1
39081,25.2
39082,26.9
39083,27.9
39084,27.1
39085,28.5
39086,27.8
39087,29.2
39088,0.0
39089,30.7
39090,24.8
39091,25.1
39092,30.3
39093,32.3
39094,29.0
39095,27.0
39096,26.0
39097,24.2
39098,25.4
39099,26.4
39100,26.5
39101,35.2
39102,28.4
40001,22.6
40002,0.0
40003,27.2
40004,30.3
40005,0.0
40006,0.0
40007,0.0
40008,0.0
40009,0.0
40010,33.9
40012,26.6
40013,0.0
40014,0.0
40015,0.0
40016,0.0
40017,34.5
40018,0.0
40019,0.0
40020,31.1
40021,0.0
40022,28.0
40024,31.3
40025,34.6
40026,32.6
40028,30.1
40029,0.0
40030,26.4
40031,28.0
40032,39.6
40033,0.0
40034,0.0
40035,31.9
40036,25.2
40037,0.0
40039,30.2
40040,31.7
40041,28.3
40043,27.0
40044,32.1
40045,32.3
40046,29.7
40047,0.0
40048,0.0
40049,0.0
40051,0.0
40052,0.0
40053,28.4
40054,33.6
40055,0.0
40056,0.0
40057,25.2
40058,26.6
40059,30.1
40060,0.0
40061,0.0
40062,0.0
40063,28.0
40065,29.2
40068,0.0
40069,0.0
40070,44.4
40071,0.0
40072,28.1
40073,27.6
40074,29.4
40075,35.2
40076,30.2
40077,28.9
40078,24.8
40079,37.1
40080,0.0
40081,23.2
40082,39.0
40083,27.0
40084,0.0
40086,27.5
40087,0.0
40088,29.1
40089,26.7
40091,34.5
40092,34.0
40093,0.0
40094,28.8
40095,28.5
40097,29.5
40099,0.0
40100,27.2
40101,24.2
40103,22.7
40104,35.5
40105,0.0
40106,29.4
40107,33.2
40108,24.3
40109,0.0
40110,26.0
40111,0.0
40112,29.1
40113,28.7
40115,43.8
40118,0.0
40119,27.5
40120,21.9
40121,23.0
40122,33.6
40123,36.3
40124,30.4
40125,0.0
40126,0.0
40127,0.0
40128,35.2
40129,26.2
40130,26.1
40131,0.0
40132,0.0
40134,29.0
40135,22.9
40136,25.6
40138,27.0
40139,26.7
40140,0.0
40141,24.1
40142,0.0
40143,0.0
40144,0.0
40145,25.9
40146,30.1
40148,29.0
40149,28.4
40150,0.0
40151,0.0
40152,26.9
40154,0.0
40155,26.1
40156,37.2
40157,0.0
40158,0.0
40159,27.7
40160,0.0
40161,0.0
40162,33.1
40163,0.0
40164,33.8
40165,0.0
40166,28.5
40168,0.0
40170,34.3
40171,0.0
40172,0.0
40173,29.6
40174,28.1
40176,24.1
40177,25.4
40178,0.0
40179,27.1
40180,32.1
40181,27.2
40182,30.6
40183,23.6
40184,24.1
40185,30.6
40186,0.0
40188,0.0
40189,33.0
40190,0.0
40191,25.1
40192,27.6
40193,28.6
40194,31.9
40195,30.5
40196,0.0
40198,0.0
40199,35.2
40200,0.0
40201,0.0
40202,0.0
40203,30.2
40204,29.1
40205,25.9
40206,30.0
40207,24.5
40208,30.7
40210,0.0
40211,0.0
40212,0.0
40213,0.0
40214,26.9
40215,0.0
40216,26.1
40218,0.0
40219,28.0
40220,0.0
40221,0.0
40222,32.4
40223,34.7
40224,0.0
40225,26.7
40228,23.0
40229,0.0
40230,26.3
40231,27.3
40233,29.3
40234,24.5
40901,34.0
40902,29.6
40903,0.0
40904,31.8
40905,24.4
40906,28.0
41001,27.3
41002,29.1
41003,28.7
41004,30.4
41005,29.6
41006,29.0
41007,29.5
41008,24.5
41009,26.4
41010,31.4
41011,25.2
41012,29.2
41013,27.0
41014,24.3
41015,28.7
41016,31.8
41017,31.7
41018,28.3
41019,30.6
41020,25.6
41021,31.2
41022,23.6
41023,29.3
41024,29.4
41025,26.8
41026,25.0
41027,29.7
41028,29.6
41029,30.6
41030,31.4
41031,29.3
41032,29.5
41033,29.9
41034,31.2
41035,25.6
41036,27.6
41037,23.9
41038,30.3
41039,29.6
41040,32.3
41041,26.7
41042,25.9
41043,29.1
41044,32.4
41045,28.9
41046,26.5
41047,31.1
41048,29.3
41049,31.9
41050,28.0
41051,25.5
41052,23.5
41053,29.3
41054,26.5
41055,28.0
41056,23.5
41057,30.0
41058,28.5
41059,32.2
41060,27.8
41061,24.0
41062,24.3
41063,28.0
41064,26.4
41065,27.5
41066,25.5
41067,30.2
41068,29.8
41069,28.0
41070,30.7
41071,28.0
41072,25.3
41073,27.7
41074,26.4
41075,28.2
41076,31.0
41077,26.8
41078,27.8
41079,30.6
41080,28.7
41081,28.8
41082,25.8
41083,30.9
41084,26.9
41085,30.3
41086,35.4
41087,31.3
41088,29.4
41089,28.4
41090,29.5
41091,35.4
41092,26.8
41093,32.1
41094,31.0
41095,30.3
41096,34.3
41097,26.4
41098,31.1
41099,29.9
41100,27.5
41101,26.2
41102,26.6
41901,22.9
41902,26.6
41903,27.4
41904,25.0
42001,26.2
42003,0.0
42004,26.4
42006,35.1
42007,38.3
42008,0.0
42009,0.0
42010,0.0
42011,0.0
42012,0.0
42013,0.0
42014,0.0
42015,0.0
42016,0.0
42017,31.3
42018,23.1
42019,29.0
42020,29.2
42021,0.0
42022,29.5
42023,0.0
42024,0.0
42025,26.3
42026,0.0
42027,0.0
42028,0.0
42029,30.3
42030,27.3
42031,0.0
42032,29.5
42033,0.0
42034,0.0
42035,30.4
42036,0.0
42037,0.0
42038,0.0
42039,28.9
42041,0.0
42042,0.0
42043,27.4
42044,0.0
42045,31.6
42046,0.0
42048,0.0
42049,29.8
42050,0.0
42051,0.0
42052,0.0
42053,0.0
42054,0.0
42055,22.3
42056,0.0
42057,25.3
42058,31.1
42059,0.0
42060,0.0
42061,27.2
42062,0.0
42063,0.0
42064,0.0
42065,0.0
42068,0.0
42069,25.5
42070,0.0
42071,29.5
42073,0.0
42075,0.0
42076,24.8
42078,27.4
42079,0.0
42080,27.9
42081,22.0
42082,0.0
42083,0.0
42084,0.0
42085,21.8
42086,0.0
42087,0.0
42088,0.0
42089,0.0
42090,0.0
42092,0.0
42093,0.0
42094,25.3
42095,24.7
42096,28.8
42097,0.0
42098,0.0
42100,0.0
42103,29.3
42105,0.0
42106,0.0
42107,0.0
42108,0.0
42110,0.0
42111,25.3
42113,30.7
42115,0.0
42116,0.0
42117,29.2
42118,0.0
42119,29.8
42120,32.0
42121,0.0
42123,32.1
42124,0.0
42125,0.0
42127,0.0
42128,0.0
42129,26.9
42130,0.0
42131,0.0
42132,29.9
42134,24.5
42135,0.0
42139,0.0
42140,0.0
42141,20.4
42142,0.0
42144,25.6
42145,24.4
42148,0.0
42149,25.1
42151,0.0
42152,0.0
42153,0.0
42154,40.9
42155,26.8
42156,0.0
42157,0.0
42158,28.3
42159,0.0
42160,26.1
42161,25.7
42162,27.2
42163,0.0
42164,27.2
42165,30.0
42166,0.0
42167,26.4
42168,0.0
42171,33.2
42172,0.0
42173,30.2
42174,28.8
42175,0.0
42176,0.0
42177,0.0
42178,31.0
42181,26.7
42182,0.0
42183,0.0
42184,0.0
42185,0.0
42187,0.0
42188,0.0
42189,0.0
42190,0.0
42191,38.0
42192,0.0
42193,0.0
42194,20.6
42195,0.0
42196,0.0
42197,0.0
42198,0.0
42200,0.0
42201,0.0
42202,0.0
42204,0.0
42205,0.0
42206,0.0
42207,0.0
42208,0.0
42209,29.7
42211,0.0
42212,0.0
42213,0.0
42215,27.0
42216,0.0
42217,0.0
42218,41.9
42219,0.0
43001,30.4
43002,26.9
43003,28.1
43004,30.2
43005,27.3
43006,28.4
43007,29.7
43008,27.3
43009,29.0
43010,26.0
43011,30.8
43012,32.8
43013,32.3
43014,30.3
43015,30.7
43016,29.1
43017,30.0
43018,27.2
43019,35.1
43020,27.7
43021,31.7
43022,28.6
43023,24.0
43024,29.4
43025,29.3
43026,31.1
43027,27.1
43028,28.3
43029,24.1
43030,31.9
43031,28.3
43032,26.6
43033,27.4
43034,30.9
43035,27.5
43036,27.1
43037,33.0
43038,36.0
43039,30.0
43040,25.4
43041,26.0
43042,29.3
43043,28.5
43044,27.9
43045,31.4
43046,28.2
43047,32.6
43048,28.8
43049,30.1
43050,31.4
43051,31.1
43052,30.6
43053,35.1
43054,26.7
43055,30.2
43056,27.5
43057,0.0
43058,28.6
43059,33.0
43060,31.8
43061,0.0
43062,31.0
43063,29.6
43064,28.1
43065,30.7
43066,29.4
43067,28.5
43068,32.2
43069,29.0
43070,30.5
43071,30.1
43072,27.7
43073,0.0
43074,27.9
43075,33.4
43076,31.9
43077,29.7
43078,28.6
43079,29.4
43080,28.2
43081,25.4
43082,32.1
43083,31.7
43084,31.5
43085,31.0
43086,27.2
43088,29.6
43089,28.8
43090,28.7
43091,38.7
43092,34.2
43093,34.6
43094,32.3
43095,28.5
43096,34.3
43097,32.8
43098,28.6
43099,28.0
43100,25.7
43101,25.8
43102,21.7
43103,25.2
43104,29.4
43105,29.7
43106,26.4
43107,21.7
43108,26.7
43109,25.6
43110,32.7
43111,28.0
43112,28.4
43113,28.5
43114,30.0
43115,25.6
43116,33.1
43117,29.7
43118,34.2
43119,26.8
43120,36.3
43121,30.5
43122,21.7
43123,32.3
43124,29.0
43125,28.5
43126,27.2
43127,30.2
43128,26.3
43129,31.0
43130,24.0
43131,32.2
43132,32.4
43133,29.3
43134,27.1
43135,31.0
43136,30.9
43137,27.2
43138,30.2
43139,28.9
43140,27.4
43141,32.5
43142,29.6
43143,0.0
43144,28.0
43145,27.3
43146,0.0
43147,28.0
43148,34.2
43149,26.0
43150,28.8
43151,23.9
43152,33.3
43153,33.6
43154,29.6
43155,32.8
43156,30.7
43157,30.4
43158,0.0
43159,0.0
43160,28.6
43161,29.4
43162,33.6
43163,31.6
43164,30.0
43165,27.0
43166,27.5
43167,30.8
43168,30.1
43169,26.5
43170,29.9
43171,29.7
43172,25.1
43173,29.2
43174,29.4
43175,27.1
43176,27.2
43177,39.3
43178,33.5
43901,26.9
43902,25.9
43903,27.3
43904,27.9
43905,37.3
43906,32.8
43907,26.5
44001,0.0
44002,0.0
44003,0.0
44004,27.9
44005,0.0
44006,33.6
44007,30.8
44008,28.0
44009,28.0
44010,30.4
44011,0.0
44012,30.4
44013,29.2
44014,27.2
44016,28.6
44017,27.0
44018,0.0
44019,0.0
44020,0.0
44021,34.2
44022,28.9
44023,0.0
44024,0.0
44025,30.1
44026,34.6
44027,26.4
44028,28.9
44029,24.2
44031,0.0
44032,0.0
44033,26.1
44034,28.4
44035,32.0
44036,0.0
44037,26.9
44038,30.3
44039,30.2
44040,30.8
44041,0.0
44042,32.3
44043,0.0
44044,35.9
44045,27.9
44046,0.0
44047,24.2
44048,0.0
44049,28.6
44050,28.4
44051,27.7
44052,0.0
44053,28.4
44054,30.5
44055,0.0
44056,33.2
44059,28.6
44060,0.0
44061,31.1
44062,0.0
44063,34.9
44064,0.0
44065,0.0
44066,0.0
44067,31.7
44068,25.2
44070,0.0
44071,26.1
44074,30.8
44075,28.7
44076,24.7
44077,0.0
44080,34.8
44082,25.6
44084,0.0
44085,0.0
44086,26.6
44087,0.0
44088,0.0
44089,0.0
44090,0.0
44092,0.0
44093,32.3
44094,30.9
44096,26.3
44097,26.3
44099,26.9
44100,25.7
44101,0.0
44102,0.0
44103,26.9
44105,0.0
44106,28.9
44107,29.4
44108,33.0
44109,28.7
44110,0.0
44111,0.0
44112,28.0
44113,39.7
44114,26.5
44115,28.7
44116,0.0
44117,26.1
44118,28.7
44119,24.5
44120,28.5
44121,0.0
44122,30.6
44123,29.3
44124,0.0
44125,0.0
44126,27.0
44127,0.0
44128,0.0
44129,0.0
44130,0.0
44131,0.0
44132,0.0
44133,0.0
44135,0.0
44136,0.0
44137,20.7
44138,24.5
44141,29.3
44142,0.0
44143,28.7
44144,24.4
44145,26.4
44146,33.0
44147,28.0
44148,0.0
44149,29.0
44150,0.0
44151,32.1
44152,0.0
44153,27.8
44154,25.7
44155,23.5
44156,0.0
44157,0.0
44158,26.8
44159,0.0
44160,26.0
44161,30.3
44163,31.4
44164,0.0
44165,29.3
44167,0.0
44168,23.2
44169,27.5
44171,32.2
44172,33.2
44173,23.4
44174,27.7
44175,30.7
44176,22.1
44177,36.4
44178,0.0
44179,28.1
44180,0.0
44181,0.0
44182,27.6
44183,0.0
44184,0.0
44185,25.0
44187,25.5
44189,0.0
44190,0.0
44191,28.1
44192,26.2
44193,37.1
44194,27.3
44195,0.0
44196,28.2
44197,0.0
44198,31.0
44199,0.0
44200,0.0
44201,27.1
44203,0.0
44204,0.0
44205,28.7
44206,29.0
44207,28.3
44208,0.0
44209,27.5
44210,30.9
44211,0.0
44212,0.0
44213,0.0
44215,26.1
44216,28.4
44217,0.0
44218,0.0
44219,21.8
44220,27.4
44221,25.8
44222,24.3
44223,0.0
44224,0.0
44225,31.9
44226,33.0
44227,0.0
44228,26.1
44229,31.8
44230,34.0
44231,0.0
44232,26.3
44234,0.0
44235,25.1
44236,0.0
44237,25.9
44238,24.4
44239,0.0
44240,26.5
44241,25.4
44243,0.0
44244,0.0
44245,28.0
44246,28.1
44247,23.2
44249,0.0
44250,0.0
44251,24.4
44252,0.0
44256,0.0
44257,26.2
44258,0.0
44260,35.7
44261,24.2
44262,32.5
44263,25.5
44264,28.4
44265,30.2
44266,24.5
44267,0.0
44268,0.0
45001,26.5
45002,28.2
45003,26.5
45004,29.2
45005,27.5
45006,31.5
45007,25.5
45008,32.2
45009,29.3
45010,35.7
45011,29.3
45012,29.8
45013,32.1
45014,26.8
45015,29.9
45016,28.0
45017,27.2
45018,29.7
45019,31.1
45020,28.5
45021,26.2
45022,28.5
45023,27.2
45024,23.8
45025,30.3
45026,30.7
45027,25.4
45028,25.9
45029,26.0
45030,30.4
45031,29.9
45032,27.7
45033,30.0
45034,27.3
45035,37.9
45036,30.3
45037,27.4
45038,30.0
45039,31.1
45040,36.0
45041,31.0
45042,23.4
45043,31.0
45045,29.8
45046,27.9
45047,29.9
45048,32.6
45049,28.2
45050,29.3
45051,25.9
45052,28.3
45053,27.8
45054,28.8
45055,29.5
45056,33.1
45057,23.8
45058,34.6
45059,27.4
45060,32.1
45061,33.4
45062,29.9
45063,29.6
45064,28.7
45065,28.8
45066,31.0
45067,28.5
45068,30.8
45069,27.3
45070,28.3
45071,26.1
45072,28.3
45073,30.8
45074,31.0
45075,28.1
45076,33.9
45077,27.2
45078,28.3
45079,33.0
45080,0.0
45081,30.3
45082,26.6
45083,33.0
45084,27.8
45085,30.2
45086,26.8
45087,27.5
45088,29.5
45089,28.0
45090,24.9
45091,22.9
45092,27.4
45093,30.1
45094,27.5
45095,30.3
45096,24.7
45097,27.9
45098,30.8
45099,29.5
45100,32.5
45101,28.7
45102,29.5
45103,33.1
45104,27.5
45105,27.8
45106,29.1
45107,32.0
45108,28.4
45109,29.2
45110,28.1
45111,0.0
45112,33.5
45113,27.3
45114,32.4
45115,27.5
45116,27.3
45117,31.1
45118,30.2
45119,28.5
45120,35.4
45121,32.9
45122,30.1
45123,27.1
45124,25.3
45125,28.3
45126,34.0
45127,30.0
45128,28.3
45129,30.0
45130,32.4
45131,28.9
45132,31.5
45133,28.7
45134,32.1
45135,25.6
45136,30.6
45137,28.8
45138,27.4
45139,29.2
45140,29.4
45141,32.7
45142,29.7
45143,29.0
45144,33.2
45145,29.2
45146,0.0
45147,26.5
45148,28.4
45149,30.0
45150,24.7
45151,30.4
45152,26.0
45153,28.6
45154,31.8
45155,31.6
45156,25.7
45157,30.5
45158,30.7
45159,0.0
45160,27.4
45161,30.2
45162,25.0
45163,29.1
45164,32.5
45165,33.1
45166,29.2
45167,30.8
45168,31.2
45169,31.4
45170,30.1
45171,28.2
45172,25.4
45173,32.0
45174,29.3
45175,28.6
45176,28.3
45177,26.6
45179,30.5
45180,28.9
45181,25.5
45182,27.1
45183,29.6
45184,20.4
45185,27.5
45186,27.3
45187,27.4
45188,28.3
45189,28.7
45190,27.9
45191,25.3
45192,28.3
45193,26.9
45194,0.0
45195,24.3
45196,28.7
45197,27.5
45198,28.4
45199,28.9
45200,27.7
45201,30.5
45202,26.6
45203,30.4
45204,27.5
45205,29.4
45901,31.5
46001,29.4
46002,28.8
46003,27.1
46004,24.9
46005,27.6
46006,29.5
46007,28.5
46008,26.6
46009,28.7
46010,29.8
46011,30.7
46012,26.2
46013,32.0
46014,28.7
46015,29.1
46016,26.5
46017,30.2
46018,28.9
46019,28.7
46020,27.7
46021,27.5
46022,29.6
46023,25.5
46024,26.6
46025,28.4
46026,25.2
46027,26.9
46028,28.1
46029,30.2
46030,28.0
46031,28.8
46032,27.9
46033,22.8
46034,29.1
46035,25.6
46036,29.0
46037,28.6
46038,25.6
46039,25.4
46040,26.5
46041,29.1
46042,25.1
46043,32.8
46044,29.2
46045,25.8
46046,31.7
46047,25.5
46048,30.2
46049,24.8
46050,29.1
46051,29.2
46052,24.1
46053,24.8
46054,29.2
46055,29.3
46056,30.5
46057,25.6
46058,23.9
46059,25.9
46060,29.7
46061,24.3
46062,26.3
46063,28.2
46064,26.5
46065,28.1
46066,31.0
46067,28.8
46068,22.0
46069,24.6
46070,35.3
46071,28.3
46072,26.5
46073,26.7
46074,26.2
46075,20.5
46076,29.3
46077,27.2
46078,29.4
46079,30.9
46080,31.1
46081,27.1
46082,28.5
46083,29.4
46084,26.3
46085,30.8
46086,37.8
46087,26.6
46088,25.8
46089,28.3
46090,25.7
46091,36.5
46092,30.1
46093,26.5
46094,30.4
46095,30.2
46096,28.7
46097,22.9
46098,28.0
46099,28.9
46100,30.5
46101,27.0
46102,27.0
46103,26.7
46104,28.3
46105,32.0
46106,29.3
46107,26.2
46108,24.3
46109,29.6
46110,30.0
46111,31.5
46112,30.4
46113,30.9
46114,27.3
46115,26.8
46116,32.9
46117,27.3
46118,28.3
46119,25.8
46120,26.0
46121,20.4
46122,26.6
46123,26.0
46124,25.1
46125,26.1
46126,28.6
46127,26.4
46128,27.7
46129,28.3
46130,25.5
46131,33.2
46132,26.3
46133,30.7
46134,28.2
46135,33.5
46136,29.7
46137,24.1
46138,24.5
46139,27.4
46140,26.4
46141,25.2
46142,28.8
46143,27.1
46144,30.4
46145,30.9
46146,24.2
46147,31.3
46148,26.1
46149,26.4
46150,23.7
46151,26.8
46152,29.4
46153,26.3
46154,28.6
46155,27.5
46156,26.8
46157,28.0
46158,29.0
46159,29.0
46160,27.9
46161,24.1
46162,27.4
46163,27.2
46164,28.1
46165,29.2
46166,29.1
46167,26.2
46168,28.5
46169,29.8
46170,25.0
46171,30.2
46172,30.1
46173,23.4
46174,23.9
46175,29.6
46176,29.6
46177,28.2
46178,31.4
46179,27.0
46180,25.1
46181,31.5
46182,32.9
46183,28.8
46184,29.8
46185,26.6
46186,28.5
46187,28.4
46188,26.7
46189,27.4
46190,33.0
46191,29.1
46192,28.4
46193,29.0
46194,29.6
46195,28.2
46196,26.3
46197,26.5
46198,25.6
46199,29.7
46200,25.8
46201,0.0
46202,30.2
46203,25.7
46204,31.9
46205,32.6
46206,25.5
46207,27.3
46208,30.1
46209,24.0
46210,25.9
46211,27.7
46212,30.1
46213,31.0
46214,31.3
46215,26.1
46216,36.9
46217,26.4
46218,26.8
46219,33.0
46220,30.9
46221,25.5
46222,24.2
46223,30.0
46224,29.4
46225,21.7
46226,0.0
46227,26.0
46228,32.0
46229,34.4
46230,28.3
46231,26.9
46232,27.0
46233,26.3
46234,29.6
46235,30.3
46236,28.5
46237,27.6
46238,29.3
46239,27.9
46240,25.4
46241,27.5
46242,30.3
46243,25.8
46244,32.1
46245,32.4
46246,26.0
46247,27.8
46248,29.1
46249,28.5
46250,34.3
46251,26.1
46252,31.8
46253,31.6
46254,30.1
46255,26.9
46256,28.3
46257,26.6
46258,28.5
46259,26.6
46260,27.2
46261,27.5
46262,32.4
46263,34.0
46902,29.2
46903,29.9
46904,26.9
47001,0.0
47002,0.0
47003,31.5
47004,30.6
47005,26.2
47006,28.9
47007,25.0
47008,0.0
47009,26.6
47010,25.6
47011,25.2
47012,0.0
47013,0.0
47014,0.0
47015,34.7
47016,0.0
47017,29.6
47018,0.0
47019,0.0
47020,29.4
47021,0.0
47022,0.0
47023,29.5
47024,31.4
47025,34.2
47026,0.0
47027,24.3
47028,0.0
47029,0.0
47030,26.5
47031,25.0
47032,35.6
47033,26.1
47034,0.0
47035,27.1
47036,28.6
47037,24.9
47038,27.2
47039,25.0
47040,0.0
47041,25.8
47042,0.0
47043,28.9
47044,27.0
47045,30.3
47046,24.4
47047,30.9
47048,30.5
47049,0.0
47050,25.6
47051,22.0
47052,24.7
47053,23.6
47054,25.6
47055,28.9
47056,0.0
47057,31.8
47058,29.6
47059,35.5
47060,29.4
47061,30.5
47062,33.7
47063,23.3
47064,0.0
47065,26.7
47066,27.5
47067,22.0
47068,0.0
47069,29.9
47070,0.0
47071,25.8
47073,31.1
47074,22.3
47075,26.6
47076,26.0
47077,24.4
47078,27.7
47079,0.0
47080,0.0
47081,0.0
47082,27.0
47083,0.0
47084,31.0
47085,28.5
47086,29.1
47087,33.6
47088,38.4
47089,32.2
47090,26.5
47091,0.0
47092,22.7
47093,25.4
47094,26.7
47095,0.0
47096,32.8
47097,32.4
47098,28.7
47099,28.5
47100,28.1
47101,28.1
47102,27.3
47103,31.5
47104,25.2
47105,32.5
47106,0.0
47109,30.5
47110,24.2
47111,22.2
47112,25.6
47113,30.2
47114,28.8
47115,26.4
47116,31.2
47117,28.0
47118,31.1
47119,0.0
47121,26.8
47122,26.8
47123,26.4
47124,30.6
47125,0.0
47126,0.0
47127,23.4
47128,0.0
47129,23.8
47130,28.9
47131,32.2
47132,0.0
47133,26.3
47134,30.4
47135,0.0
47137,0.0
47138,28.4
47139,29.6
47140,25.7
47141,22.7
47142,32.0
47143,33.3
47144,0.0
47145,29.7
47146,25.3
47147,27.0
47148,26.6
47149,0.0
47150,28.3
47151,0.0
47152,0.0
47153,31.8
47154,31.6
47155,24.9
47156,26.6
47157,25.5
47158,29.1
47159,27.0
47160,26.9
47161,32.1
47162,0.0
47163,30.3
47164,27.8
47165,27.5
47166,24.3
47167,32.5
47168,0.0
47169,0.0
47170,0.0
47171,29.3
47172,28.2
47173,26.9
47174,31.3
47175,27.8
47176,28.2
47177,29.1
47178,27.8
47179,44.3
47180,0.0
47181,33.8
47182,23.9
47183,30.1
47184,27.5
47185,0.0
47186,30.9
47187,0.0
47188,0.0
47189,24.4
47190,22.7
47191,31.6
47192,0.0
47193,28.1
47194,26.7
47195,28.3
47196,0.0
47197,27.0
47198,0.0
47199,0.0
47200,0.0
47203,0.0
47204,31.4
47205,33.3
47206,0.0
47207,27.4
47208,0.0
47209,0.0
47210,28.9
47211,0.0
47212,25.0
47213,34.4
47214,27.8
47215,0.0
47216,27.7
47217,25.9
47218,27.7
47219,0.0
47220,29.4
47221,27.9
47222,0.0
47223,28.6
47224,36.8
47225,0.0
47226,30.1
47227,0.0
47228,30.8
47229,28.8
47230,24.7
47231,26.0
47232,30.6
48001,25.9
48002,28.4
48003,28.3
48004,24.8
48005,31.6
48006,26.1
48007,26.7
48008,29.5
48009,25.6
48010,30.9
48011,29.5
48012,32.8
48013,30.3
48014,32.7
48015,28.6
48016,32.2
48017,32.3
48018,28.8
48019,27.4
48020,35.6
48021,29.7
48022,31.1
48023,30.1
48024,26.9
48025,29.4
48026,26.8
48027,29.6
48028,33.0
48029,26.9
48030,27.2
48031,32.3
48032,27.8
48033,26.8
48034,28.2
48035,31.4
48036,27.4
48037,29.6
48038,26.3
48039,30.0
48040,26.5
48041,31.0
48042,30.6
48043,32.3
48044,35.6
48045,29.6
48046,30.2
48047,22.3
48048,29.8
48049,28.4
48050,44.4
48051,34.1
48052,28.3
48053,33.0
48054,31.1
48055,27.7
48056,30.5
48057,31.0
48058,26.1
48059,25.7
48060,29.6
48061,25.6
48062,24.9
48063,29.1
48064,26.2
48065,27.5
48066,28.0
48067,25.9
48068,31.7
48069,33.5
48070,25.9
48071,29.9
48072,29.6
48073,27.6
48074,30.0
48075,29.0
48076,33.9
48077,32.4
48078,29.7
48079,28.6
48080,28.5
48081,28.6
48082,29.7
48083,29.1
48084,31.0
48085,29.8
48086,29.1
48087,30.1
48088,30.8
48089,28.3
48090,31.8
48091,26.1
48092,28.3
48093,32.6
48094,28.9
48095,27.1
48096,29.4
48097,28.5
48901,27.8
48902,29.5
48903,30.6
48904,31.2
48905,29.3
48906,30.2
48907,23.9
48908,30.8
48909,27.2
48910,28.4
48911,25.2
48912,31.0
48913,27.0
48914,23.9
48915,23.8
49002,0.0
49003,29.0
49004,23.3
49005,26.1
49006,29.8
49007,26.3
49008,33.2
49009,27.8
49010,27.4
49011,24.8
49012,0.0
49013,29.0
49014,35.0
49015,29.6
49016,25.1
49017,33.3
49018,30.7
49019,25.4
49020,27.4
49021,30.5
49022,22.4
49023,32.6
49024,25.9
49025,27.7
49026,24.0
49027,26.9
49028,0.0
49029,24.0
49030,0.0
49031,35.4
49032,25.8
49033,29.1
49034,26.1
49035,29.2
49036,26.1
49037,23.8
49038,29.9
49039,28.6
49040,27.9
49041,28.8
49042,27.5
49043,31.6
49044,0.0
49046,28.9
49047,37.8
49048,29.0
49050,28.3
49052,26.4
49053,26.6
49054,27.8
49055,0.0
49056,27.4
49057,30.1
49058,28.6
49059,0.0
49061,26.2
49062,27.4
49063,25.6
49064,31.3
49065,27.1
49066,27.6
49067,31.0
49068,29.7
49069,25.8
49071,29.4
49075,21.2
49076,23.2
49077,25.9
49078,31.3
49079,26.2
49080,29.9
49081,29.0
49082,26.0
49083,0.0
49084,27.2
49085,29.0
49086,22.4
49087,23.8
49088,0.0
49090,31.0
49091,28.6
49092,35.7
49093,29.6
49094,25.3
49095,23.9
49096,30.4
49097,0.0
49098,27.3
49099,0.0
49100,27.5
49101,30.1
49102,29.6
49103,26.9
49104,25.2
49105,26.7
49107,27.6
49108,30.6
49109,27.7
49110,30.9
49111,26.7
49112,20.4
49113,25.4
49114,0.0
49115,24.5
49116,28.1
49117,25.2
49118,25.9
49119,27.9
49120,0.0
49121,25.8
49122,26.7
49123,26.3
49124,28.0
49125,27.1
49126,26.3
49127,27.8
49128,27.4
49129,26.8
49130,25.8
49131,35.6
49132,25.2
49133,28.6
49134,27.3
49135,30.7
49136,30.5
49137,27.4
49138,26.3
49139,30.4
49141,26.9
49142,26.7
49143,32.7
49145,26.8
49146,26.8
49147,24.5
49148,26.7
49149,26.4
49150,27.5
49151,28.3
49152,31.0
49153,28.5
49154,24.3
49155,0.0
49156,32.3
49157,25.9
49158,22.1
49159,28.1
49160,0.0
49162,25.8
49163,30.0
49164,30.5
49165,0.0
49166,26.5
49167,28.1
49168,33.7
49169,0.0
49170,0.0
49171,26.4
49172,25.9
49173,26.4
49174,34.8
49175,23.5
49176,24.4
49177,33.3
49178,28.1
49179,33.0
49180,31.9
49181,27.1
49183,0.0
49184,25.4
49185,31.9
49186,30.5
49187,25.1
49188,39.4
49189,30.0
49190,0.0
49191,27.3
49192,25.9
49193,26.0
49194,28.3
49197,27.5
49199,25.2
49200,27.9
49201,25.3
49202,29.3
49203,24.1
49204,0.0
49205,26.1
49206,27.2
49207,27.8
49208,23.9
49209,25.1
49210,25.1
49214,29.1
49216,34.6
49219,28.7
49220,28.3
49221,26.5
49222,28.0
49223,28.8
49224,31.9
49225,28.6
49226,27.1
49227,30.0
49228,0.0
49229,29.8
49230,0.0
49231,30.0
49232,0.0
49233,0.0
49234,29.0
49235,29.1
49236,0.0
49237,25.3
49238,24.9
49239,25.5
49240,26.5
49241,26.2
49242,29.4
49243,29.2
49244,0.0
49245,24.2
49246,25.6
49247,30.3
49248,31.1
49249,0.0
49250,32.1
49251,29.6
49252,29.0
49255,26.0
49256,26.0
49257,31.7
49258,26.0
49259,0.0
49260,32.0
49261,26.9
49262,31.8
49263,0.0
49264,27.9
49265,29.1
49266,0.0
49267,44.4
49268,29.8
49269,25.4
49270,33.6
49271,23.1
49272,0.0
49273,24.3
49275,31.4
50001,0.0
50002,29.2
50003,24.5
50004,28.3
50005,26.7
50006,25.0
50007,0.0
50008,25.4
50009,30.2
50010,0.0
50011,23.2
50012,22.2
50013,29.6
50014,30.7
50015,0.0
50016,0.0
50017,25.3
50018,25.4
50019,0.0
50020,28.7
50021,0.0
50022,25.1
50023,26.8
50024,33.1
50025,27.2
50026,30.5
50027,27.9
50028,0.0
50029,29.0
50030,25.1
50031,30.2
50032,32.9
50033,0.0
50034,31.2
50035,0.0
50036,0.0
50037,28.3
50038,29.2
50039,28.5
50040,0.0
50041,0.0
50042,0.0
50043,24.8
50044,22.3
50045,27.7
50046,28.0
50047,0.0
50048,0.0
50050,0.0
50051,26.4
50052,0.0
50053,26.7
50054,0.0
50055,27.0
50056,24.8
50057,25.4
50058,0.0
50059,28.0
50060,28.6
50061,22.9
50062,25.6
50063,0.0
50064,22.9
50065,0.0
50066,28.8
50067,30.6
50068,28.0
50069,0.0
50070,0.0
50071,27.9
50072,29.1
50073,28.6
50074,29.5
50075,0.0
50076,0.0
50077,26.6
50078,27.0
50079,26.8
50080,0.0
50081,27.4
50082,0.0
50083,26.0
50084,0.0
50085,28.6
50086,28.4
50087,0.0
50088,25.6
50089,27.4
50090,25.3
50091,0.0
50092,28.5
50093,0.0
50094,27.8
50095,26.9
50096,0.0
50098,28.5
50099,31.4
50100,26.5
50101,35.2
50102,26.1
50104,26.9
50105,25.7
50106,32.6
50107,25.1
50108,0.0
50109,42.1
50110,32.7
50111,28.1
50113,30.7
50114,26.4
50115,26.0
50116,34.8
50117,25.9
50118,26.1
50119,28.6
50120,0.0
50121,28.0
50122,0.0
50123,26.6
50124,31.6
50125,24.4
50126,25.7
50128,0.0
50129,22.5
50130,25.6
50131,34.6
50132,24.3
50133,29.5
50134,27.2
50135,0.0
50136,31.0
50137,26.8
50138,0.0
50139,28.4
50140,25.7
50141,26.3
50142,0.0
50143,27.6
50144,0.0
50146,29.5
50147,26.8
50148,27.3
50149,0.0
50150,32.6
50151,28.2
50152,27.7
50153,25.8
50154,26.9
50155,0.0
50156,25.8
50157,27.2
50159,28.6
50160,26.4
50161,23.4
50162,31.5
50163,24.9
50164,30.0
50165,25.3
50166,31.2
50167,27.7
50168,0.0
50169,32.1
50170,22.8
50171,25.6
50172,29.6
50173,26.1
50174,0.0
50175,29.5
50176,25.7
50177,29.4
50178,26.6
50179,26.1
50180,27.4
50181,27.6
50182,28.2
50183,25.9
50184,0.0
50185,42.1
50186,0.0
50187,0.0
50188,0.0
50189,29.9
50190,26.1
50191,21.6
50192,22.0
50193,27.4
50194,34.7
50195,0.0
50196,31.2
50197,0.0
50198,0.0
50199,24.1
50200,29.6
50201,24.7
50202,32.7
50203,25.1
50204,26.4
50205,0.0
50206,27.0
50207,0.0
50208,26.4
50209,24.7
50210,0.0
50211,29.7
50212,0.0
50213,0.0
50214,0.0
50215,0.0
50216,27.7
50217,34.2
50218,24.9
50219,24.9
50220,0.0
50221,0.0
50222,25.8
50223,24.6
50224,0.0
50225,28.9
50227,31.9
50228,30.6
50229,0.0
50230,26.1
50231,29.6
50232,29.7
50233,0.0
50234,23.5
50235,26.0
50236,27.8
50237,25.1
50238,33.9
50239,0.0
50240,28.0
50241,27.0
50242,26.4
50243,24.0
50244,30.3
50245,0.0
50246,0.0
50247,24.8
50248,29.6
50249,32.6
50250,0.0
50251,26.2
50252,28.0
50253,34.0
50254,22.8
50255,31.0
50256,0.0
50257,24.8
50258,0.0
50259,0.0
50260,0.0
50261,29.2
50262,22.0
50263,33.5
50264,33.3
50265,0.0
50266,24.5
50267,27.8
50268,0.0
50269,36.2
50270,0.0
50271,28.8
50272,24.8
50273,0.0
50274,0.0
50275,0.0
50276,30.7
50277,0.0
50278,28.7
50279,0.0
50280,31.0
50281,0.0
50282,0.0
50283,0.0
50284,29.3
50285,27.2
50286,0.0
50287,25.5
50288,28.8
50289,0.0
50290,27.7
50291,32.4
50292,42.3
50293,26.3
50294,0.0
50295,0.0
50296,24.6
50297,30.5
50298,25.6
50901,32.6
50902,0.0
50903,24.0
51001,42.3
52001,42.4
