CTOT,M3_length
0104003,1.0848952347964347
0104008,3.354295149978114
0104011,1.033477620383577
0104013,83.57398728234433
0104017,4.165645722713557
0104018,6.362554783110695
0104031,14.078929073347009
0104032,7.525946202583914
0104035,10.965863211481544
0104044,4.960792478569497
0104049,0.02113357955271683
0104052,0.36260401758305566
0104053,1.1436095867787355
0104060,15.363999918782175
0104064,2.345311823834448
0104066,9.959872012053673
0104069,5.164289638417176
0104075,11.883636890036634
0104076,10.373028000126256
0104079,19.96168484719342
0104083,14.970186791626892
0104091,0.27587746401645247
0104092,6.769888326733375
0104098,0.4123480850306158
0104100,21.132081898717804
0104902,29.85388445176322
0104903,8.154918711949286
0104904,0.4738371356307511
0111001,1.9408044706526268
0111004,21.597138540568775
0111006,9.689984741976224
0111007,3.2888599142113195
0111008,1.4682062006972
0111012,26.11079617632938
0111013,17.257170347611716
0111014,8.422707510887133
0111015,51.152204562504
0111016,25.498293838127424
0111020,65.75096004726569
0111022,5.509296856372732
0111023,8.493324043101772
0111024,19.256615201034904
0111027,33.1604361493823
0111028,22.837108127000946
0111029,10.24999459935501
0111030,49.010046523490445
0111031,29.6707055122347
0111032,17.93112247961444
0111033,23.903355236580868
0111035,2.3336503544047096
0111039,9.720135471782383
0111901,0.34470626261194953
0114001,12.680029927380263
0114002,5.528171042374808
0114007,32.99099563037953
0114013,13.856328085008313
0114017,9.71341665680399
0114019,8.597582567114245
0114021,102.06855088712928
0114022,12.47298399154886
0114033,17.973579244316454
0114038,23.068414125370598
0114039,20.884067376478182
0114042,1.2807628126296875
0114043,13.427953384553586
0114045,7.940595934025161
0114047,8.075893811479919
0114049,0.18065937415469868
0114050,7.232939478928054
0114052,0.9343815279117038
0114053,1.9931985281193054
0114056,5.528171042374808
0114057,9.689506889545177
0114075,12.816588649183311
0118003,3.851437060997692
0118014,4.182151235231602
0118017,3.39616934758924
0118021,7.1349910078451355
0118022,4.8184881908382975
0118023,21.832850085273385
0118036,0.45173359925213413
0118039,19.224639996381566
0118047,0.31935650090437806
0118057,0.30392554472557726
0118059,5.742921630063991
0118061,4.812905963767151
0118062,6.580683328955316
0118078,5.331127783760151
0118079,1.7879411691015727
0118087,52.8165656228087
0118089,1.4571079244268565
0118099,0.08376249144080507
0118100,1.16726977378431
0118101,1.2939417767520236
0118111,2.059558384630564
0118126,0.9712810501372938
0118127,2.374892265798457
0118134,7.407491962440492
0118140,15.226651783668963
0118145,4.285482689791693
0118149,1.1921916998785922
0118153,4.791208504723973
0118157,0.31935650090437806
0118158,1.6324001345990933
0118164,0.5379187311449621
0118165,4.203148818150445
0118168,0.371992136083044
0118173,2.7967995329738224
0118175,4.0708444273738715
0118193,8.160577535817582
0118194,6.63692251707277
0118905,2.25403060936317
0118911,3.7979706195729626
0121002,19.358722703915113
0121003,10.296377213866606
0121005,28.513731121969002
0121010,19.68130870675227
0121011,1.3207382803501095
0121021,8.495712082017635
0121035,6.7604523910132235
0121037,16.309417666489118
0121041,21.00405063546527
0121042,9.114376126884045
0121044,2.4288394199219825
0121046,1.0048165652132208
0121050,9.884880840676828
0121052,2.434351224271476
0121053,3.517483547178028
0121055,3.257673494927348
0121060,18.31845901389461
0121072,7.359317038173076
0123003,19.13090350167898
0123005,2.9682976589256227
0123009,4.842459387578397
0123018,0.12480736839452887
0123028,6.640684271456434
0123030,14.53533907406797
0123037,12.467170477034871
0123038,0.26562598569022955
0123044,0.8665541430669246
0123046,0.2119922584658279
0123047,6.475773208891187
0123050,20.097955467789603
0123055,11.704948820431094
0123057,4.310808073196254
0123060,25.131028885949085
0123069,2.47815424334084
0123071,5.373439637394734
0123072,17.155696813396247
0123080,15.69228232713583
0123081,0.7935812383741048
0123085,5.240803593133485
0123086,12.0712221781444
0123087,9.57320812104942
0123088,8.115195511789238
0123092,21.133794415788966
0123101,5.822616373217684
0123905,1.8746134876293752
0129005,0.8956154502872768
0129007,13.360791724964741
0129008,1.455162297656738
0129015,1.572798219708309
0129025,7.295334581045616
0129032,1.0543049304679246
0129038,1.4670077640121975
0129041,0.05114339898420916
0129042,2.3977011019905436
0129051,13.58602794477661
0129054,5.244700821352648
0129067,93.15996272064554
0129068,0.5896675933897693
0129069,16.37438876408982
0129070,6.341545891976866
0129075,1.1374380436594755
0129080,0.08564163445923705
0129082,5.26353449138594
0129091,0.4461901468537878
0129094,32.51359931303009
0129901,13.387381381350249
0141002,2.103123739918345
0141004,0.8934618260818156
0141005,1.5303419016689077
0141007,1.0588109011914006
0141010,6.940191180808421
0141011,0.09120793855604122
0141012,5.896866509474924
0141013,4.118470118506929
0141014,1.2007108085738525
0141016,8.094867200186973
0141017,17.389194854666826
0141021,9.824221972086198
0141024,2.996875039733865
0141028,2.7820720502468808
0141029,3.2889899595152623
0141032,0.8200583435073264
0141033,6.433619965406642
0141034,11.03065660018528
0141035,10.70790634090996
0141038,62.930705688115395
0141039,4.211424409862037
0141040,20.030613168105525
0141042,1.69652915302544
0141044,0.1427489077285852
0141047,4.880581559133908
0141049,1.5431192314877784
0141053,0.16310197498723922
0141058,7.891489163044384
0141059,28.765565857508246
0141060,2.3330831115756268
0141064,2.8820254921535677
0141065,3.058804617746312
0141067,4.427634721366252
0141069,4.67079517388837
0141070,7.330901614861928
0141076,1.8002062859308592
0141079,2.8847197600582675
0141081,39.94304399452479
0141085,12.75527669297256
0141086,4.135652264766468
0141087,2.208690176320307
0141088,14.589486453510721
0141089,3.8085330009902387
0141091,185.0367679391412
0141093,6.190367748133476
0141095,9.891147561943807
0141096,9.774399109019038
0141098,2.2221818441265913
0141102,1.7483367603814126
0222016,7.915574698785623
0222019,4.201630404276406
0222045,4.572282104226187
0222048,1.9865782370741456
0222059,0.23744151792460802
0222089,3.3256705495457393
0222112,0.03564931153279892
0222117,0.9487990283744041
0222125,19.899080650642993
0222130,5.113261233102298
0222158,2.1086109494234773
0222170,8.43508552865671
0222175,0.3003037238542748
0222199,0.8847138610749057
0222205,7.6476280208431024
0222221,0.8836058098841358
0222225,3.3392431363014383
0244013,0.4517577558245345
0244037,18.713797924629386
0244076,9.753775217643039
0244086,8.246394977667292
0244121,1.32119588523361
0244141,6.045953423664466
0244153,5.271990310581355
0244207,9.855829825861377
0244209,7.145932147647806
0244216,5.40502841834706
0244225,6.7085998545190115
0244231,0.6817532391244724
0244241,2.9646132223403865
0244245,8.572646327081358
0244246,8.309915338916722
0244247,7.2869533689145936
0250008,2.434250637770563
0250025,0.8237994011611649
0250043,0.40888067624576774
0250066,0.4690905090130295
0250067,17.301837888616276
0250068,0.16588959732736266
0250074,0.7411504609395103
0250089,1.805347622016469
0250094,11.909895245958783
0250095,5.160498478167056
0250122,0.0631543783551102
0250123,0.40888067624576774
0250132,0.8809266911200806
0250161,2.9789982472743715
0250182,18.766321709465892
0250184,3.639390533054092
0250201,2.6136342387297526
0250203,0.9750311970388021
0250219,3.2809052320091636
0250225,0.5813394409339475
0250257,0.04010265654357294
0250272,6.748884323940793
0250289,9.855829825861377
0250297,181.93175793005383
0250298,1.7758743638576309
0333004,7.454576985919866
0333016,5.542748111049739
0333017,2.6046630554399997
0333020,23.335745250039153
0333024,33.142939778724006
0333026,2.4450993335140763
0333031,6.93261761220797
0333035,17.292502988417365
0333036,1.1273384101213615
0333037,2.8942378566711917
0333038,7.546195802156133
0333041,0.32731167806885986
0333044,9.933256674954684
0333049,0.008356741297825475
0333052,0.8437557237628807
0333054,15.644317117451447
0333057,0.27412881039064985
0333058,8.473556211474298
0333060,8.335721623764684
0333064,0.08072397790191255
0333066,17.174105377772516
0333069,0.5380734034085785
0333076,0.8336092032790555
0407002,4.494984148291096
0407003,4.603508826432454
0407004,0.3191780991043744
0407005,3.600562709381533
0407008,5.114663860797142
0407010,3.8826696211936684
0407011,28.10879987315405
0407013,12.776632013058624
0407014,0.7753387039935896
0407015,9.425075819185052
0407020,0.10388444456430543
0407022,3.7646028440620816
0407023,0.5966855011419608
0407024,23.911467562011932
0407026,6.321582947884385
0407027,1.3087089103856904
0407029,4.349012989222346
0407031,5.411554377340335
0407032,20.494369424236545
0407033,14.75824298072002
0407035,0.22659385270434498
0407036,19.89075373550678
0407037,0.9533051374507097
0407038,2.847229648178074
0407039,2.698628127885696
0407040,102.48795042576417
0407042,23.48798732426334
0407043,0.7813111446670528
0407044,2.8918450214316116
0407046,9.528024477995658
0407047,0.16236169940899373
0407048,3.4616364091837437
0407049,4.655581219275828
0407050,8.506501616347867
0407051,2.9674812066399
0407052,4.425052930065394
0407053,0.11692860074476413
0407054,20.32557723322165
0407055,2.3439608622189607
0407056,2.915654811962348
0407057,2.880205376077523
0407059,0.33617572885162805
0407061,0.06872411942185527
0407062,10.763295375302784
0407064,1.3727651761845352
0535002,73.14141293175544
0535003,11.916554802546422
0535004,8.541569813101415
0535006,63.303250592666934
0535008,1.1379183883867126
0535011,7.75816095784176
0535013,34.43198814162203
0535014,39.952832140851
0535015,14.66211951015723
0535016,661.3296419513343
0535017,13.025137873511387
0535018,16.075120421996857
0535019,42.107015524327146
0535022,13.989251786654748
0535026,116.13334893694375
0535027,8.249734648561002
0535028,17.745100852213227
0535029,1.545723020844222
0535030,10.10053268089419
0535034,10.325608115359675
0538001,2.0360165850158474
0538007,1.451087970130388
0538013,0.15600582962962375
0538017,1.1914437704762937
0538019,1.4524481716128865
0538020,3.0052535018652904
0538022,2.4165256968234488
0538023,1.0696249452180138
0538024,3.434212998115358
0538027,0.7180216293598988
0538028,0.3443705205874292
0538036,1.2379604235371882
0538038,30.237129345316617
0538040,0.42473264513522424
0639008,7.115816420284993
0639011,2.56187269191247
0639016,12.59637084602867
0639017,0.15190702376330592
0639018,9.828831643498688
0639019,5.952493912362229
0639020,16.228503500369563
0639021,2.4442579910076656
0639023,1.0908453753981895
0639025,6.201966671605004
0639026,5.333441382306982
0639027,7.5336726413081765
0639032,19.187797478733657
0639035,3.0741496274546156
0639036,1.0147492619542982
0639038,3.850571071012274
0639040,0.05030851988005526
0639042,2.9061275413996905
0639044,0.6082569338689048
0639048,1.2205871708915295
0639052,1.2576758356155766
0639054,1.5629637166082568
0639056,2.85599372242105
0639057,1.986616857128062
0639059,0.23226347366866745
0639060,4.96649844996611
0639061,5.315222636617271
0639069,1.9849147174883477
0639073,0.2936264461975999
0639074,10.425512510141015
0639075,39.817264383648336
0639076,0.7955440339395323
0639078,11.939697950381063
0639079,3.780964399696581
0639080,0.5418896634461623
0639085,2.851943542112542
0639087,18.26077370388519
0639095,0.7228741367279093
0639099,8.572732882108733
0705014,9.619926479864404
0705016,1.4944248851288005
0705019,4.498586824646388
0705022,1.4933886153121312
0705168,7.385029976959504
0709018,16.034192954799085
0709026,6.677350986414757
0709030,29.040879644516615
0709037,7.581516128738474
0709059,70.0318884968018
0709066,23.37714796452993
0709074,0.3697653468227819
0709078,4.198749194251208
0709131,0.3245914948888294
0709163,9.571166739417786
0709177,2.910998823105946
0709184,27.62442585473643
0709191,23.37714796452993
0709216,0.2511325389888197
0709219,11.026727682698
0709221,5.830204567541153
0709226,1.5966201309792498
0709266,12.357255775201207
0709314,23.37714796452993
0709315,9.310849375120444
0709318,15.416150671653408
0709332,4.102940082025191
0709345,0.5110973131297526
0709388,23.37714796452993
0709410,5.858114230614255
0709413,1.5478472007069144
0709414,5.503308504461076
0709430,23.37714796452993
0709434,6.594827350890181
0709439,2.1549115060543516
0709463,17.943593698935224
0724007,12.087510491787487
0724008,4.37139472736334
0724010,4.11983251746581
0724014,2.458409709951289
0724023,7.98529360105123
0724030,2.1483567971009103
0724031,0.04675339881100768
0724034,2.362622731537438
0724038,2.1629179486576096
0724039,0.08190056118535051
0724041,0.05928816256186964
0724057,0.07645285560231257
0724059,3.291095284795655
0724071,1.642117180100989
0724089,42.23594790573086
0724092,0.026706083906454365
0724093,6.031584730104164
0724094,0.715412706909266
0724095,1.583605153727469
0724098,0.06273276124743576
0724105,1.1523313905391177
0724115,8.245307616682824
0724117,4.443959871178724
0724142,11.12525201225429
0724143,7.408687939681061
0724163,3.4597753874083494
0724165,0.018255660922489925
0724166,2.463943766867268
0724170,5.84114676415998
0724189,0.9697745295169209
0724206,2.0801569788559
0724210,3.0291400664192567
0724222,21.252510223787592
0724223,1.401600641317605
0724227,0.8558461072468189
0734004,12.584447538088249
0734024,8.490838942774559
0734027,9.792251058166208
0734036,2.9007382657130014
0734053,4.71794250612032
0734056,1.24869274215789
0734066,0.931209876921019
0734083,0.14701993635680882
0734102,3.729076254617192
0734120,16.43480847802047
0734225,1.3020818417228492
0734232,1.0938454925901002
0737008,9.686158720596135
0737023,5.72821255777003
0737032,14.647092965705019
0737046,13.016922572440428
0737067,2.087950419227227
0737070,8.341120227460824
0737080,7.571895408294253
0737085,13.917347045290477
0737092,1.1831125467863566
0737142,1.635784943872408
0737240,1.9911678158700599
0737263,10.348674598194952
0737274,45.534905680535005
0737294,7.027546388945959
0737322,15.788386441836654
0737350,4.5399381342734815
0737354,14.613866465821083
0737362,6.542181804440808
0737373,0.3537523460751338
0740022,13.029085764398731
0740040,0.4665248265501707
0740057,15.292746240429265
0740063,0.25682961310396046
0740082,3.5484951039874972
0740101,6.373791498171456
0740103,5.127145380225813
0740138,12.252693877995243
0740145,3.325470521651493
0740148,17.122030275037147
0740151,6.732299152272137
0740155,4.647317589143641
0740179,1.9187984697351874
0740181,3.5660075498643717
0740185,6.887116091648204
0740194,19.22688943096805
0740214,3.176040783511322
0740216,5.084608825240313
0740231,5.927287457579954
0742001,38.83429149238037
0742043,1.6481513936032421
0742045,50.07413979597311
0742055,5.850607991084798
0742057,0.6676171064083094
0742061,38.83429149238037
0742093,0.17378869421799642
0742095,45.60754136681646
0742129,15.690695418623873
0742164,7.80518353881062
0742173,66.5893719453501
0742181,1.306486341497241
0747002,5.703471140410994
0747007,29.110308821841848
0747010,14.123522479882824
0747021,5.338161635305971
0747023,8.78417453475792
0747044,6.846738334759171
0747052,7.069885489264321
0747059,4.051116867355845
0747061,0.3369282140357531
0747066,2.156268317029447
0747068,6.306898608141643
0747075,2.567201147686149
0747076,11.296098421364738
0747082,1.7138388935177782
0747085,4.073726425939659
0747104,9.084360858867106
0747105,5.7532890192319694
0747111,3.007136309929422
0747112,2.0350578809403173
0747114,5.738636218650774
0747116,4.051116867355845
0747133,5.992729808399474
0747157,5.359649498361035
0747161,13.671171189805246
0747165,0.530734093330271
0747173,7.3605400833493
0747175,10.48162706539562
0747184,0.10812130828626512
0747186,111.35495322533738
0747193,0.5264940112885796
0747195,11.082401512265648
0747221,5.7532890192319694
0747224,9.41840453902332
0747231,2.8629065339038524
0749019,3.0272225315093335
0749021,13.459143970461144
0749050,1.0474233393093133
0749065,0.1415298037331998
0749066,0.9160609852606446
0749085,1.050421448899241
0749105,4.443959871178724
0749159,8.3024432668332
0749179,0.04477718395189583
0749219,2.7061391502404377
0749220,3.445024159221056
0749238,8.608205036151784
0749250,1.789196032676123
0749257,3.8649034747317192
0749262,1.8216329556779554
0749275,13.900195494919833
0802003,188.9530158267473
0802008,19.038643287532036
0802012,10.162252845275377
0802016,7.169692072224021
0802022,14.783385313899155
0802024,0.00753111122039549
0802029,3.02183289348449
0802035,10.940168071031232
0802037,14.547226951087742
0802038,6.192119757906958
0802068,16.525832616442703
0802070,6.5470511861375185
0802072,3.9824226326221566
0802075,11.019279597971204
0802076,3.4807442132918966
0802080,10.033380641232718
0813005,5.6431229360555175
0813015,0.8952491746290193
0813028,0.9746974945934874
0813031,15.435046794278742
0813034,15.516068454048856
0813053,0.5440620233499419
0813060,0.7024358099909978
0813064,3.281158057963797
0813071,9.759356821127806
0813078,1.9217017278573068
0813087,8.198813782711133
0816052,0.4331851179287062
0816078,3.3056632018312793
0816145,0.9255766732338319
0816190,2.4410455689951593
0819006,1.4354268428025283
0819020,0.3288366246858705
0819022,5.553517998768303
0819024,0.726457338906359
0819036,15.889560016078645
0819041,10.37377445064894
0819071,0.621815171588658
0819111,20.44341962755409
0819112,21.429504512032242
0819121,17.333361230035287
0819123,12.810574238582308
0819124,30.77042277043141
0819130,29.867314138757752
0819142,28.865008502785756
0819150,42.077608844028774
0819152,6.135688735277822
0819160,24.912436576914462
0819170,20.803355304680707
0819171,1.7609949670783505
0819192,1.6814112097541736
0819194,27.00708442135484
0819212,40.38747103029239
0819215,5.351186042548024
0819220,7.561117715847358
0819224,10.775266161439447
0819233,33.639922314758515
0819245,0.7510568267416335
0819248,0.013999536995030589
0819252,0.4216809911680159
0819257,1.0373684456336014
0819266,8.004017410683119
0819269,0.013999536995030589
0819301,6.793760817359193
0819326,9.718040797028594
0819327,15.465683751915734
0819335,10.81433804761738
0845009,16.52076278737175
0845016,0.9824595702813929
0845019,3.2269413311012873
0845028,12.89392306074937
0845033,17.64081720140995
0845038,0.2683351246422471
0845043,1.083697502215723
0845066,10.349867896773814
0845081,0.8326190887328969
0845108,4.3615865991635285
0845121,0.1378107052311509
0845130,9.324089715421232
0845135,13.87760950056404
0845139,5.850239262352404
0845142,6.533787663121346
0845158,0.9633815003158425
0845161,2.934418649949799
0845162,12.990374300712947
0845165,28.395572584166597
0845168,4.981190203087685
0845173,0.5525733516047556
0845181,26.119573486483127
0845185,6.526434563381154
0845186,8.463683264951941
0845188,0.30800726130312517
0845201,0.29931756444423635
0908001,1.776833101721671
0908003,4.4891418535640755
0908005,2.6943346810818403
0908006,1.5687391117625058
0908008,1.2499976316695622
0908009,3.425214951703767
0908015,31.338357529196436
0908017,0.8285172208485625
0908019,381.67691608656344
0908020,1.6837404588837153
0908022,0.49760371655029506
0908023,2.078969041714403
0908025,10.308863399022382
0908027,1.4906815913090845
0908029,7.978101438752982
0908033,1.7922672434575966
0908035,4.696436836707827
0908037,0.943569342289376
0908040,0.47617998542114365
0908041,0.5176807952711612
0908043,0.29661983786897295
0908046,7.551167158409848
0908051,2.626639364601127
0908053,0.597644857770153
0908054,2.935087747977887
0908056,13.73368804665994
0908065,0.9917052538679277
0908067,1.408536447527787
0908068,2.5450641724119647
0908069,0.23422254786333385
0908073,19.298760543377867
0908074,2.65313046757353
0908076,4.119912955950648
0908077,8.958863899252956
0908080,7.988602115475509
0908082,0.33900842153388644
0908086,5.288001816809726
0908088,6.5630230200728965
0908089,19.41663200135409
0908091,0.27161930874082707
0908092,1.7266096739316368
0908096,7.8604541283303835
0908097,0.5372102593420297
0908100,10.690378452249758
0908101,39.68657956555077
0908102,7.451763056986859
0908103,5.5875981869768
0908105,5.021011295413829
0908106,2.6740188348443246
0908108,2.9022519474370103
0908110,6.022215156343298
0908112,4.188523485877519
0908113,6.475248147892719
0908114,2.8004076261496964
0908115,0.6198687271008756
0908117,0.06781148184074473
0908118,0.7414905773358665
0908119,4.367691167726803
0908121,26.70966054887846
0908123,6.237299588219634
0908124,6.920267830079915
0908125,68.82435222025575
0908126,0.6716237381280687
0908127,9.108490893024486
0908136,0.34936780504545634
0908145,2.8074866385032755
0908147,0.35260244762054777
0908149,0.7456330264029383
0908150,0.7773884298629432
0908155,0.527116728468096
0908156,2.588172465302205
0908157,14.410557884086748
0908158,0.1699380705320943
0908159,3.650876847013895
0908161,1.4724253147136634
0908163,6.096757739489715
0908167,0.9146073413173408
0908169,51.73654252786535
0908172,3.777402737698371
0908180,18.162497897230754
0908181,1.4862252212636422
0908184,6.212308971585637
0908187,47.11379122544791
0908194,17.53016603064762
0908196,4.9663817074618315
0908197,2.3682396406196724
0908198,2.253042860023601
0908200,43.35990652059415
0908202,3.0330845051043935
0908205,48.45794586086848
0908207,1.2416277745289035
0908209,7.070510896504142
0908211,16.069213923756067
0908213,2.498869371704542
0908214,1.26520239848538
0908217,23.762599527424747
0908219,2.4591514007142603
0908220,0.6039999499864246
0908221,12.093303183330775
0908231,10.238631730123743
0908233,1.4892168827492593
0908235,0.19325024788800682
0908237,0.4190077394022395
0908238,6.376187353008561
0908240,2.7581037177291394
0908242,8.543848641590005
0908245,15.385551937644346
0908246,0.26158683456482523
0908248,1.9322710216108177
0908250,0.0996263857486201
0908251,2.7249048523368185
0908252,20.817956033609732
0908259,8.109131134338014
0908260,11.573904562447822
0908261,6.36944956725211
0908263,5.91820554698514
0908265,2.4226841338627887
0908266,30.66349935238445
0908267,0.8884390834645838
0908268,16.80695934151453
0908269,0.2852709848478836
0908270,10.623425843255966
0908275,1.4397735555754871
0908276,0.704241664470875
0908278,2.6116794534859102
0908279,27.633512819310926
0908281,0.0679995921505955
0908282,3.5056840715380657
0908283,0.3691282220962661
0908284,6.8557774203627115
0908285,1.7999785276478182
0908289,2.163911194259738
0908295,0.08482510148610645
0908296,0.8554002597524761
0908297,1.1935350133978941
0908298,28.389699085320206
0908301,26.584391939679726
0908305,13.738244492589333
0908307,21.582193981363595
0908902,1.0577189688711346
0908904,1.6627257633342127
0917002,5.229586558519523
0917004,0.5201106970572923
0917007,9.804774684675214
0917008,4.954279809767332
0917013,0.503991244580055
0917015,20.765961402413218
0917016,0.08635538027278765
0917019,0.4292091418160093
0917020,11.156077979627389
0917022,3.7266600294923027
0917023,14.637139752822831
0917026,0.7493684894792156
0917027,0.7918901361576631
0917029,1.1751146463873139
0917030,6.445128336619682
0917033,4.313387945558689
0917034,9.73382654505331
0917035,1.1654262505774506
0917038,12.363106130603361
0917039,0.47673657714969975
0917042,0.9953547648017469
0917043,2.9923597538676745
0917044,16.34495483714981
0917047,7.472368457590827
0917048,10.116384468617023
0917049,8.326109438854067
0917050,13.581427485651746
0917056,6.82662170052117
0917057,0.18282397256587063
0917060,11.780870871856257
0917062,7.564678750560748
0917065,3.933029200131167
0917066,6.0975342632213865
0917068,10.354900191416071
0917071,0.5582723803526826
0917073,8.248374731814925
0917079,32.96916066903404
0917087,1.5219346835562155
0917089,10.825899960524657
0917090,4.509670171981015
0917091,0.6890087144196038
0917092,0.2343316938994378
0917095,7.708980975505589
0917101,0.235475824840057
0917102,5.104803732658059
0917103,0.7485785895187875
0917109,1.4648001347020485
0917110,4.677164868289474
0917112,2.156885312255316
0917114,7.701033249737455
0917116,0.25146903692155204
0917117,9.598054185897308
0917118,11.329320008010775
0917123,4.367898076835257
0917126,1.5912854593257357
0917132,2.1500725919598427
0917133,4.734856041911905
0917135,5.289503871805206
0917137,10.786779884137088
0917139,5.427884848944829
0917142,6.525626057652002
0917145,0.7339466065396154
0917146,1.6972691383680893
0917147,6.556949834662215
0917150,5.225355019748979
0917152,1.9031274989377889
0917155,11.142537948621971
0917160,4.352339837129972
0917161,10.731973635970295
0917162,0.3740994353482124
0917163,7.389752949604569
0917165,0.37067257989060026
0917166,1.298425363286221
0917167,16.43806314447324
0917169,4.597114896677233
0917170,0.460714076370056
0917177,2.0707389477764533
0917178,7.043095737995561
0917180,0.39922480940194605
0917181,5.204058468198482
0917184,3.266450273204005
0917185,1.9488392232088814
0917186,2.75132533450385
0917189,3.8513503417884203
0917190,3.933029200131167
0917193,1.0117881181913113
0917195,1.0242921377098901
0917198,1.4078311796186487
0917199,9.796775601185102
0917200,0.45024838116859417
0917203,3.2586218345410067
0917207,10.154742992561607
0917208,2.184496077011067
0917209,0.7473660157833983
0917210,0.6961368980902195
0917214,0.6162784908361536
0917215,5.427117848457041
0917216,2.2207485039257846
0917217,0.5846078228742829
0917221,3.615853826789778
0917226,0.616994532137443
0917233,2.7883246746394668
0917234,5.4043162035686825
0917901,3.2648163009011957
0917902,0.17737941140754654
0917903,0.6386326555361052
0925012,0.13486906733294846
0925015,9.280272161274462
0925016,12.093344804750497
0925021,14.785551537505391
0925023,0.20153326939314065
0925034,4.504545549995196
0925040,7.210435862085444
0925044,13.661996078257136
0925048,0.30896457196839816
0925062,0.4258238217731117
0925069,3.513220930135782
0925072,0.5792111169563114
0925077,9.108776823073523
0925078,1.9446400636434102
0925085,0.48578741304967216
0925086,1.247343559017118
0925112,18.536105997428706
0925120,34.995998038817156
0925124,3.241925092522503
0925137,4.84432419802152
0925140,5.317202364861293
0925149,7.52324133178724
0925150,6.909955428794352
0925151,2.3043211731447353
0925155,4.965701493399335
0925156,18.982875623458707
0925158,2.913921033915047
0925165,8.155884273522457
0925166,2.977538893798268
0925172,9.953408746909474
0925185,7.3243850949946765
0925189,0.3393951215880568
0925192,0.15727329475478422
0925203,12.220165849809549
0925207,10.630500998437542
0925215,2.906976179958902
0925239,10.227919086952376
0925249,7.387351994464752
0925905,0.11509870695955954
0925906,0.08266706025623607
0925907,0.5792111169563114
0925908,1.8567813832535482
0925912,2.1377500434910246
0943002,0.6550809332157789
0943004,4.121791139791487
0943006,5.766915958379076
0943012,4.748389967179936
0943013,1.3796265865321378
0943014,12.595237801001314
0943016,0.310612242195082
0943025,5.410738105915337
0943028,1.4982840814372165
0943032,7.856054252273687
0943034,2.1092209757446745
0943037,0.5759390966562737
0943038,35.58796632686466
0943051,0.8970779610083495
0943052,11.409278460799833
0943054,0.754696929388074
0943071,11.057965709576138
0943074,1.3505536181352644
0943085,0.3921283535656403
0943089,7.909553364904634
0943092,6.81637263913974
0943100,1.554554152716372
0943103,0.48840873364272247
0943106,6.945404403319162
0943111,1.8930735539660732
0943117,3.20420818496868
0943123,23.260046958626777
0943131,0.8457921895112483
0943133,2.9181757649291193
0943135,4.685027641902013
0943136,0.7324179042751331
0943138,0.10907023681659243
0943145,1.1266047491244655
0943148,25.700424648812216
0943153,4.342462226498629
0943155,27.524747143273068
0943156,1.2811444222480937
0943161,1.050709896885273
0943162,3.6858832247693387
0943163,3.4976019206405993
0943164,0.24358617548261605
0943171,13.012817785169464
0943178,1.2539025468456755
0943901,11.172531475469686
0943902,11.70769642248239
0943903,0.05592600867914471
0943905,17.66966985265274
0943906,1.8236049742077571
0943907,0.2271211108010093
1003002,4.60221434229035
1003009,13.407491256338567
1003011,1.936564817468218
1003012,2.777246045036626
1003014,153.18184222433635
1003015,2.7194112963178174
1003018,3.8229951341944552
1003019,2.582263639751601
1003025,0.5476378336858303
1003031,35.23768691426778
1003034,2.7525534748187903
1003041,0.5785179355972441
1003043,10.369795535728592
1003044,0.34026492020651516
1003047,4.4602197102615015
1003049,11.059120143679383
1003050,0.9904218692113321
1003053,12.444158585462995
1003054,0.26701164408312517
1003055,0.9611404288451135
1003056,0.24452543481225067
1003058,3.5421927286460284
1003063,45.633324576165315
1003064,2.6271557094400246
1003065,102.17512460429549
1003066,5.2676306114178155
1003069,6.106581068873859
1003071,0.48409865346120934
1003072,0.7218015671808696
1003074,3.5421927286460284
1003076,10.74481340469738
1003079,0.9389291687523273
1003082,21.749002194474315
1003088,0.37354889691434634
1003089,3.4948359950757952
1003090,16.71104373587627
1003092,1.2760885331023488
1003093,9.301846645562234
1003094,1.1653310006348518
1003095,1.1667664536211375
1003096,8.140587002202896
1003099,33.74415202985368
1003101,2.6678422706772085
1003102,10.958292664852674
1003104,2.340823689346647
1003107,7.328889856107403
1003109,4.4057782029466885
1003111,1.021477855660025
1003113,5.32571047749167
1003118,4.198485343274104
1003119,20.17856254950388
1003120,0.12975889453805375
1003121,13.809691682328664
1003122,50.35443593385433
1003128,0.37218513871739634
1003133,23.71769194811228
1003138,3.652568333688301
1003139,10.710035324493802
1003140,4.963125737146725
1003901,13.275112300201062
1003902,15.919333770866238
1003903,9.873330315849833
1012004,12.84688160069808
1012005,0.4000776327257908
1012009,15.74457610709046
1012011,3.4772141596876858
1012012,7.635991969982093
1012021,8.66544769985437
1012026,0.13505605754498964
1012027,10.75995439820745
1012028,21.908296689766207
1012029,4.358164896422345
1012031,20.724602627366426
1012032,30.34843318246771
1012033,8.903427504685219
1012034,1.1690344838603635
1012036,0.3057944595515755
1012040,70.66633999348484
1012071,0.987695642519048
1012074,3.469154288414433
1012077,3.8227618027054566
1012082,11.2714830486248
1012084,9.02922806166991
1012085,0.9901587148895161
1012089,11.239371000975485
1012094,7.572038672228333
1012104,8.167103229753396
1012111,1.6169314598325828
1012117,4.730324548036504
1012126,10.612362409497445
1012128,1.4389640656661584
1012135,10.16138904545942
1012138,14.702567535336039
1012142,0.10401205972395051
1012901,1.4843911633318703
1012902,8.341541144975652
1046002,3.5426933079321143
1046005,7.543168656628982
1046006,2.243531302128879
1046007,8.642288794032723
1046009,4.5635369764858265
1046010,0.569436473569061
1046011,1.0478755237459487
1046013,17.41850731139133
1046014,1.1819399972018447
1046015,2.661985241889533
1046017,26.499743287157926
1046019,17.074693660463645
1046021,9.391163088789956
1046022,1.5402539054393476
1046025,2.64359562279131
1046026,0.4426133455819681
1046027,2.661536013894946
1046029,1.287115946970455
1046030,0.7465710223679791
1046032,4.1803711194435165
1046035,1.9703516917789379
1046037,4.129344978050673
1046039,1.2661385245175203
1046046,29.761648766847927
1046047,0.4005642716827861
1046048,2.7129542698863087
1046051,18.67755196955757
1046054,0.6131769130483313
1046058,2.9914654674559356
1046059,1.62334063317356
1046061,0.7552156230636413
1046063,2.7619501968907354
1046065,2.1386936192950543
1046067,3.796267677585207
1046068,0.41741293666844737
1046070,1.7855094025324976
1046074,4.79599710725672
1046078,7.030985197952626
1046081,1.297991682317641
1046082,9.706531316547597
1046083,1.7085523612895517
1046085,4.0733216756184705
1046089,13.228270193185104
1046090,2.080243768069821
1046094,13.108210564339057
1046101,3.1976724597586785
1046102,12.913181954267564
1046103,0.8572864077766439
1046105,10.088701355360115
1046109,2.493350903203584
1046110,11.206422737983583
1046113,0.8208695876942265
1046114,4.672199922397616
1046116,16.56013746715091
1046122,4.184301037495873
1046124,0.41183179858389274
1046126,5.49234721121792
1046131,44.12526526448685
1046132,2.1741695805940546
1046135,5.440331858402599
1046139,1.7673376720227785
1046140,1.5543987627200229
1046143,1.140803743924672
1046145,5.049711086663781
1046147,36.436099841181004
1046149,11.346605163222229
1046154,0.949842824573322
1046159,8.372796172907098
1046160,0.5140640519683947
1046161,5.395604070740539
1046162,0.3960851885895076
1046164,6.80676320885873
1046165,0.18989630387882445
1046166,14.582068966371086
1046168,2.524419530514506
1046169,4.159263350911496
1046171,3.3915902644180735
1046172,11.4614713560562
1046173,1.223001841712725
1046176,21.72773927379403
1046177,9.852594795469601
1046178,9.636604616213955
1046181,41.766421479896536
1046182,7.838067579370231
1046183,10.223972161177855
1046184,0.9358308874102108
1046186,13.423404726510048
1046187,4.775948348278984
1046188,1.88125428283443
1046190,40.646927789742335
1046192,0.19345378814402575
1046193,26.29774101399503
1046194,1.434162541254274
1046195,2.4957699823944517
1046198,0.7388913833448258
1046199,6.359076545500484
1046202,19.63662943520585
1046203,1.5530652419337754
1046204,6.515584297095107
1046205,10.273728954584902
1046207,1.0698747917445013
1046211,0.8529249545203142
1046212,5.753839663694429
1046213,1.5671259486778155
1046214,18.5118594974637
1046216,3.1679217484007247
1046217,1.1527538479243278
1046218,0.6908811174888567
1046220,30.56341207512962
1046222,0.09004475532438895
1046223,1.438523723095406
1046228,0.9241720306710965
1046230,2.6630114813364374
1046231,8.41524353496723
1046235,10.891661430794462
1046238,1.256037942818819
1046244,38.61242131169264
1046248,1.4249048574398189
1046250,366.8004077101081
1046251,1.359637301427691
1046255,0.7603703658900226
1046256,6.560217110538201
1046258,11.041038901193124
1046260,4.951660407560711
1046903,21.451658689404628
1106011,7.80276265174318
1106015,28.993989726704733
1106044,22.781845480646165
1106048,0.3051131386498024
1106050,0.8432845116900151
1106061,5.1166656935148165
1106080,1.0194882956616484
1106083,10.05817040176539
1106084,2.180129510883491
1106088,0.5962245750003203
1106091,14.465849254079338
1106095,4.944465374658127
1106103,0.8656973628972506
1106111,17.913196037418558
1106153,17.704059248473303
1106156,14.694748422022629
1110015,9.42001063854942
1110024,9.584345225656252
1110034,1.2822011676464249
1110037,43.43448826609492
1110043,14.694748422022629
1110049,4.088948708756076
1110050,1.2133861073106513
1110054,0.07819581247105802
1110055,7.740727604786425
1110064,1.8455836872301272
1110067,0.3406889587280148
1110076,0.6103884774397402
1110077,0.24977926547112617
1110096,11.178834244364658
1110103,1.433950896353479
1110106,6.358462277250794
1110109,40.51529097469931
1110112,27.652312673430686
1110124,1.2133861073106513
1110148,21.119681033802664
1110162,0.4263374784692505
1110174,6.228070344476866
1110177,2.033250068966137
1110195,0.7957697292457966
1110214,2.221670838031739
1215005,10.165683056124006
1215009,0.5051241649911303
1215011,1.5760396745999024
1215013,0.15297009952945506
1215016,7.3768585844097725
1215017,0.6063563673044639
1215019,11.012589488489184
1215021,1.6386440942537657
1215023,0.7061748365413193
1215024,6.62534284890821
1215028,0.24976149877876155
1215030,37.810511958901984
1215031,8.51074305729372
1215036,3.680105806921852
1215040,0.6032476463835776
1215048,0.44148671395412303
1215051,0.004617637695611551
1215052,0.37853659643151394
1215053,0.7907519299351764
1215054,3.4329808705478544
1215055,1.1455453751231848
1215057,1.0679163322696903
1215058,13.782777640396013
1215059,11.788821060661377
1215060,7.106299735507446
1215065,1.3759589090040178
1215068,3.8076482784331414
1215069,1.6412162056465438
1215070,1.9386920972891972
1215073,3.17362792751306
1215075,2.9564719865196176
1215078,7.5496022811223416
1215084,8.24591518667764
1215090,0.007202060890369301
1215093,0.5658389346260297
1215901,1.0817929713603234
1227004,9.352157543364404
1227006,9.352157543364404
1227014,1.3955941571369401
1227016,0.8127525704793981
1227017,16.973926000406927
1227018,61.8247297528266
1227019,1.2942403709856882
1227024,1.2936991538602662
1227028,11.356525771746064
1227031,37.362266227162266
1227034,29.75615047708156
1227039,0.3504542038082707
1227041,1.8003072946962657
1227050,87.02524451017634
1227051,5.08428329198788
1227052,48.082346475036985
1227057,9.26890362348825
1227059,19.052097524743232
1227066,0.6279470585890629
1232009,7.584639650458549
1232023,10.113388663055144
1232038,2.7224024369352238
1232054,2.568162061265685
1232058,0.39993360371329206
1232069,0.2372886304180386
1232070,10.893824078301314
1232072,1.8369761328637917
1232073,4.601126474337793
1232080,3.8523821241198988
1232081,0.08479501831858853
1232085,2.224797391137084
1232088,0.31312838914473584
1236003,3.5895499981771595
1236006,1.7436516766257333
1236008,2.9260331025067057
1236022,12.763357795337004
1236024,6.591050220313204
1236028,6.625908335150296
1236029,4.3692818467728385
1236033,1.7320319816770775
1236035,3.153064647892473
1236038,10.526672141699471
1236041,0.33727797395231673
1236045,2.3175612849217395
1236046,0.3160077578811101
1236051,2.5530513433647157
1236054,0.30607554073504645
1236055,0.4292397046471853
1236057,21.855994059995286
1236060,2.9667602847184082
1236061,5.695572318240885
1236901,6.363494388896848
1328005,32.37096902069715
1328006,43.40130851578924
1328007,24.66301095485633
1328009,3.0002646606058088
1328011,4.860435468117421
1328012,8.775525439155004
1328013,12.09989920585216
1328014,21.552134944287978
1328015,20.536650745089986
1328017,0.7513833690048894
1328018,3.3987869319000765
1328022,21.637223058674657
1328023,0.5034411745313743
1328025,6.470256098284202
1328026,0.3309213002565537
1328032,3.7293942087872427
1328033,4.015981786394469
1328035,19.635103958525523
1328040,3.911694873307299
1328041,0.17095246588872307
1328045,28.57977389662421
1328047,2.4675421152684445
1328049,14.1843980994494
1328050,3.441417170980845
1328054,1.282169448400734
1328055,6.477381685507282
1328057,1.6334245304667543
1328058,29.674589641356647
1328061,0.3365096607876279
1328065,77.63002276334016
1328066,0.7323639722665174
1328068,0.062202821773661515
1328072,0.6131425221817975
1328074,71.53576661916301
1328079,374.8534336418827
1328080,17.077104492696584
1328086,0.10990551497098676
1328089,0.3899662138182292
1328091,16.961009719527382
1328092,16.187227917123984
1328093,2.346080493553867
1328096,12.089304608250448
1328100,2.459965214303748
1328101,6.843592588629278
1328102,10.365498342329385
1328104,12.073698099768578
1328106,14.820423124104769
1328110,9.05152647730882
1328111,9.608391055520743
1328113,2.5737910091947542
1328115,33.57039445410014
1328116,0.4737218165828053
1328123,26.816558367135595
1328127,28.150711557491892
1328129,0.26201390141383923
1328130,5.311897313810083
1328132,14.94119645858828
1328134,23.465022280377376
1328136,9.828746228357844
1328137,3.0030227424425355
1328144,6.596613375345537
1328146,10.248201447538026
1328147,2.334045942167362
1328148,18.841963994594636
1328149,1.792644636218029
1328152,3.2589882419412692
1328154,4.523733022752377
1328155,13.405242153466652
1328160,0.11575002395688075
1328161,12.067846043512777
1328166,5.4190656075820085
1328167,0.6594855545099173
1328172,9.276112604156713
1328176,9.993890249041234
1328177,2.3394484176185775
1328903,22.159776931092722
1430003,11.172146219896488
1430004,0.5190628821038531
1430005,1.8696988706299267
1430007,0.13145691444113666
1430008,4.411723152057575
1430012,15.9091567711722
1430013,5.214163108474643
1430014,0.5190628821038531
1430015,4.742647065223442
1430016,65.01014406796106
1430017,13.180913095719015
1430018,7.8975967970552
1430019,11.514155612129066
1430021,29.324292726891613
1430022,2.4598826481345943
1430024,15.698377099276787
1430026,15.73504453069991
1430027,11.027096126836167
1430029,16.012623187565982
1430030,172.82430581280147
1430031,0.7705140355842761
1430033,1.573518932770368
1430035,30.866100763597377
1430036,9.722137810597577
1430037,15.233454214954264
1430038,1.0666190883948539
1430039,6.099799768862687
1430041,3.6197446869660546
1430043,1.5561912323022178
1430902,18.584315452068175
1531006,5.00463414808866
1531008,2.201069864625695
1531011,0.23481458259520355
1531014,2.240902334213342
1531016,4.585660722131461
1531023,8.156575072606794
1531043,0.8806792779720856
1531052,1.5372250164238672
1531054,3.1564529923107068
1531060,3.570214438316386
1531077,0.7969314581873995
1531086,5.077046630130999
1531097,1.1351935934049748
1531106,0.7349000190404256
1531107,6.26516433618365
1531122,0.5668990317591153
1531144,4.0117786187021425
1531147,0.08607665867255605
1531153,12.143654232427354
1531163,3.9823642119204936
1531166,5.075558908506914
1531167,0.730650125706367
1531168,2.9151922290951893
1531177,0.9906235429683865
1531201,63.69123875008179
1531202,3.262058913485045
1531221,4.419818781753389
1531226,10.619182559765221
1531227,2.914825311038598
1531232,16.57726574634486
1531251,1.394695000690552
1531259,6.894939268034641
1531265,6.53294637584484
1531901,4.2615741519386265
1531902,2.380530121146493
1531903,1.7980263666654601
1531906,0.4270321535656476
1531907,5.949369364821418
1531908,5.065875179786802
1553081,1.057577046896042
1601002,11.422811289142157
1601004,0.6236984123787325
1601008,17.260338864002865
1601009,0.16039215168131168
1601013,19.956311433770736
1601017,13.713090724209867
1601021,16.85643170193785
1601037,7.723221293854729
1601042,1.5513132984472462
1601043,1.543058546569598
1601051,0.2630998023524116
1601053,0.004441107740517865
1601058,0.036897092954161353
1601059,132.03486952360768
1601901,2.995560590900915
1620001,5.530592937065535
1620002,1.0212817053642615
1620005,2.6334679863651416
1620007,3.2193633229251057
1620009,7.453051902064527
1620010,1.5409547649212583
1620011,7.215107635149451
1620013,11.364133666995741
1620014,2.039195538511394
1620016,0.4311628434526206
1620017,9.007935995420485
1620018,16.28124562357606
1620019,8.938329321466902
1620025,3.3667521560944125
1620027,3.4237990026467737
1620028,2.212836922373999
1620030,2.2607859042826606
1620032,4.945447918223245
1620034,2.1390498535953135
1620036,23.583768385992034
1620037,5.530592937065535
1620040,11.431348506513974
1620041,1.6189053061894847
1620042,1.0076577682405865
1620043,2.3262066375138617
1620044,3.218167879039954
1620045,23.705436068355834
1620047,2.3508368719936406
1620049,3.7643599665946863
1620051,6.4417081937797285
1620052,4.151242977862217
1620053,4.958042188366521
1620055,8.783092861461771
1620056,0.3924812992757549
1620059,7.4284483101612695
1620061,2.8938407403814175
1620062,4.64082924267062
1620063,11.998057916812742
1620064,15.787017002320207
1620065,3.575385354936765
1620067,17.745650956617684
1620069,77.80745365542928
1620070,5.508306223437435
1620071,11.46169055384654
1620072,2.950275855817017
1620073,3.6663205718314895
1620074,23.201378357508776
1620075,1.7214876831732056
1620076,5.239135127665861
1620077,4.46762460287521
1620079,7.4706808527515705
1620080,7.227136196780448
1620081,6.41442848690676
1620902,8.751065499569659
1620903,4.974610223936799
1620904,5.530592937065535
1620905,5.530592937065535
1648001,4.119225786273127
1648002,15.233676882621559
1648003,12.396440177179622
1648006,0.9855337279785155
1648008,3.1247810741826214
1648011,7.339358421057418
1648012,0.519863055019065
1648013,13.526242707033047
1648015,4.786452492378114
1648016,6.0246766809781604
1648020,32.67281076353937
1648021,2.511940902714316
1648027,6.802819461958645
1648029,1.1366726788172037
1648030,2.435322980545401
1648034,0.22825572023504692
1648036,3.4695249692930674
1648037,9.441342026286026
1648038,7.183643378176154
1648043,1.603693839489251
1648044,22.821636385754015
1648045,9.702057538053857
1648046,4.5155591190972055
1648052,2.502083019454855
1648054,11.336720947417405
1648055,0.8804875377852832
1648057,0.6017065436547085
1648060,0.5747588562178373
1648061,2.5826139228229774
1648067,2.891658985403181
1648068,0.16632729365973561
1648069,15.216443929348735
1648071,15.70531628378705
1648073,0.4833418928711879
1648074,4.74576014863084
1648076,0.7354111249779444
1648078,4.891841651855061
1648080,3.5909019576701695
1648082,6.372816964842981
1648083,6.645276714618512
1648084,5.357069452803016
1648085,10.668053808582606
1648086,11.28243510339316
1648089,2.262068152387874
1648091,4.662822127423677
1648094,0.8018889752610378
1648095,0.9836451417170111
1648096,7.506321410906178
1648901,3.109711236331575
1648902,1.0960193259398836
1648906,4.086825325706132
1648908,3.8975723332646757
1648910,2.6218618318601976
1648911,2.202313497745324
1648912,1.5722179235874416
1648913,6.900118215174166
1648914,2.0519804243578834
1726005,8.152552670819972
1726006,14.114601700109642
1726012,6.2248506777216575
1726017,5.491814997684086
1726018,4.736235482099644
1726021,4.562394177095209
1726024,5.598833084629643
1726025,5.536252147441864
1726036,5.180124053080954
1726043,9.31738541704662
1726061,3.674844770762986
1726071,0.16004731403168898
1726072,6.217074770819745
1726073,0.9453325096796509
1726084,4.250679575559959
1726089,74.48094955777937
1726103,9.969649515007223
1726110,7.714008504280336
1726120,1.0895808141724024
1726136,2.2948694030496646
1726138,6.077736137681147
1726140,6.538248221211855
1726141,4.144703166954876
1726148,1.0483539321471786
1726151,6.2248506777216575
1726162,1.5346690039391637
1726166,0.07229670165013873
1726168,13.858806763146905
1726180,1.0483539321471786
1726183,3.2392324414256772
1851001,0.7390471398354341
1952001,3.3644377155592213
