CTOT,D2
1003124,1.0
1003125,1.0
1046224,1.0
0908222,0.0
0908223,0.0
1003127,1.0
1003128,1.0
1003131,1.0
1726031,0.0
1003129,1.0
1003130,1.0
1046248,1.0
0908224,0.0
1003132,1.0
1003133,1.0
1003134,1.0
1003135,1.0
1003136,1.0
1726065,0.0
1003137,1.0
1003138,1.0
1003139,0.0
1003904,1.0
1531033,0.0
1003140,0.0
1003901,1.0
1003902,1.0
1003903,1.0
1531013,0.0
1531014,1.0
1531253,0.0
1531249,0.0
1531254,1.0
1531262,0.0
0753006,0.0
1620901,0.0
1620902,0.0
1620906,0.0
0111016,1.0
1531034,0.0
1531251,0.0
1531256,0.0
0753007,0.0
0111017,0.0
1531252,1.0
0111018,1.0
1531255,1.0
0111022,0.0
0111023,0.0
0111024,1.0
0753008,0.0
1110092,1.0
0111025,1.0
0111026,1.0
0111027,0.0
0111028,0.0
0753009,0.0
0111019,0.0
0111020,1.0
0111021,1.0
1531257,0.0
1531258,1.0
1531261,0.0
1726073,1.0
1110093,1.0
1110094,1.0
1531259,0.0
1531260,0.0
0222162,1.0
0222163,1.0
1012001,1.0
1012002,1.0
0111029,0.0
0111030,1.0
0111031,1.0
1531263,0.0
1531264,0.0
1531265,0.0
1531901,1.0
0111032,1.0
0111033,1.0
1620006,0.0
1620903,0.0
1620904,0.0
1620905,0.0
1012003,1.0
1012004,1.0
1012005,1.0
1012006,1.0
1012007,1.0
1012008,1.0
1012009,1.0
1012010,1.0
0244237,1.0
1012011,1.0
1012012,1.0
1012013,1.0
1012014,1.0
1012015,1.0
1012016,1.0
1012017,1.0
0253076,0.0
1012018,1.0
1012020,1.0
1012021,1.0
0753071,0.0
1012022,1.0
1012024,1.0
1110097,1.0
1110101,1.0
1110098,1.0
1531021,0.0
0253077,0.0
1110099,1.0
1110100,1.0
1531035,0.0
1531017,1.0
1531022,0.0
0114006,0.0
0114007,0.0
0114008,0.0
1531018,1.0
1531019,1.0
1531020,0.0
1110102,1.0
1110103,1.0
0111037,0.0
1620907,0.0
0111036,0.0
0250141,1.0
0111034,0.0
0111035,1.0
0753029,0.0
1110107,1.0
1110108,1.0
1110109,1.0
1110110,1.0
1110111,1.0
1110112,1.0
1110113,1.0
1653048,0.0
1110114,1.0
1653000,0.0
1648001,0.0
0709355,1.0
0111038,1.0
0111039,0.0
0705170,1.0
1110115,1.0
1110116,1.0
1110117,1.0
1110118,1.0
1110119,1.0
1110120,1.0
1531023,1.0
1531032,0.0
1531029,1.0
1531030,0.0
1531031,0.0
1531036,1.0
1531037,1.0
1553083,0.0
1531064,1.0
1110134,1.0
0111040,1.0
0111041,1.0
1726022,0.0
0111042,1.0
0111901,1.0
0111902,1.0
0111903,1.0
0114001,0.0
0114002,0.0
0114003,1.0
0114004,0.0
0114005,0.0
1110123,1.0
1232067,1.0
1110132,1.0
0114048,0.0
0114009,0.0
0114049,0.0
0118036,1.0
0114010,0.0
0114018,0.0
0114019,0.0
1110133,1.0
0114024,0.0
0114025,0.0
0114026,0.0
0114027,0.0
0114028,0.0
0114029,0.0
0114030,0.0
1648003,0.0
0114011,0.0
0114050,0.0
1110135,1.0
0114051,0.0
1648078,0.0
1648079,0.0
1110138,1.0
1648043,0.0
1648044,0.0
1648045,0.0
1648046,0.0
0222013,1.0
1110139,1.0
1648080,0.0
1012025,1.0
1012026,1.0
0222020,1.0
1110141,1.0
1012034,1.0
1110142,1.0
1648015,0.0
0114012,0.0
0114013,0.0
0114014,0.0
0222164,1.0
0114015,0.0
0114016,0.0
0114017,0.0
1531078,1.0
1648002,0.0
1648016,0.0
1648017,0.0
1648018,0.0
1648019,0.0
1648020,0.0
1648021,0.0
1648022,0.0
0114020,0.0
0114021,1.0
0114022,0.0
0114023,0.0
0114031,0.0
0114032,0.0
0114033,0.0
1726026,1.0
0114034,0.0
0114035,0.0
0114036,0.0
0114037,0.0
0114038,0.0
0114039,0.0
0114040,0.0
0114041,0.0
0114042,0.0
0114043,0.0
0114044,0.0
0114045,0.0
0114046,0.0
0114047,0.0
0222228,1.0
1648027,0.0
1531067,1.0
0114052,0.0
1648028,0.0
0114066,0.0
1648039,0.0
1648040,0.0
1648041,0.0
1648042,0.0
1531065,0.0
0118001,1.0
0114053,0.0
0114054,0.0
0114055,0.0
0114056,0.0
0114057,0.0
0114058,0.0
0114059,0.0
0114060,0.0
0114061,0.0
0114062,0.0
0114063,0.0
1531066,0.0
0709007,1.0
0114064,0.0
0114065,0.0
1648059,0.0
1648060,0.0
0114067,0.0
0114068,0.0
0114069,1.0
0114070,0.0
0114071,0.0
0747070,1.0
0114072,0.0
0114073,0.0
0114074,1.0
1012036,1.0
1648058,0.0
1648061,0.0
1648062,0.0
0114075,0.0
0114901,0.0
0114902,0.0
1531079,0.0
1215088,1.0
0118037,1.0
0118038,1.0
1648074,0.0
1648075,0.0
1648076,0.0
1648077,0.0
0118039,1.0
1046039,1.0
1012032,1.0
0705072,1.0
1531077,1.0
1012037,1.0
1227002,1.0
0118005,0.0
0118006,1.0
1227004,1.0
1227005,1.0
1110144,1.0
0118002,1.0
0118003,1.0
1227006,1.0
1110145,1.0
1046237,1.0
1012033,1.0
1046043,1.0
1046044,1.0
0118004,1.0
1046085,1.0
1110143,1.0
1046053,1.0
0118007,1.0
1046054,0.0
1227007,1.0
0118011,1.0
0118012,1.0
0118013,1.0
1227008,1.0
1227009,1.0
1227010,1.0
0118014,1.0
0118015,1.0
0118010,1.0
0118016,0.0
0118017,1.0
1648084,0.0
0118018,1.0
0118020,1.0
0118021,0.0
1046055,1.0
1227011,1.0
1648087,0.0
1227020,1.0
1227021,1.0
1227022,1.0
0118028,1.0
0118029,1.0
0250005,1.0
0118022,1.0
0118023,1.0
0118024,0.0
1046086,1.0
0118025,1.0
1531906,1.0
1648082,0.0
1648083,0.0
1227024,1.0
1227025,1.0
1531907,1.0
1531908,1.0
1227026,1.0
1553059,0.0
1046225,1.0
0118027,1.0
1553062,0.0
0118030,0.0
0118032,1.0
0118033,1.0
0118034,0.0
1553067,0.0
1553068,0.0
1553069,0.0
1553070,0.0
1553078,0.0
1531904,0.0
1531905,1.0
1553080,0.0
1553081,0.0
1110146,1.0
1553060,0.0
1553061,0.0
1553063,0.0
1553064,0.0
1553065,0.0
1553066,0.0
1110147,1.0
1110148,0.0
1046226,1.0
1227027,1.0
1227028,1.0
1046227,1.0
0705077,1.0
1601001,0.0
1601002,0.0
1601014,0.0
1046216,1.0
1726086,0.0
1648097,0.0
1648901,0.0
1648902,0.0
1648903,0.0
1232065,1.0
0705078,1.0
1726003,1.0
1232066,1.0
0709068,1.0
1531080,0.0
1531081,0.0
1232063,0.0
1232064,1.0
1232068,1.0
1046228,1.0
1232069,1.0
1232070,1.0
1232071,1.0
1232072,1.0
0118040,1.0
0118035,1.0
0118042,1.0
0118043,1.0
1232080,1.0
1232081,1.0
1232082,1.0
1726087,1.0
1232088,1.0
1046219,1.0
1046220,0.0
1110203,1.0
0705084,0.0
1232089,1.0
1232090,1.0
1232091,1.0
1046221,1.0
1236002,1.0
1236003,1.0
1236004,1.0
1046222,1.0
0118047,1.0
1236013,1.0
1046223,0.0
1046217,1.0
1046218,1.0
1046229,1.0
1046230,0.0
1726009,1.0
0118044,1.0
0250231,1.0
1726004,1.0
1726005,1.0
1726006,1.0
1726007,1.0
0250162,1.0
1726008,1.0
1726010,1.0
1046056,1.0
0250163,1.0
0118045,0.0
0118046,0.0
0753031,0.0
0118048,1.0
0118049,1.0
0753032,0.0
1726017,1.0
1726021,1.0
0753033,0.0
1726023,1.0
1726024,1.0
1046064,1.0
1046231,1.0
1726025,0.0
1046065,1.0
1046232,1.0
1046233,1.0
1046234,1.0
1046235,1.0
1046236,1.0
1046040,1.0
1046066,1.0
1046038,1.0
1726157,1.0
1046041,1.0
1046042,1.0
0753034,0.0
1046045,1.0
1046046,1.0
0250239,1.0
0250240,1.0
1046047,1.0
1046048,1.0
1012131,1.0
0118050,1.0
0705085,1.0
0118051,1.0
0118053,0.0
0118054,1.0
0118056,1.0
1110164,1.0
1046049,1.0
1046050,1.0
1046051,0.0
1046052,1.0
1046057,1.0
1046058,1.0
1046240,1.0
1046059,1.0
1046060,1.0
1046061,1.0
1046241,1.0
1046062,1.0
1046063,1.0
0753010,0.0
1046067,1.0
1046068,1.0
1046069,1.0
1726075,0.0
1046070,1.0
1236016,1.0
1236017,1.0
1110149,1.0
1726076,0.0
1110159,1.0
1046242,1.0
1110160,1.0
1110161,1.0
1110162,1.0
1110163,1.0
0250176,1.0
1046239,1.0
1726077,1.0
1046243,1.0
1046244,1.0
0250188,1.0
0250189,1.0
1046245,1.0
1110184,1.0
1236021,1.0
1236022,1.0
1236023,1.0
1236024,1.0
1110185,1.0
1110186,1.0
1110165,1.0
1110187,1.0
0709382,1.0
1110166,1.0
1012078,1.0
1110172,1.0
1726028,1.0
1726027,0.0
1726029,1.0
1726030,0.0
0118057,1.0
0753035,0.0
0118059,1.0
1110188,1.0
0753036,0.0
0753037,0.0
0753038,0.0
1110183,1.0
1012073,1.0
1110192,1.0
1012074,1.0
1012079,1.0
1012080,1.0
1046083,1.0
1012081,1.0
0753039,0.0
1726080,1.0
1726081,0.0
0129036,1.0
1046084,1.0
1012077,1.0
1012072,1.0
0753040,0.0
1012075,1.0
1012076,1.0
0222167,1.0
1046087,1.0
1046088,1.0
1046089,1.0
1726082,0.0
1726083,1.0
1726084,1.0
0222168,1.0
1046090,1.0
1046091,1.0
0222176,1.0
1012105,1.0
0222202,1.0
0118061,1.0
0118062,1.0
0118063,1.0
0118064,0.0
0118065,1.0
1012106,1.0
1012107,1.0
1012108,1.0
1012109,1.0
1012110,1.0
1726088,1.0
1726091,1.0
0222233,1.0
1110193,1.0
1726092,1.0
0709019,1.0
1110194,1.0
1110195,1.0
1110196,1.0
0118066,1.0
0244187,1.0
0118067,1.0
0118068,1.0
0118069,1.0
0250028,1.0
0118070,1.0
0118071,1.0
0118072,0.0
0118074,1.0
0118076,0.0
1012133,1.0
1110197,1.0
1012137,1.0
1012138,1.0
1012139,1.0
1110201,1.0
1110202,1.0
1012130,1.0
0250010,1.0
1110204,1.0
1110205,1.0
1110206,1.0
1012132,1.0
0222064,1.0
1012134,1.0
1012140,1.0
1012135,1.0
1012136,1.0
1012141,1.0
1046904,1.0
1106001,1.0
0118077,0.0
1012142,1.0
1012901,1.0
0118078,1.0
1726093,0.0
1046247,1.0
1046246,1.0
1726094,0.0
1726095,0.0
1726096,0.0
1106005,0.0
1106006,0.0
1106007,1.0
1726032,0.0
1726033,0.0
1726035,0.0
1046903,1.0
1726042,1.0
1106002,1.0
1106003,1.0
1106004,0.0
1106008,0.0
1106009,0.0
1726043,0.0
1106010,1.0
1726034,1.0
0118079,1.0
1726038,0.0
1726039,1.0
1726040,1.0
1726041,1.0
1726044,0.0
1726045,1.0
0118083,1.0
1531084,1.0
1531085,0.0
0747020,1.0
1726046,1.0
0118084,1.0
0118085,1.0
0118086,1.0
0118087,1.0
1531086,1.0
1531087,0.0
0244112,1.0
0118082,1.0
1726054,1.0
1726055,1.0
0250014,1.0
1726056,1.0
0118095,1.0
0250015,0.0
0118088,1.0
0118089,1.0
0118093,1.0
0118094,1.0
0118102,1.0
0118103,1.0
0118105,1.0
1726057,1.0
1726058,1.0
0118111,1.0
0118096,0.0
0118097,1.0
0118098,1.0
0118099,1.0
0118100,1.0
0118101,1.0
0118106,0.0
0118112,0.0
0118107,1.0
0118108,1.0
0118109,1.0
1726059,1.0
0118115,1.0
0709184,1.0
0118114,1.0
0709139,1.0
1726060,0.0
1726064,1.0
0118116,1.0
1726066,1.0
1726067,0.0
1726068,1.0
1601030,0.0
1726069,0.0
1726070,1.0
0250019,1.0
1726071,0.0
1726072,1.0
1106035,1.0
1106036,1.0
1726074,0.0
1601017,0.0
1601018,1.0
1601019,0.0
0709154,1.0
0709155,1.0
0118117,1.0
0709159,1.0
0118119,1.0
1726078,0.0
0244204,1.0
0118120,1.0
1726079,1.0
0118121,1.0
0118122,1.0
0118123,0.0
0118133,1.0
0118134,1.0
0118135,1.0
0118136,1.0
0118137,1.0
0118124,1.0
0118126,1.0
0118127,1.0
0118128,1.0
0118132,1.0
1601028,0.0
0118145,1.0
0118138,1.0
0118140,0.0
0118141,0.0
0118143,1.0
0118144,1.0
0724082,1.0
0118146,0.0
0118147,1.0
0118148,1.0
0118149,1.0
1601047,0.0
0118150,1.0
0244207,1.0
0118151,0.0
0118152,1.0
1601049,0.0
0118153,1.0
0118154,1.0
0118157,1.0
0118158,0.0
0118159,0.0
0118161,1.0
1601051,0.0
0244208,1.0
0118162,1.0
0118163,1.0
0118164,0.0
0118165,1.0
0118167,1.0
0118168,0.0
0118170,1.0
0118171,1.0
0118173,1.0
0118174,0.0
0118175,1.0
1601052,0.0
0118176,0.0
0118177,1.0
0118178,1.0
0118179,0.0
1601053,0.0
0816147,1.0
0118180,1.0
0943129,0.0
0118181,1.0
0943130,0.0
0118182,0.0
0118183,1.0
0118185,0.0
0118187,1.0
0118184,1.0
0222086,1.0
0118188,1.0
0118189,0.0
0222087,1.0
0118192,1.0
0118193,1.0
0816163,1.0
0118194,1.0
0118901,1.0
0118908,1.0
0118902,0.0
1601056,0.0
0118903,0.0
0118904,1.0
1601057,0.0
0222088,1.0
0118905,0.0
1726099,1.0
0118906,1.0
0118907,0.0
0250259,0.0
0118909,1.0
0121033,1.0
0737123,1.0
0118910,1.0
0118911,1.0
0121048,1.0
0118912,1.0
0118913,1.0
0118914,1.0
0118915,1.0
0118916,0.0
0121002,1.0
0121003,1.0
0121004,1.0
0121005,1.0
0121006,1.0
0121007,1.0
0121008,1.0
0121001,1.0
0121009,0.0
0121010,1.0
0121011,1.0
0121012,1.0
0121013,1.0
0121059,1.0
0121060,1.0
0121014,1.0
0121019,1.0
0121015,1.0
0121026,1.0
0121016,0.0
0121017,1.0
0121018,1.0
0753041,0.0
0121020,1.0
0121021,1.0
0121022,1.0
0121023,1.0
1726098,1.0
0121027,1.0
0121028,1.0
0121029,1.0
0709243,1.0
0121024,1.0
0121025,1.0
0121030,1.0
0121031,1.0
0121032,1.0
0250260,1.0
0121034,1.0
0121035,1.0
0121066,1.0
0121036,1.0
0121037,0.0
1726100,1.0
0121038,1.0
0121039,0.0
0121040,1.0
0121041,0.0
0121042,0.0
1726101,0.0
0121043,0.0
0121044,1.0
0250261,1.0
0121045,1.0
0121046,1.0
0121047,1.0
0121049,1.0
0121050,1.0
0222206,1.0
0121051,1.0
0121052,1.0
0121053,1.0
0753042,0.0
0121054,1.0
0121055,0.0
0121056,1.0
0121057,0.0
0121058,1.0
1726161,1.0
0121061,1.0
0121062,1.0
0121063,1.0
0121064,1.0
0121065,1.0
0709244,1.0
0121067,1.0
0121068,1.0
0121069,1.0
0121070,1.0
0123031,0.0
0753043,0.0
0121071,1.0
0121072,1.0
0121073,1.0
1620008,0.0
0121074,1.0
1726107,0.0
0121075,1.0
0121076,1.0
0753044,0.0
0121077,1.0
0121078,1.0
0121079,1.0
0121902,1.0
0123001,0.0
0123002,1.0
0123003,0.0
1726110,1.0
0123004,0.0
0123005,1.0
0123006,0.0
1726111,1.0
0123007,1.0
0123008,0.0
0123009,1.0
0753045,0.0
0123010,0.0
0123011,1.0
0123012,1.0
1726112,1.0
0753046,0.0
0123014,1.0
1726113,0.0
0123015,1.0
1726114,0.0
0724002,1.0
0123016,0.0
0709070,1.0
0123017,1.0
0123018,0.0
0123019,0.0
0123020,0.0
0123021,1.0
0123024,1.0
0123025,1.0
1726115,0.0
1726117,1.0
0123026,0.0
0724007,1.0
0123027,0.0
0123028,1.0
0123029,1.0
1726118,1.0
0709073,1.0
0123030,0.0
0709079,1.0
0123032,0.0
0123035,1.0
0123033,0.0
1726119,1.0
0123060,0.0
0709082,0.0
0123034,1.0
0129020,1.0
0123037,0.0
0123038,1.0
0222212,1.0
1106051,1.0
0222177,1.0
0222213,1.0
0123039,0.0
0123040,1.0
1726120,1.0
0123041,1.0
1726121,1.0
0740081,1.0
0123042,0.0
0123043,0.0
1726122,0.0
0123044,1.0
0123045,1.0
0123046,0.0
0123047,0.0
0123048,0.0
0123049,1.0
0123050,1.0
0123051,0.0
0740082,1.0
0123052,1.0
1726123,0.0
0123053,1.0
0709115,1.0
0123054,0.0
0123055,1.0
1601058,0.0
1601059,0.0
0123056,1.0
1601060,0.0
0123057,0.0
1601061,0.0
0123058,1.0
0123059,1.0
0123061,1.0
1106111,0.0
0123062,0.0
0123063,0.0
0123064,1.0
0123065,1.0
0123066,0.0
0129058,1.0
0123067,1.0
1726124,1.0
0123069,1.0
0123070,0.0
0123071,0.0
1726125,1.0
0244116,1.0
0123072,0.0
0123073,0.0
0123074,0.0
0123075,0.0
0705025,1.0
0123076,1.0
0123077,0.0
0123079,0.0
0123080,0.0
0123081,1.0
0123082,1.0
0123084,0.0
0123085,1.0
0123086,0.0
0123087,1.0
0222234,1.0
0123088,1.0
0222242,1.0
0123090,1.0
1726126,1.0
0123091,0.0
0123092,1.0
0123093,0.0
0123094,1.0
0123095,0.0
0123096,0.0
0123097,1.0
0123098,1.0
0705026,1.0
0123099,0.0
0123101,0.0
1601062,0.0
0123901,1.0
0123902,0.0
0222243,1.0
0123903,0.0
0123904,1.0
0123905,0.0
0709160,1.0
0153050,0.0
1726127,1.0
0129001,1.0
1726128,1.0
0129002,1.0
0222244,1.0
0129003,0.0
0129004,1.0
0244123,1.0
0129005,1.0
0129006,1.0
0129007,1.0
0129021,0.0
0129008,1.0
1620001,0.0
0747021,1.0
0129009,0.0
0129010,1.0
0129011,1.0
0129012,0.0
0129013,0.0
0129028,1.0
0129014,0.0
0129015,1.0
1620005,0.0
0129016,1.0
0129017,1.0
0129018,0.0
1653002,0.0
0129019,1.0
0129022,0.0
1620002,0.0
0129023,1.0
1620003,0.0
1620004,0.0
0129024,1.0
0129025,1.0
0129026,1.0
0129027,1.0
0129029,0.0
0747071,1.0
0129030,0.0
0747168,1.0
0129031,1.0
0129032,1.0
0129033,1.0
0129034,1.0
0129035,1.0
0129037,1.0
0129038,1.0
0129044,1.0
0129045,1.0
0129046,0.0
0129039,1.0
0129040,1.0
0129041,1.0
0749061,1.0
0129042,1.0
0129043,1.0
1620007,0.0
0129047,1.0
0129048,1.0
0129049,1.0
0129063,1.0
0129050,0.0
0129051,1.0
0244220,1.0
0129052,0.0
1620009,0.0
0129053,1.0
0129054,0.0
0129055,1.0
1620010,0.0
0250053,1.0
0129056,1.0
0129057,1.0
0129066,1.0
0129067,1.0
0129059,0.0
0141001,1.0
0141002,0.0
0129060,1.0
0129061,0.0
0129062,0.0
0222214,1.0
1236030,1.0
0222221,1.0
0129064,1.0
1236031,1.0
0129065,0.0
1236032,1.0
0222245,1.0
0129068,1.0
0129069,0.0
0129070,0.0
0129071,1.0
0244003,1.0
0129072,1.0
0250054,1.0
0250055,1.0
0129073,1.0
1236033,1.0
0129074,1.0
0129075,1.0
0129076,0.0
1620011,0.0
0129077,0.0
1620012,0.0
0244006,1.0
0129079,0.0
0129080,1.0
0129081,1.0
0129082,1.0
0141086,1.0
0141087,0.0
0129083,0.0
0129084,1.0
0250070,1.0
0129085,0.0
1236039,1.0
0129086,1.0
0250265,1.0
0129087,1.0
0129088,1.0
0129089,1.0
0129090,1.0
0129091,1.0
0129092,0.0
0129093,1.0
0129094,0.0
0244147,1.0
0129095,1.0
0250277,1.0
0129096,1.0
0129097,1.0
0141003,1.0
0129098,1.0
0141004,1.0
0141005,0.0
0244148,1.0
0129099,1.0
0129100,1.0
0141088,0.0
0129901,1.0
0129902,1.0
0129903,0.0
0129904,0.0
0141006,0.0
0250281,1.0
0141007,1.0
0141008,0.0
0141009,0.0
0141019,0.0
0141010,0.0
0141011,1.0
0141012,1.0
0141013,0.0
1726163,0.0
0141014,0.0
0141015,0.0
0141016,0.0
0141017,0.0
0141018,1.0
0141020,1.0
0141021,1.0
0244025,1.0
0141022,0.0
0141092,1.0
0141023,0.0
0141024,1.0
0141029,0.0
0141030,0.0
0141025,0.0
0141031,1.0
0141032,0.0
0141033,0.0
0244226,1.0
0141026,0.0
0141027,0.0
0141028,0.0
0141034,0.0
0141044,0.0
0141045,0.0
0141035,0.0
0141036,0.0
0141037,0.0
0141038,0.0
0141039,0.0
0141040,1.0
0141041,1.0
0141042,1.0
0709451,1.0
0141043,0.0
0141046,1.0
0141054,0.0
0141055,1.0
0141047,1.0
0141048,0.0
0141049,1.0
0141061,0.0
0141050,1.0
0141051,0.0
0141052,0.0
0141053,0.0
1236040,1.0
1236041,1.0
0141901,0.0
0141056,0.0
0141057,1.0
0222008,1.0
0141058,0.0
0244227,1.0
0141059,0.0
0141060,0.0
0244228,1.0
0141062,0.0
0222067,1.0
0141063,0.0
0141084,0.0
0141085,1.0
0141064,0.0
0141065,1.0
0141066,0.0
0141067,0.0
0141068,1.0
0141069,1.0
0222075,1.0
0141070,0.0
0141071,0.0
0222079,1.0
0141072,0.0
0141073,1.0
1620048,0.0
0141074,0.0
0244063,1.0
0141075,1.0
0141076,0.0
0141077,1.0
0753052,0.0
0141078,0.0
0141079,0.0
0141080,0.0
0141081,0.0
0141082,0.0
0141083,0.0
0753011,0.0
1236048,1.0
0222089,1.0
0141089,1.0
0141090,0.0
0141091,1.0
1236049,1.0
0141093,1.0
0141094,0.0
0141095,1.0
0141096,1.0
0141097,1.0
0141098,1.0
0141099,0.0
0141100,0.0
0709454,1.0
0141101,0.0
0141102,1.0
0753012,0.0
1236053,1.0
0222095,1.0
0141902,0.0
0244229,1.0
0141903,0.0
0141904,0.0
0222009,1.0
0753053,0.0
0753054,0.0
0222001,1.0
0222002,1.0
0222003,1.0
0222011,1.0
0222012,1.0
0222004,1.0
0709455,1.0
0222006,1.0
0222007,1.0
0222014,1.0
0222015,1.0
0705117,1.0
0222016,1.0
0222017,1.0
0222022,1.0
0222018,1.0
0222019,1.0
0222021,1.0
0222023,1.0
0222024,1.0
0222025,1.0
0222045,1.0
0222027,1.0
0222028,1.0
0222029,1.0
0222032,0.0
0222035,1.0
0222036,1.0
0222050,1.0
0222051,1.0
0222037,1.0
0222096,1.0
0222039,1.0
0222052,1.0
0222040,1.0
0222041,1.0
0222042,1.0
0222043,1.0
0222061,0.0
0222044,1.0
0222046,1.0
0222047,1.0
0222106,1.0
0222107,1.0
0222048,1.0
0222049,1.0
0222053,1.0
0222054,1.0
0222055,1.0
0222057,1.0
0222058,1.0
0222059,1.0
0222060,1.0
0222062,1.0
0222063,1.0
0222066,1.0
0709456,1.0
0222068,1.0
0222080,1.0
0222081,1.0
0222069,1.0
0222072,1.0
0222074,1.0
1106055,1.0
0705141,1.0
0222076,1.0
0222077,1.0
0222082,1.0
0222078,1.0
0753013,0.0
1106056,1.0
0222084,1.0
0222083,1.0
0222085,1.0
0222090,1.0
0222094,1.0
0250071,1.0
0222099,1.0
0222102,1.0
0753014,0.0
0222103,1.0
1236054,1.0
0222105,1.0
0753015,0.0
1106057,0.0
0244080,1.0
0222109,1.0
0250196,1.0
0222110,1.0
1106058,1.0
0250075,0.0
0222111,1.0
0222112,1.0
0222178,1.0
0222113,1.0
0222114,1.0
0222115,1.0
0222127,1.0
0222116,1.0
0222117,1.0
0222181,1.0
0222119,1.0
0222122,1.0
0222124,1.0
0222125,1.0
0222126,1.0
0222128,1.0
0222135,1.0
0222129,1.0
0222130,1.0
0222131,1.0
0222133,1.0
1236055,1.0
0222139,1.0
0250078,1.0
0222136,1.0
0250083,1.0
0753016,0.0
0222137,1.0
0753017,0.0
0753018,0.0
0222141,1.0
0222142,1.0
0250198,1.0
0222143,1.0
0222156,1.0
0222157,1.0
0222144,1.0
0222149,1.0
0222150,1.0
0753019,0.0
0222151,1.0
0222155,1.0
0753020,0.0
1236056,1.0
1236057,1.0
1236058,1.0
1236059,1.0
1236060,1.0
1236061,1.0
1236901,1.0
1236902,1.0
1328001,1.0
1328002,1.0
1328003,1.0
0222160,1.0
0222158,0.0
0222165,1.0
0734001,1.0
1328004,1.0
1328005,1.0
1328006,1.0
1328007,1.0
1328008,1.0
1328009,0.0
0222184,1.0
0734015,1.0
0222170,1.0
0222172,1.0
0222173,1.0
1328010,1.0
1328011,1.0
0222174,1.0
0747073,1.0
0222175,1.0
1106059,0.0
1106060,1.0
0222186,1.0
0222182,1.0
0734032,1.0
0222187,1.0
0222190,1.0
0222193,1.0
0222188,1.0
0222195,1.0
0222189,1.0
0734033,1.0
0222197,1.0
0222199,1.0
1106061,0.0
1106062,1.0
0222200,1.0
0222201,1.0
0222203,1.0
0222204,1.0
1328012,0.0
1328013,0.0
0250084,1.0
0222205,1.0
0250085,1.0
0222207,1.0
0222222,1.0
0222208,1.0
0222209,1.0
0724113,1.0
0222215,1.0
0734034,1.0
0222217,1.0
0222218,1.0
0222220,1.0
0222223,1.0
0222226,1.0
0222227,1.0
0222225,1.0
0222229,1.0
0222230,1.0
0222232,1.0
0734116,1.0
0222235,1.0
0222236,1.0
0222239,1.0
0705171,1.0
0222246,1.0
0222247,1.0
0222248,1.0
0222249,1.0
0734120,1.0
0734121,1.0
0222250,1.0
0222251,1.0
0222253,1.0
0222252,1.0
0244031,1.0
0222254,1.0
0222902,1.0
0222901,1.0
0222903,1.0
0222906,1.0
0222907,1.0
0244032,1.0
0222904,1.0
0222905,1.0
1328014,1.0
1328015,0.0
1328016,1.0
1328017,1.0
0253049,0.0
0222908,1.0
0222909,1.0
0244035,1.0
0244001,1.0
0244002,1.0
0244004,1.0
0244005,1.0
0737218,1.0
0244007,1.0
0244008,1.0
0244009,1.0
0244010,1.0
0244014,1.0
0244011,1.0
0244018,1.0
0244012,1.0
0244019,1.0
0244013,1.0
0244016,1.0
0244020,1.0
0244017,1.0
0244021,1.0
0737219,1.0
0244022,1.0
0244023,1.0
0244024,1.0
0244026,1.0
0244036,1.0
0244037,1.0
0740126,1.0
0244027,1.0
0244040,1.0
0244028,1.0
0244029,1.0
0244033,1.0
0244034,1.0
0740127,1.0
0244038,1.0
0244039,0.0
0407065,1.0
0244041,1.0
0244042,1.0
0250090,1.0
0244043,1.0
0244045,1.0
0244044,1.0
0244046,1.0
0244047,1.0
0244048,1.0
0244061,1.0
0244049,1.0
0244050,1.0
0244051,1.0
0244052,1.0
0244053,1.0
0244062,1.0
0250091,1.0
0244054,1.0
0244055,1.0
0244056,1.0
0244059,0.0
0244060,1.0
0734179,1.0
0244064,1.0
0244065,1.0
0244066,1.0
0244067,1.0
0250108,1.0
0244068,1.0
0244070,1.0
0244071,1.0
0747025,1.0
0244074,1.0
1328024,1.0
0244075,1.0
0244124,1.0
0244076,1.0
0244077,1.0
0244082,1.0
0244084,1.0
0244085,1.0
0244087,1.0
0244088,1.0
0244086,1.0
0244089,1.0
0244090,1.0
0244092,1.0
0244093,1.0
0244094,1.0
0244096,1.0
0244103,1.0
0244097,1.0
0244099,1.0
0244100,1.0
0244101,1.0
0244102,1.0
0244105,1.0
0244106,1.0
0250111,1.0
0244107,1.0
0244108,1.0
0244111,1.0
0244109,1.0
0244110,0.0
0747026,1.0
0244113,1.0
0244128,1.0
0244114,1.0
0244115,1.0
0244117,1.0
0244129,1.0
0244118,1.0
0250117,1.0
0244119,1.0
0244120,1.0
0244121,1.0
0244130,1.0
0244122,0.0
0734180,1.0
0244125,1.0
0244126,1.0
0244127,1.0
0244131,1.0
0244132,1.0
0244133,1.0
0244135,1.0
0244142,1.0
0244136,1.0
0244137,1.0
0244138,1.0
0244141,1.0
0244143,1.0
0244146,1.0
0737259,1.0
0244144,1.0
0244145,1.0
0737266,1.0
0244149,1.0
0244150,1.0
0244151,1.0
0244152,1.0
0244197,1.0
0244153,1.0
0244155,1.0
0244154,1.0
0244156,1.0
0244157,1.0
1328025,0.0
1328026,1.0
0244158,1.0
1328027,1.0
1328028,0.0
0244159,1.0
0244160,1.0
1328029,0.0
0244161,1.0
0709117,1.0
0244163,1.0
0244164,1.0
1328030,1.0
1328031,0.0
0244165,1.0
0740093,1.0
0244167,1.0
0244168,0.0
0244169,0.0
0244171,1.0
0244174,1.0
0244172,1.0
0244173,1.0
0244175,1.0
0244176,1.0
1328032,1.0
0244178,1.0
0244177,1.0
0244198,1.0
1328033,1.0
1328034,0.0
0244180,1.0
0244179,1.0
1328035,0.0
1328036,1.0
1328037,1.0
0244184,1.0
0244185,1.0
0244181,1.0
0709337,1.0
0244182,1.0
0244183,1.0
0244189,1.0
0244190,1.0
1531094,0.0
0244191,1.0
0244192,1.0
0244193,1.0
0244199,1.0
0244194,1.0
0244195,1.0
0244196,1.0
0244200,1.0
1328038,0.0
1328039,1.0
0244201,1.0
0244203,0.0
1328040,1.0
1328041,1.0
1328042,1.0
1328043,1.0
0244205,1.0
1328044,0.0
1328045,1.0
0244209,1.0
0244206,1.0
0250209,1.0
0244210,1.0
0244211,0.0
0244212,1.0
0244213,1.0
0709338,1.0
0244215,1.0
0244216,1.0
0244218,1.0
0244217,1.0
0244219,1.0
0244221,1.0
0244222,1.0
0250190,1.0
0244223,1.0
0244224,1.0
0244225,1.0
0244230,1.0
0244231,1.0
0244232,1.0
0244236,1.0
0244234,1.0
0244235,1.0
0244238,1.0
0244239,1.0
0709339,1.0
0244240,1.0
0244241,1.0
0244243,1.0
0244244,1.0
0244245,1.0
0244246,1.0
0244247,1.0
0244249,1.0
0244250,1.0
0740094,1.0
0244251,1.0
0244252,1.0
0244256,0.0
0740095,1.0
0244257,1.0
0244262,1.0
0244258,0.0
0244263,1.0
0244260,1.0
0244261,1.0
1531088,1.0
0244268,0.0
0244264,1.0
0244265,1.0
0244266,1.0
0244267,0.0
1531089,1.0
0250001,1.0
0250002,1.0
0709279,1.0
0250003,1.0
0250004,1.0
0250006,1.0
0250007,1.0
0250214,1.0
0250008,1.0
0250009,0.0
0709280,1.0
0250011,1.0
0250012,1.0
0250013,1.0
0250016,1.0
1531090,0.0
0709281,1.0
0250017,1.0
0749013,1.0
0250018,1.0
0250020,1.0
0250021,1.0
0250027,1.0
0250022,1.0
0250023,1.0
0250024,1.0
0250025,1.0
1726129,1.0
0250026,1.0
0250029,1.0
0250036,1.0
0250030,1.0
0250033,1.0
0250031,1.0
0250034,1.0
0250032,1.0
0250035,1.0
0250215,1.0
0250037,1.0
0250039,1.0
0250038,1.0
0250040,1.0
0250041,1.0
0250042,1.0
0250043,1.0
0250044,1.0
0250045,1.0
0250046,1.0
0250052,1.0
0250047,1.0
0250048,1.0
0250050,1.0
0250051,1.0
0250056,1.0
0250057,1.0
0250058,1.0
0747078,1.0
0250059,1.0
0250060,1.0
0250061,1.0
0250062,1.0
0250063,1.0
0250064,1.0
0250065,0.0
0250066,1.0
0250067,1.0
0250068,1.0
0250069,1.0
0742054,1.0
0250072,1.0
0250073,1.0
0250074,1.0
0250076,1.0
0250077,1.0
0250079,1.0
0250080,1.0
0250081,1.0
0250082,1.0
0250086,1.0
0250118,1.0
0250087,1.0
0250088,1.0
0250089,1.0
0742060,1.0
0250092,1.0
0250093,1.0
0250094,1.0
0250095,1.0
0250096,1.0
0250121,1.0
0250098,1.0
0250099,1.0
0250100,1.0
0709403,1.0
0250101,1.0
0250102,1.0
0709405,1.0
0250104,1.0
1726132,0.0
0250105,1.0
0250106,1.0
1726134,0.0
0709417,1.0
0250107,1.0
0734202,1.0
0250109,1.0
0250110,1.0
0250113,1.0
0250114,1.0
0250115,1.0
0250116,1.0
0250119,1.0
0250120,1.0
0734204,1.0
0250122,1.0
0250124,1.0
0740097,1.0
0250123,1.0
0709119,1.0
1726146,0.0
0250128,1.0
0250247,1.0
0250125,1.0
0250126,1.0
0250248,1.0
0250129,1.0
0250130,1.0
0250140,1.0
0250131,1.0
0250132,1.0
0250133,1.0
0250134,1.0
0250135,1.0
1726147,0.0
1726148,0.0
0250136,1.0
0250137,1.0
0250138,1.0
0250139,1.0
0250142,1.0
0250143,1.0
0740118,1.0
0250144,1.0
0250146,1.0
0250250,1.0
0250251,1.0
0250147,1.0
0250148,0.0
0250149,1.0
0250154,1.0
0250150,1.0
0250151,1.0
1726149,1.0
0250152,1.0
1726150,0.0
0250153,1.0
0250161,1.0
0250155,1.0
0250156,1.0
0250157,1.0
1726160,0.0
0250159,1.0
0250160,1.0
0737165,1.0
0250164,1.0
0250165,1.0
0250166,1.0
0250167,1.0
0250168,1.0
0250223,1.0
0250169,1.0
1726151,1.0
0250170,1.0
1726152,1.0
1726153,0.0
0250171,0.0
1726154,1.0
0250172,1.0
0250173,0.0
0250174,1.0
1531091,0.0
0250175,1.0
0250177,0.0
0250178,1.0
0742084,1.0
0250179,1.0
0250180,1.0
0250191,1.0
0250181,1.0
0250182,1.0
0740119,1.0
0250183,1.0
0250184,1.0
0250185,1.0
0250195,1.0
0250186,1.0
0250187,1.0
0742093,1.0
0250192,1.0
0250193,1.0
0250194,1.0
1531093,0.0
0250199,1.0
0250197,1.0
0250200,1.0
0250201,1.0
0250202,1.0
0250203,1.0
0250204,1.0
0250205,1.0
0250206,1.0
0250207,1.0
0250208,1.0
0250210,1.0
0250216,1.0
0250211,1.0
0250212,1.0
0250213,1.0
0250217,1.0
0250218,1.0
0747079,1.0
0250219,1.0
0250220,1.0
0250221,1.0
0250222,1.0
0250224,1.0
1726155,1.0
0250229,1.0
0250230,1.0
0250225,1.0
0250227,1.0
0250228,1.0
0250232,1.0
0250233,1.0
0250234,1.0
0250235,1.0
0250236,1.0
0250237,1.0
0250238,1.0
0250241,1.0
0250242,1.0
0250246,0.0
0250243,1.0
0250244,1.0
0250245,1.0
0734132,1.0
1726158,1.0
0250249,1.0
0250252,1.0
0250253,1.0
0250254,1.0
0250255,1.0
0250256,1.0
0819091,1.0
0250257,1.0
0250258,1.0
0819092,1.0
0250262,1.0
1726012,1.0
0250263,1.0
0250264,1.0
0538049,1.0
0538050,0.0
0538051,0.0
0250266,1.0
0250267,1.0
0250268,1.0
0250269,1.0
0538052,1.0
0538053,1.0
0538901,1.0
0250270,1.0
0250271,1.0
0250272,1.0
0250273,1.0
0250274,1.0
0639001,1.0
1003044,1.0
0250275,1.0
0250276,1.0
0250278,1.0
0250279,1.0
0250280,1.0
0250282,1.0
0250283,1.0
0250284,1.0
1726162,1.0
0250285,1.0
0819095,1.0
0250286,1.0
0250288,1.0
0250287,1.0
0250289,1.0
0250290,1.0
0250291,1.0
0333018,0.0
0333019,0.0
0639003,0.0
0639004,0.0
0250292,1.0
1531095,0.0
0333034,0.0
0250293,1.0
0250294,1.0
1531096,0.0
0639005,1.0
0639006,1.0
0250295,1.0
0250296,1.0
0250297,1.0
0250298,1.0
1003025,1.0
0250901,1.0
1003026,1.0
0333005,1.0
0333006,1.0
0333007,1.0
0333008,0.0
0333009,0.0
0742100,1.0
0333010,0.0
0333011,0.0
0333012,0.0
1003019,1.0
0333013,0.0
0333014,0.0
0333015,0.0
0333016,1.0
0333017,1.0
0333020,1.0
0333021,0.0
1003020,1.0
0943029,0.0
0333022,0.0
0333023,0.0
0333024,1.0
0333025,0.0
0333026,0.0
0333027,0.0
0333028,0.0
0407035,1.0
0333029,1.0
0943030,0.0
0333030,0.0
0333031,1.0
1003021,0.0
0333032,0.0
0333033,0.0
0333035,0.0
0333036,0.0
0333037,1.0
0333038,0.0
0333039,0.0
1003022,1.0
0742106,1.0
0333040,0.0
0333041,0.0
0333042,0.0
0333043,0.0
0333044,1.0
0333045,0.0
0333046,0.0
0333047,0.0
0333048,0.0
0333049,0.0
0333050,0.0
0333051,0.0
1110001,1.0
0333052,0.0
0333053,0.0
1648031,0.0
0333054,0.0
0333055,1.0
0333056,0.0
1648032,0.0
1648033,0.0
1648034,0.0
1648035,0.0
1648036,1.0
1648037,0.0
1648038,0.0
0333057,0.0
0333058,0.0
0333059,1.0
0333060,0.0
0333061,0.0
0639048,1.0
0639049,1.0
0333062,0.0
0333064,0.0
0333065,0.0
0333066,1.0
0333063,0.0
0333067,0.0
0333068,0.0
1648051,0.0
1648052,0.0
1648053,0.0
0333069,0.0
0333070,1.0
1648090,0.0
0407009,1.0
0333071,1.0
1648908,0.0
0333072,0.0
0333073,0.0
0333074,0.0
0639055,1.0
0333075,1.0
0333076,0.0
0333077,0.0
0333078,0.0
0407001,1.0
0407002,1.0
0407003,1.0
1003045,0.0
0407004,1.0
0407005,1.0
0407006,0.0
0407007,1.0
0407008,1.0
0639084,1.0
0639085,1.0
1003023,1.0
1003024,1.0
0407012,1.0
0407013,1.0
0407014,1.0
0407015,0.0
0943057,0.0
0407010,1.0
0407011,1.0
0407016,1.0
0943065,0.0
0407017,1.0
0407018,1.0
0407019,0.0
0407020,1.0
0407021,1.0
0407022,1.0
0407023,0.0
0407024,0.0
0943066,1.0
0943067,1.0
0943068,0.0
0943069,0.0
0407025,1.0
0407026,1.0
1648909,0.0
1648910,0.0
1648911,0.0
0407027,1.0
0407028,1.0
1648912,0.0
1648913,0.0
1648914,0.0
1648915,0.0
0407029,1.0
0407030,1.0
0407031,1.0
0407032,0.0
0407033,1.0
0407034,1.0
0407036,0.0
0407037,0.0
1726001,1.0
0407056,1.0
0407057,1.0
0407038,1.0
0407039,0.0
0407040,1.0
1003027,1.0
0407041,1.0
0407042,1.0
0740005,1.0
0407043,1.0
1003028,1.0
1003029,1.0
0407044,1.0
1003030,1.0
1003031,1.0
0407045,1.0
0407046,1.0
1003032,1.0
0407047,1.0
0407048,1.0
1003033,1.0
1003034,1.0
0407049,1.0
0407050,1.0
0407051,1.0
0407052,0.0
0407053,1.0
0407054,1.0
0407055,1.0
0407058,0.0
0407059,0.0
0407060,1.0
0407061,1.0
0407062,1.0
0407063,1.0
0407064,0.0
0407901,1.0
0407902,0.0
0535001,1.0
0535002,0.0
0535003,1.0
0535004,1.0
0535005,1.0
0535006,1.0
0535007,1.0
0535008,1.0
0535009,1.0
0535010,0.0
0535011,1.0
0535012,1.0
0535013,1.0
0535014,1.0
0535015,1.0
0535016,1.0
0535017,0.0
1726013,1.0
0740047,1.0
0535018,1.0
0535019,1.0
0535020,1.0
0535021,1.0
0535022,1.0
0535023,1.0
0535024,0.0
0535025,1.0
0535026,1.0
0535027,1.0
0535028,1.0
0535029,1.0
0535030,0.0
0535031,1.0
0535032,1.0
0535033,1.0
0535034,1.0
0538001,1.0
0538002,0.0
0538003,0.0
0538004,1.0
0538005,1.0
0538006,1.0
0538007,1.0
0943094,0.0
0538008,1.0
0538009,1.0
0538010,1.0
0538011,1.0
0538012,1.0
0538013,0.0
0538014,1.0
0538015,0.0
0538016,1.0
0538017,1.0
0538018,1.0
0538019,1.0
0538020,1.0
0538021,1.0
0538022,0.0
0538023,1.0
0538024,1.0
0538025,1.0
0538026,1.0
0943107,0.0
0943108,0.0
0538027,0.0
0538028,1.0
0538029,1.0
0538030,1.0
0538031,0.0
0538032,1.0
0538033,1.0
0538034,0.0
0538035,1.0
0538036,0.0
0538037,0.0
0538038,1.0
0538039,1.0
0538040,1.0
0538041,1.0
0538042,1.0
0538043,1.0
0538044,1.0
0538045,1.0
0538046,1.0
0538047,1.0
0538048,1.0
0943028,1.0
0639100,1.0
0639002,1.0
0639007,0.0
0639008,0.0
0943031,0.0
1726015,1.0
0639009,1.0
0639010,1.0
0639011,1.0
1726016,1.0
0639012,1.0
1003035,1.0
0639013,1.0
0639014,1.0
0639015,1.0
1003036,1.0
1003037,1.0
0639016,1.0
0639017,0.0
0639018,1.0
0639019,1.0
0639020,1.0
0639021,0.0
0639022,1.0
0639023,1.0
0639024,1.0
0639025,1.0
1003038,1.0
0705001,1.0
0639026,1.0
0639027,1.0
0639028,1.0
0639029,1.0
0639030,1.0
0639031,0.0
0639032,0.0
1003039,1.0
0639033,1.0
0943032,0.0
0639034,1.0
0639035,0.0
0742177,1.0
0639036,1.0
0943033,0.0
0639037,1.0
0639038,0.0
0639039,1.0
0639040,1.0
0639041,1.0
1003040,1.0
1003041,1.0
0639042,0.0
0639043,1.0
0639044,0.0
0639045,1.0
1003042,1.0
0740139,1.0
0639046,1.0
0639047,0.0
0639050,1.0
0639051,1.0
0639052,0.0
0639056,1.0
0639053,1.0
0639054,1.0
1726020,1.0
0639057,1.0
1726037,1.0
0639059,0.0
0639060,1.0
0639061,1.0
0639058,1.0
1620030,0.0
0639062,1.0
0639063,1.0
1110014,1.0
0639069,1.0
0747099,1.0
0639064,1.0
1110015,1.0
0639065,1.0
0639066,1.0
0639067,1.0
1110016,1.0
0639068,1.0
1110017,1.0
0639070,1.0
1110047,1.0
0639074,0.0
0639075,1.0
0639071,1.0
0639072,1.0
1106103,1.0
0639073,1.0
0705008,1.0
1003043,1.0
0639078,0.0
0639079,0.0
0639080,0.0
0639076,1.0
0639077,1.0
0639081,1.0
0639082,1.0
0639083,1.0
0639086,0.0
0639087,0.0
0705010,1.0
0639088,0.0
0639089,1.0
0639090,1.0
0639091,0.0
0747041,1.0
0639092,1.0
1046104,1.0
0639093,1.0
0639094,1.0
0639095,1.0
0639096,0.0
0943034,0.0
0943035,0.0
0943036,0.0
0943037,0.0
0943038,0.0
0943039,0.0
0943040,0.0
0943041,0.0
0943042,0.0
0943043,0.0
0943044,1.0
0943045,0.0
0943046,0.0
0943047,1.0
0943048,1.0
0943049,1.0
1046105,0.0
1046106,1.0
0747100,1.0
0943050,1.0
0943051,1.0
0943052,0.0
0943053,0.0
0943054,0.0
0943055,1.0
0943056,1.0
0943058,0.0
0943059,0.0
0943060,1.0
0943061,0.0
0943062,0.0
0943063,0.0
0943064,0.0
0943070,0.0
0943071,1.0
0943072,0.0
0943073,0.0
1046107,1.0
0943074,1.0
0943075,0.0
0943076,0.0
0943077,0.0
0943078,0.0
0943079,0.0
0943080,0.0
0943081,0.0
0943082,0.0
0943083,0.0
0943084,0.0
0943085,0.0
0943086,0.0
0943088,1.0
0943089,0.0
0943090,0.0
0943091,0.0
0943092,1.0
0943093,1.0
0943095,1.0
0943096,0.0
1620062,1.0
1620063,0.0
1620064,0.0
0705012,1.0
0943097,0.0
1110048,1.0
1110049,1.0
0943098,0.0
0943099,0.0
0740228,1.0
0943100,1.0
0943101,0.0
0943102,0.0
1110051,1.0
0943103,0.0
0943104,0.0
0943105,0.0
0943106,0.0
0943109,1.0
0943110,0.0
1620065,0.0
0742191,1.0
0943111,1.0
1110052,1.0
0943112,0.0
1106100,0.0
0943113,0.0
0943114,0.0
0943115,0.0
0943116,0.0
0943117,0.0
0943118,0.0
0639097,0.0
0639098,1.0
0639099,1.0
0639101,1.0
0639102,1.0
0653072,0.0
0705002,1.0
0705005,1.0
0705007,1.0
0705013,1.0
0705014,1.0
0705015,1.0
0705016,1.0
0705017,1.0
0705018,0.0
0705019,1.0
0705021,1.0
1726048,1.0
0705022,1.0
0705023,1.0
0705024,0.0
0705027,1.0
0705029,1.0
0705124,1.0
0705030,1.0
1726049,1.0
0705035,1.0
0705033,1.0
0705034,1.0
1726050,1.0
0742192,1.0
0705036,1.0
0705038,1.0
0742193,1.0
0705037,1.0
0705046,1.0
0705047,1.0
0705039,0.0
0705048,1.0
0705089,1.0
0705040,1.0
0705055,1.0
0705041,1.0
0705042,1.0
0705043,1.0
0705044,1.0
0705045,1.0
0705049,1.0
0705051,1.0
0705056,1.0
0705057,1.0
0705052,1.0
1106114,0.0
0705125,1.0
0705053,0.0
0705054,1.0
0705058,1.0
0705061,1.0
0705059,1.0
0705060,1.0
1106115,0.0
0705062,1.0
0705063,0.0
0705064,1.0
0705069,1.0
0705070,1.0
0705065,1.0
0705066,1.0
0705067,1.0
0705073,1.0
0705074,1.0
0705090,1.0
0705075,1.0
0705076,1.0
0705079,1.0
0705080,1.0
0705081,1.0
0705082,1.0
0705083,1.0
0705086,1.0
0705087,1.0
0705088,1.0
0705104,1.0
0705092,1.0
0705093,1.0
0705094,1.0
0705095,1.0
0705096,1.0
0705109,1.0
0705097,1.0
0705099,1.0
0705100,1.0
0705101,1.0
0705102,1.0
0705103,0.0
0705105,1.0
0705106,1.0
0705107,0.0
0705108,1.0
1726051,1.0
0705110,1.0
0742207,1.0
0705112,1.0
0705113,1.0
0705114,1.0
0705126,1.0
0943119,0.0
0705116,0.0
0705127,1.0
0705115,1.0
0943120,0.0
0943121,0.0
0943122,0.0
0943123,0.0
0742208,1.0
0705118,1.0
1726052,0.0
0705119,0.0
0705120,1.0
1531042,1.0
0705123,1.0
0705121,1.0
0705122,1.0
0705128,1.0
0705129,1.0
0705130,1.0
0705131,1.0
0705140,1.0
0705132,1.0
0705133,1.0
0705134,1.0
1531043,0.0
0747042,1.0
0705135,1.0
0705136,0.0
0747222,1.0
0705138,1.0
0705139,0.0
0705142,1.0
1531044,0.0
0705143,1.0
0705144,1.0
0705145,1.0
0705151,1.0
0705147,1.0
0705148,1.0
0705149,1.0
0749190,1.0
0705152,1.0
0705153,0.0
0705158,0.0
0705154,1.0
0705155,1.0
1232022,1.0
0705156,1.0
0705157,1.0
0705159,0.0
1232031,1.0
0705160,1.0
0705161,1.0
1531045,0.0
0705169,1.0
0705162,1.0
0705163,0.0
0705164,1.0
0705165,1.0
0705166,1.0
0705167,1.0
0705168,0.0
1726053,1.0
0705172,1.0
0705178,1.0
0749197,0.0
0705173,1.0
0705174,1.0
0709173,1.0
0705175,1.0
1726062,1.0
0705260,1.0
0705176,1.0
0705177,1.0
0705261,1.0
0705179,1.0
0705180,1.0
0705181,1.0
0705186,1.0
0705182,1.0
0705183,1.0
0705184,1.0
0705185,1.0
1726063,1.0
0749199,1.0
0705187,1.0
0705188,1.0
0705189,1.0
0705264,0.0
0705190,1.0
0705191,1.0
0705265,1.0
0705192,1.0
0705193,1.0
0705222,1.0
0705194,1.0
1232033,1.0
0705195,1.0
0705196,1.0
0705197,1.0
0705198,1.0
0705199,1.0
0705200,0.0
0705201,1.0
0705204,1.0
0705205,1.0
0705206,1.0
0943124,0.0
0943125,0.0
0705207,1.0
0705208,1.0
0705209,1.0
0705210,1.0
0705211,1.0
0705212,1.0
0705213,1.0
0705214,0.0
0705215,1.0
0705232,1.0
0705216,1.0
0705217,1.0
0709012,1.0
0705218,1.0
0705219,1.0
0709013,1.0
0705220,1.0
0705221,1.0
0705224,1.0
0705225,1.0
0705226,1.0
0749014,1.0
0705227,1.0
0705228,0.0
0705231,1.0
0705229,1.0
0705230,0.0
0943126,1.0
0705233,1.0
0705234,0.0
0705235,1.0
0705236,1.0
0705237,0.0
0705242,1.0
0705238,1.0
0705239,1.0
0705249,1.0
0705240,1.0
0705241,1.0
0709179,1.0
1110053,1.0
0705251,1.0
0705266,1.0
0705243,1.0
0705244,0.0
0705245,1.0
0705246,1.0
0705247,1.0
0705252,1.0
0705253,1.0
0705254,1.0
0705256,1.0
0705259,1.0
0705257,1.0
0705258,1.0
0705262,1.0
0705263,1.0
1232036,1.0
0705267,1.0
0709003,1.0
0705901,1.0
1232037,1.0
0709006,1.0
0705902,1.0
0705903,1.0
0705904,0.0
0705905,1.0
0709001,1.0
0709009,1.0
0709010,1.0
0709016,1.0
0749015,1.0
1046108,1.0
0709017,1.0
1726166,1.0
0709011,1.0
1046109,1.0
1046110,1.0
1046111,1.0
1726167,1.0
0709014,1.0
0749203,1.0
0709018,1.0
0749204,1.0
0709020,1.0
0709021,1.0
0709022,1.0
0709029,1.0
0709023,1.0
0709024,1.0
0709025,1.0
0819319,1.0
0709026,1.0
0709027,1.0
1046112,1.0
0709032,1.0
0709033,1.0
0709030,1.0
1046113,1.0
1046114,1.0
0709034,1.0
0709035,1.0
0709036,1.0
0709258,1.0
1046119,1.0
0709039,1.0
0709041,1.0
0819324,1.0
0709037,1.0
0709038,1.0
0749081,1.0
0709043,1.0
0709044,1.0
1046125,1.0
1046120,1.0
0709045,1.0
0709046,1.0
0709047,1.0
0709048,1.0
0709054,1.0
0709050,1.0
0709051,1.0
0709052,1.0
0709055,1.0
1046121,1.0
1046122,1.0
0709056,1.0
0709057,1.0
0709058,1.0
0709059,1.0
0709060,1.0
0709061,1.0
0709062,1.0
0709063,1.0
0709064,1.0
0709065,1.0
0709066,1.0
0709067,1.0
0709071,1.0
1046123,1.0
0709072,1.0
0709074,1.0
0709075,1.0
0709076,1.0
0709077,1.0
0709078,1.0
0709083,1.0
0709084,1.0
0709085,1.0
0709265,1.0
0709086,1.0
0709088,1.0
0709090,1.0
0709091,1.0
0709093,1.0
0709094,1.0
0709095,1.0
0709098,1.0
0709100,1.0
0709101,0.0
0709102,0.0
0709103,1.0
0709104,1.0
0709105,1.0
0709108,1.0
0709109,1.0
0709110,1.0
0709112,1.0
1046124,1.0
0709113,1.0
0709114,1.0
0709120,1.0
0709122,1.0
0709123,1.0
0709273,1.0
0709124,1.0
1232038,1.0
1232039,1.0
0709125,1.0
0709127,1.0
0709128,1.0
0709129,1.0
0709130,1.0
0709131,1.0
0709132,1.0
0709133,0.0
0709137,1.0
0709134,1.0
0709135,1.0
0709136,1.0
0709138,0.0
1232045,1.0
0709140,1.0
0709141,1.0
0709143,1.0
0709144,1.0
0709148,1.0
0709149,1.0
0709151,1.0
0709152,1.0
0709162,1.0
1046126,1.0
0709283,1.0
0709163,1.0
0709164,1.0
0709287,1.0
0709166,1.0
0709167,1.0
0709168,1.0
0709288,1.0
0709169,1.0
0709170,1.0
0709172,1.0
0709174,1.0
0709180,1.0
0709309,1.0
0709175,1.0
0709176,1.0
0709177,1.0
0709178,1.0
0709310,1.0
0709181,1.0
0709182,1.0
0709183,1.0
1046127,1.0
1046128,1.0
0709192,1.0
0709194,1.0
0709195,1.0
0709311,1.0
0709189,1.0
0709196,1.0
0709190,1.0
0709191,1.0
0709197,1.0
0709198,1.0
0709199,1.0
0709200,1.0
0709201,1.0
0709202,1.0
0709206,1.0
0709225,1.0
0709208,1.0
0709209,1.0
1046129,1.0
0709230,1.0
0709211,1.0
0709213,1.0
1046130,1.0
1046131,1.0
0709214,1.0
1046133,1.0
0709215,1.0
1046134,0.0
1046135,0.0
0709312,1.0
0709216,1.0
0709231,1.0
0709217,1.0
0709218,1.0
0709219,1.0
0709220,1.0
0709221,1.0
0709223,1.0
0709224,1.0
0709226,1.0
0709227,1.0
0709228,1.0
0709229,1.0
1046136,1.0
0709232,1.0
0709242,1.0
0709235,1.0
0709236,1.0
0709238,1.0
0709239,1.0
0709241,1.0
0709246,1.0
0709247,1.0
0747080,1.0
0709248,1.0
0709249,1.0
1046137,1.0
0709250,1.0
1046138,1.0
0709329,1.0
0709251,1.0
0709253,1.0
0709255,0.0
1110063,1.0
1110064,1.0
0709256,1.0
0709257,1.0
0709259,1.0
0709261,1.0
0709262,1.0
1232046,1.0
0709266,1.0
0709267,0.0
0709268,1.0
0709269,1.0
0709274,1.0
0709270,1.0
0709272,1.0
0709275,0.0
0709276,1.0
0709277,1.0
0709289,1.0
0709292,1.0
0709294,1.0
0709295,1.0
0709297,1.0
0709334,1.0
0709298,1.0
0709301,1.0
0709302,1.0
0709388,1.0
0709303,1.0
0709304,1.0
0709472,1.0
0709306,1.0
0709307,1.0
0709308,1.0
0709314,1.0
0709315,1.0
0709356,1.0
0709316,1.0
0709317,1.0
0709318,1.0
0709321,1.0
0709323,1.0
0709325,1.0
0709326,1.0
0709327,1.0
0709328,1.0
1046139,1.0
0709335,1.0
0709330,1.0
0709332,1.0
0709340,1.0
0709343,1.0
0709345,1.0
0749088,1.0
0709346,1.0
1046140,1.0
0709350,1.0
0709347,1.0
0709348,1.0
0709351,1.0
0709352,1.0
0709353,1.0
0709354,1.0
0709358,1.0
0709360,1.0
0709368,1.0
0749105,1.0
0709361,1.0
0709362,1.0
0709363,1.0
0709365,1.0
0709366,1.0
0709369,1.0
0709372,1.0
0709375,1.0
0709377,1.0
0709373,1.0
0709374,0.0
0709378,1.0
0709380,1.0
0709381,1.0
0709384,1.0
0709386,1.0
0709387,1.0
0819325,1.0
0709389,1.0
1046141,1.0
0709392,1.0
0709390,1.0
0709391,1.0
0709394,1.0
0709400,1.0
0709395,1.0
0709396,0.0
0709398,0.0
0709406,1.0
0709407,1.0
0709408,1.0
0709418,1.0
0709409,1.0
0709410,1.0
0709419,1.0
0709411,1.0
0709412,1.0
1046142,1.0
0709413,1.0
0709473,1.0
0709414,1.0
0709425,1.0
0709415,1.0
0709416,0.0
0709421,1.0
0709422,1.0
0709423,1.0
0709424,1.0
0709483,1.0
0943127,0.0
0709428,1.0
0709427,1.0
0709429,1.0
0709430,1.0
0709440,1.0
0709431,1.0
0709485,1.0
0709432,1.0
0709433,1.0
0709434,1.0
0709437,1.0
0709438,1.0
0709439,1.0
0747138,1.0
0709441,1.0
0709442,1.0
0709448,1.0
0709443,0.0
0709444,1.0
0709445,1.0
0709446,1.0
0709447,1.0
0709449,0.0
0709450,1.0
0709458,1.0
0709460,1.0
0709464,1.0
0709463,1.0
0709466,1.0
0709467,1.0
0709471,1.0
0709476,1.0
0709478,1.0
0709480,0.0
0709482,1.0
0709901,1.0
0709902,1.0
0709903,1.0
0709904,1.0
0709905,1.0
1110065,1.0
0709906,1.0
0753004,0.0
0709907,1.0
1046143,1.0
0709908,1.0
0753005,0.0
0753021,0.0
0753022,0.0
0753023,0.0
0753027,0.0
0753024,0.0
0753025,0.0
0753026,0.0
0753028,0.0
0753073,0.0
0724001,1.0
0724003,1.0
0724004,1.0
0724005,1.0
0724006,1.0
0724008,0.0
0724009,1.0
0724010,1.0
0747147,1.0
0724011,1.0
0724018,1.0
0724012,1.0
0724014,1.0
0724015,1.0
1046144,1.0
1046145,1.0
0724016,1.0
0724017,1.0
0724019,1.0
0724020,1.0
1046146,1.0
1046147,0.0
0724022,1.0
0724021,1.0
0724023,1.0
0724024,1.0
0724025,1.0
1046150,1.0
0724028,1.0
0724029,1.0
0724026,1.0
0724027,1.0
0724030,1.0
0724031,1.0
0724032,1.0
1531145,0.0
0724033,1.0
0724034,1.0
0724038,1.0
0724036,1.0
0724039,1.0
0724037,1.0
0749249,1.0
0724040,1.0
0724041,1.0
0724042,1.0
0724043,1.0
0724044,1.0
0724046,1.0
0724047,1.0
0724073,1.0
0724049,1.0
0724050,1.0
0724051,1.0
0749259,1.0
0724052,1.0
0724053,1.0
0724054,1.0
0724055,1.0
1046151,1.0
1046152,1.0
0724056,1.0
0724057,1.0
0724058,1.0
0724059,1.0
0724060,1.0
0724061,1.0
0724062,1.0
0724063,1.0
0724064,1.0
0724065,1.0
1046153,1.0
0724066,1.0
1046155,1.0
0724078,1.0
0724067,1.0
0724068,1.0
0724069,1.0
1046156,1.0
0724070,1.0
0724071,1.0
0724117,1.0
0724074,0.0
0724076,1.0
0724077,1.0
0943128,0.0
0724081,1.0
0724079,1.0
0724080,1.0
1531046,1.0
0724084,1.0
0724118,1.0
0724083,1.0
1531048,0.0
0724086,1.0
0724087,1.0
0724088,1.0
1531047,0.0
0724089,1.0
0724090,1.0
0724091,1.0
0724092,1.0
0724093,1.0
0724094,1.0
0724095,1.0
0724096,1.0
0724102,1.0
0724103,1.0
0724097,1.0
0724098,1.0
0724099,1.0
0724100,1.0
0724101,1.0
0724104,1.0
0724105,1.0
0724107,1.0
0724106,1.0
0724119,1.0
0724108,1.0
0724112,1.0
0724109,1.0
0724110,1.0
0724114,1.0
1110071,1.0
0724115,1.0
0724124,1.0
0724116,1.0
0724120,1.0
1110072,1.0
0724121,1.0
0724129,1.0
0724122,1.0
0724123,1.0
0724125,1.0
0724127,1.0
1046157,1.0
0724131,1.0
0724130,1.0
0943131,1.0
1046158,1.0
0724133,1.0
0724132,1.0
0724156,1.0
0724134,1.0
0724136,1.0
0724137,1.0
0724139,1.0
0724141,1.0
0724142,0.0
0724143,1.0
0724144,1.0
0724145,1.0
0724146,1.0
0724148,1.0
0724149,1.0
0724150,1.0
0724151,1.0
0724157,1.0
0724152,1.0
0802002,1.0
0724153,1.0
0724154,1.0
0724155,1.0
0802003,1.0
0724158,1.0
0724159,1.0
0724163,1.0
0943132,0.0
0943133,1.0
0724160,1.0
0724161,1.0
0943134,0.0
0724162,1.0
0724164,1.0
0724165,1.0
0724166,1.0
0724167,1.0
0724168,1.0
1046159,0.0
0724169,1.0
0943135,0.0
0724170,1.0
0943136,0.0
0943137,1.0
0943138,0.0
0943139,0.0
1046165,1.0
0724171,1.0
0819174,1.0
0724172,1.0
0724173,1.0
0724174,1.0
0724175,1.0
0724176,1.0
1046160,1.0
1046161,1.0
0724177,1.0
0724178,1.0
0724179,1.0
0943140,1.0
0943141,0.0
0943142,0.0
0724180,1.0
0724190,1.0
0724181,1.0
0724182,1.0
0724191,1.0
0724183,1.0
0819182,1.0
0724184,1.0
0724185,1.0
1046163,1.0
0724187,1.0
1046162,1.0
0724188,1.0
0724189,1.0
0742001,1.0
0724193,1.0
0724194,1.0
0724196,1.0
0724197,1.0
0724198,1.0
0724199,1.0
0724201,1.0
0724214,1.0
0724202,1.0
0724203,1.0
0724205,1.0
0734019,1.0
0724206,1.0
0724207,1.0
0724209,1.0
0724210,1.0
0724211,1.0
0734042,1.0
0724212,1.0
0724213,1.0
0734045,1.0
0724215,1.0
1726103,1.0
0724223,1.0
0724216,1.0
1726104,1.0
0724217,1.0
0724218,1.0
0724219,1.0
0724221,1.0
0724222,1.0
0742030,1.0
0724224,1.0
0724225,1.0
1046164,1.0
0724226,1.0
0724227,1.0
0734035,1.0
0724228,1.0
0724902,1.0
0724229,1.0
0724230,1.0
0724901,1.0
0753051,0.0
0734003,1.0
0734004,1.0
0734005,1.0
0734006,1.0
0734009,1.0
0734010,1.0
0734011,1.0
0734012,1.0
0734017,1.0
0734018,1.0
0734020,1.0
0734023,1.0
0734024,1.0
0734022,1.0
0734025,1.0
0734027,1.0
0734028,1.0
0734029,1.0
0734031,1.0
0734036,1.0
0734041,1.0
0734037,1.0
0734038,1.0
0734039,1.0
0734046,1.0
0734047,1.0
0734048,1.0
0734049,1.0
0734066,1.0
0734050,1.0
0734051,1.0
0734052,1.0
0734053,1.0
0734073,1.0
0734055,1.0
0734056,1.0
0734057,1.0
0734058,1.0
0734059,1.0
0734096,1.0
0734060,1.0
0734061,1.0
0734062,1.0
0734063,0.0
0734067,1.0
0734068,1.0
0734101,0.0
0734069,1.0
0734133,1.0
0734070,1.0
0734071,1.0
0734072,1.0
0734074,1.0
0734076,1.0
0734102,1.0
0734077,1.0
0734079,1.0
0734103,1.0
0734080,1.0
0734081,1.0
0734082,1.0
0734083,1.0
0734084,1.0
0734104,1.0
0734086,1.0
0734087,1.0
0734134,1.0
0734088,1.0
0734089,1.0
0734091,1.0
0734092,1.0
0734093,1.0
0734094,1.0
0734098,1.0
0734099,1.0
0734100,1.0
0734106,1.0
0734107,1.0
0734110,1.0
0734112,1.0
0734108,1.0
0734109,1.0
0734113,1.0
0734114,1.0
0734122,1.0
1046166,1.0
0734140,1.0
0734123,1.0
0734124,1.0
0734125,1.0
0734126,1.0
0734127,1.0
0734129,1.0
0734130,1.0
0734131,1.0
0734135,1.0
0747001,1.0
0734136,1.0
0734137,1.0
0734139,1.0
0734141,1.0
0734143,1.0
0734146,1.0
0734147,1.0
0734149,1.0
0734151,1.0
0734152,1.0
0734154,1.0
0734155,1.0
0734156,1.0
1232047,1.0
0734158,1.0
0734157,1.0
1232055,1.0
1232056,1.0
0734159,1.0
0734160,1.0
0734161,1.0
0734163,1.0
0734165,1.0
0734167,1.0
0734175,1.0
0734168,1.0
0734169,1.0
0734170,1.0
1232074,1.0
0734176,1.0
0734171,1.0
0734174,1.0
0734177,1.0
0734178,1.0
0734181,1.0
0734182,1.0
0734184,1.0
0734185,1.0
0734186,0.0
0734189,1.0
0734190,1.0
0734192,1.0
0734196,1.0
0734201,1.0
0734199,1.0
0734205,1.0
0734206,1.0
0734208,1.0
0734210,1.0
0734211,1.0
0734213,0.0
0734214,1.0
0734215,1.0
0734216,1.0
0734217,1.0
0734218,1.0
0734220,1.0
0734221,1.0
0734224,1.0
0734222,1.0
0734223,1.0
1046167,1.0
0734227,1.0
0734225,1.0
0734228,1.0
0734229,1.0
0734230,1.0
0734231,1.0
0734232,1.0
0734233,1.0
0737036,0.0
0734234,1.0
0734236,1.0
0734237,1.0
0734238,1.0
0734240,1.0
0734241,1.0
0734242,1.0
0734243,1.0
1046168,1.0
0737044,1.0
0734245,1.0
0734246,1.0
1046169,0.0
1046170,1.0
0734901,1.0
0734902,1.0
0734903,1.0
0734904,1.0
0737001,1.0
0737090,1.0
0737002,1.0
0737013,1.0
0737003,1.0
0737004,0.0
0737034,1.0
0737100,1.0
0737005,1.0
0737006,1.0
0737007,0.0
0737008,1.0
0737009,1.0
0737010,1.0
0737011,1.0
0737012,1.0
0737014,1.0
0737015,1.0
0737016,1.0
0737017,1.0
0737018,1.0
0737019,1.0
0737110,1.0
0737020,1.0
1046171,0.0
1046172,1.0
0737021,1.0
0737022,1.0
0737023,1.0
0737024,1.0
0737025,1.0
1046173,1.0
0737026,1.0
0737027,1.0
0737028,1.0
1046174,1.0
1046175,1.0
0737029,1.0
1046176,1.0
0737030,1.0
0737031,1.0
0737035,1.0
0737032,0.0
0737033,1.0
0737037,1.0
0737038,1.0
0747229,1.0
0737039,1.0
0737040,1.0
0737041,1.0
0737042,1.0
0737045,1.0
1046177,1.0
0737112,0.0
0737046,1.0
1046178,1.0
0737207,1.0
0737047,1.0
0737049,0.0
0737050,1.0
0737051,0.0
1012095,1.0
0737052,1.0
1046179,1.0
1046180,1.0
1046181,1.0
0737054,1.0
1726105,1.0
0737055,0.0
1046183,1.0
0737056,1.0
0737057,1.0
0737058,1.0
1232075,1.0
0737059,1.0
0737060,1.0
1110083,1.0
0737061,0.0
0737062,1.0
0737063,1.0
0737065,0.0
0737067,0.0
1110086,1.0
0737068,1.0
0737069,1.0
0737070,1.0
0737071,1.0
0819329,1.0
0737072,1.0
0737073,1.0
0737074,1.0
0737077,1.0
0737078,1.0
0737079,0.0
0737080,1.0
0737081,1.0
1110091,1.0
0737082,1.0
1232077,1.0
0737083,1.0
1046184,1.0
0737085,1.0
1232078,1.0
0737086,1.0
0737087,1.0
1232079,1.0
0737088,1.0
0737089,1.0
0737091,1.0
0737092,1.0
0737096,1.0
0737097,1.0
0737098,1.0
0737099,1.0
0737101,1.0
0737102,1.0
0737114,1.0
0737103,1.0
0737104,1.0
1046185,1.0
0737115,1.0
0737106,1.0
0737107,1.0
1046186,1.0
0737108,1.0
0737109,1.0
1046187,1.0
1046189,1.0
0737113,1.0
1046188,1.0
0737116,0.0
1046191,1.0
1046192,1.0
0737117,1.0
1046193,0.0
0737118,0.0
1046194,0.0
0737119,1.0
1046195,1.0
0737120,0.0
0737121,1.0
0737122,1.0
0737124,1.0
0737125,1.0
1003017,1.0
0737126,1.0
1046196,1.0
1726106,0.0
1003018,1.0
0737127,1.0
0737128,1.0
0737129,1.0
0737130,1.0
0737131,1.0
1726138,1.0
0737132,1.0
0737133,1.0
0737134,1.0
1003046,1.0
1003047,1.0
0737135,1.0
0737136,1.0
0737137,0.0
0737138,0.0
0737139,1.0
0737140,1.0
1232084,1.0
0737141,1.0
1003048,1.0
1003049,1.0
1003050,1.0
0737142,1.0
0737143,1.0
1003051,1.0
0737144,0.0
1003052,1.0
1726139,0.0
0737145,1.0
0737146,1.0
1726140,0.0
0737147,0.0
0737148,0.0
0737149,1.0
0737150,0.0
0737151,0.0
0737152,1.0
0737154,1.0
0737155,1.0
0737156,1.0
0737157,0.0
1726141,0.0
0737158,1.0
1726144,0.0
0737159,1.0
1046197,1.0
0737160,1.0
0737161,1.0
0737162,1.0
0737163,1.0
0737164,1.0
0737166,1.0
1046198,1.0
0737172,1.0
0737167,1.0
0737168,1.0
0737176,1.0
0737169,0.0
0737170,1.0
0737171,1.0
0737173,1.0
1046199,1.0
0737188,1.0
0737174,1.0
0737175,0.0
0737177,1.0
0737178,1.0
0737191,1.0
0737212,1.0
0737179,1.0
0737180,1.0
0737196,1.0
0737181,1.0
0737182,1.0
1046200,1.0
0737183,1.0
0737184,0.0
0737185,1.0
0737186,1.0
1046203,1.0
0737187,1.0
0737189,1.0
0737190,1.0
1236027,1.0
0737192,1.0
0737193,0.0
0737194,1.0
0737195,1.0
0737197,0.0
0737198,1.0
0737201,1.0
0737199,1.0
0737200,1.0
0737202,1.0
0737203,1.0
0737204,0.0
0737205,1.0
0737206,1.0
0737208,1.0
0737213,1.0
0737209,1.0
0737214,1.0
0737211,1.0
0737215,1.0
1046251,1.0
0737216,1.0
0737217,1.0
1046252,1.0
1726145,0.0
0737222,1.0
0737221,1.0
0749024,1.0
1046253,1.0
1046254,1.0
0737224,1.0
0737225,1.0
0737223,0.0
0737231,1.0
0737226,1.0
0737228,1.0
0737229,1.0
1236037,1.0
1236038,1.0
0737232,1.0
0737233,1.0
0737230,1.0
0737251,1.0
0737234,0.0
0737235,1.0
0737236,1.0
1236044,1.0
1236045,1.0
0737237,1.0
0737238,1.0
0749029,1.0
0737239,1.0
0737240,1.0
0737241,1.0
1328019,1.0
1328020,1.0
1328021,1.0
0737242,1.0
1328048,0.0
0737243,1.0
0737244,1.0
0737252,0.0
0737245,1.0
0737246,1.0
0737247,1.0
0737248,1.0
0737249,1.0
0737250,1.0
0737253,1.0
0737254,1.0
0737255,0.0
0737256,1.0
0737257,1.0
1620075,0.0
0737258,1.0
0737260,1.0
0737261,1.0
0737268,1.0
0737262,1.0
0737263,1.0
0737275,0.0
0737264,1.0
0737265,1.0
0737267,0.0
0737269,1.0
0737298,1.0
0737270,1.0
0737271,1.0
1620076,0.0
0737272,1.0
0737273,1.0
0737274,1.0
0737276,1.0
1601043,0.0
0737299,1.0
0737277,0.0
0737278,1.0
0737279,1.0
1601902,0.0
0742039,1.0
0737280,1.0
0737281,1.0
0737282,1.0
0737283,0.0
0737284,1.0
0737285,1.0
0742041,1.0
0737286,1.0
0737287,0.0
0737288,1.0
0737289,1.0
1653001,0.0
0737290,1.0
1046255,1.0
1046256,1.0
0737291,1.0
0737292,1.0
0737293,1.0
0737305,1.0
0737294,1.0
1110096,1.0
0737296,1.0
0737297,1.0
0742042,1.0
0742043,1.0
0737300,1.0
0737301,1.0
0737350,1.0
0737302,1.0
1110106,1.0
0737304,1.0
0737303,1.0
1110122,1.0
1110129,1.0
0737310,1.0
1531223,1.0
0737306,1.0
0737333,1.0
0737307,1.0
0737309,1.0
0737311,1.0
0737312,1.0
0737367,1.0
1003053,0.0
0737349,1.0
0737313,1.0
0742044,1.0
0742045,1.0
0737314,0.0
0737315,1.0
0742050,1.0
0737316,1.0
0737317,1.0
0740006,1.0
0737318,1.0
0737319,1.0
1620020,0.0
0737320,1.0
1620021,0.0
0740029,1.0
0737321,0.0
0737322,1.0
1620023,0.0
0740048,1.0
0737323,1.0
1003054,1.0
0737324,1.0
0737325,0.0
0737327,1.0
0737328,1.0
0737329,1.0
1003055,1.0
0737330,1.0
0737331,1.0
0737332,1.0
0737334,1.0
0737335,1.0
0740049,1.0
0737336,1.0
0737337,1.0
1620024,0.0
0737338,1.0
1620025,0.0
1620026,0.0
0737339,0.0
0737340,1.0
0737341,1.0
0737342,1.0
0737343,1.0
1620077,0.0
0737344,1.0
1531222,0.0
0737345,1.0
1110130,1.0
1110131,1.0
0737346,1.0
1110137,1.0
0737347,1.0
0737348,1.0
0737351,1.0
1110152,1.0
0737352,0.0
1110153,1.0
0737353,1.0
1110154,1.0
1110155,1.0
0737354,1.0
0737355,1.0
0737356,1.0
0737357,1.0
0737358,1.0
0737359,1.0
0737360,1.0
0737361,1.0
1110156,1.0
0737362,1.0
1110157,1.0
0737363,0.0
1648005,0.0
1648006,0.0
0737364,1.0
1648014,0.0
0737372,1.0
0737365,1.0
0737366,1.0
1648026,0.0
0737368,0.0
0737369,0.0
0737371,1.0
0737370,1.0
0737373,1.0
0737374,1.0
0737375,1.0
0737376,1.0
1003056,1.0
0737377,1.0
0737382,1.0
0737378,1.0
0737379,1.0
0737380,1.0
0737381,1.0
0740001,1.0
0740002,1.0
0740003,1.0
1003057,1.0
0740004,1.0
0740007,1.0
0740008,1.0
0740009,1.0
0740010,1.0
0740012,1.0
0740013,1.0
0740014,1.0
0740015,1.0
0740016,1.0
0740017,1.0
0740018,1.0
0740019,1.0
0740020,1.0
0740021,1.0
0740022,1.0
0740024,1.0
0740060,1.0
0740025,1.0
0740026,1.0
0740028,1.0
0740030,1.0
0740031,1.0
0740032,1.0
0740033,1.0
0740034,1.0
0740035,1.0
0740051,1.0
0740036,1.0
0740037,1.0
0740039,1.0
0740043,1.0
0740040,1.0
0740041,1.0
0740044,1.0
0740045,1.0
0740046,1.0
0740052,1.0
0740053,1.0
0740055,1.0
0740056,1.0
1003075,1.0
1003076,1.0
0740059,1.0
0740054,1.0
0740057,1.0
0740058,1.0
0740072,1.0
0740061,1.0
0740062,1.0
0740063,1.0
0740065,1.0
0740068,1.0
0740069,1.0
0740070,1.0
0740071,1.0
0740073,1.0
0740074,1.0
0740075,1.0
0740080,1.0
0740076,1.0
0740077,1.0
0740078,1.0
0740079,1.0
0740083,1.0
0740084,1.0
0740086,1.0
0740087,1.0
0740088,1.0
0740089,1.0
0740091,1.0
0740092,1.0
0740099,1.0
0740100,1.0
0740101,1.0
0740103,1.0
0740104,1.0
0740105,1.0
0740120,1.0
0740106,1.0
0740107,1.0
0740108,1.0
0740109,1.0
1003077,1.0
1003078,1.0
0740110,1.0
0740111,1.0
0740112,1.0
0740125,1.0
0740113,1.0
0740115,1.0
0740121,1.0
0740122,1.0
0740123,1.0
0740124,1.0
0740128,1.0
0740129,1.0
0740130,1.0
0740140,1.0
0740131,1.0
0740132,1.0
0740134,1.0
0740135,1.0
0740141,1.0
0740142,1.0
0740136,1.0
0740138,1.0
0740177,1.0
0740143,1.0
0740144,1.0
1003079,0.0
0740145,1.0
0740146,1.0
0740148,1.0
0740149,1.0
0740150,1.0
0740151,1.0
0740152,1.0
0740154,1.0
1003080,1.0
0740178,1.0
0740155,1.0
0740156,1.0
0740157,1.0
0740158,1.0
0740159,1.0
0740160,1.0
0740161,1.0
0740162,1.0
0740163,1.0
0740164,1.0
0740165,1.0
0740166,1.0
0740168,1.0
0740170,1.0
0740171,1.0
1110158,1.0
0740172,1.0
0740173,1.0
0740174,1.0
0740176,1.0
0740179,1.0
0740180,1.0
0740182,1.0
0740181,1.0
0740183,1.0
0740184,1.0
1110174,1.0
0740186,1.0
0740185,1.0
1110175,1.0
0740188,1.0
0740189,1.0
0740192,1.0
0740190,1.0
0740191,1.0
0740193,1.0
0740194,1.0
0740195,1.0
0740196,1.0
0740204,1.0
0740198,1.0
0740199,1.0
0740200,1.0
0740201,1.0
0740202,1.0
1003081,0.0
1003082,1.0
1003083,0.0
0740203,1.0
0740205,1.0
1003084,1.0
0740210,1.0
0740206,1.0
0740207,1.0
0740220,1.0
0740208,1.0
0740221,1.0
0740211,1.0
0740212,1.0
0740213,1.0
0740224,1.0
0740214,1.0
0740215,1.0
0740216,1.0
0740218,1.0
0740219,1.0
0740222,1.0
0740223,1.0
1003085,1.0
0740225,1.0
0740229,1.0
0740230,1.0
0740231,1.0
1003086,1.0
0740233,1.0
0740234,1.0
0740901,1.0
0740902,1.0
0740903,1.0
0740904,1.0
1003088,1.0
0740905,1.0
0740906,1.0
0753074,0.0
0742003,1.0
1003089,1.0
1003090,1.0
0742051,1.0
0742004,1.0
1003091,1.0
0742006,1.0
0742007,1.0
0742052,1.0
0742008,1.0
0742009,1.0
0742010,1.0
0742011,1.0
0742012,1.0
0742013,1.0
0742014,1.0
0742015,1.0
0742016,1.0
0742017,1.0
0742018,1.0
0742021,1.0
0742019,1.0
1003092,1.0
0742025,1.0
0742020,1.0
0742026,1.0
0742022,1.0
0742023,0.0
0742024,1.0
0742027,1.0
0742028,1.0
0742029,1.0
0742031,1.0
0742032,1.0
0742033,1.0
0742034,1.0
0742038,1.0
0742053,1.0
0742035,1.0
0742036,1.0
0742037,1.0
0742046,1.0
0742048,1.0
0742049,1.0
0742055,1.0
0742056,1.0
0742154,1.0
0742057,1.0
0742058,1.0
0742059,1.0
0742061,1.0
0742062,1.0
0742063,1.0
0742064,1.0
0742065,1.0
0742068,1.0
0742069,1.0
0742070,1.0
0742071,1.0
0742073,1.0
0742075,1.0
0742076,1.0
0742078,1.0
0742079,1.0
0742080,1.0
0742081,1.0
0742082,1.0
0742083,1.0
0742085,1.0
0742086,1.0
0742087,1.0
0742088,1.0
0742089,1.0
0742090,1.0
0742092,1.0
0742094,1.0
1531226,1.0
0742095,1.0
0742096,1.0
0742097,1.0
0742098,1.0
0742103,1.0
0742105,1.0
0742107,1.0
0742108,1.0
0742110,1.0
0742111,1.0
1531229,1.0
0742115,1.0
0742113,1.0
1531230,0.0
0742116,1.0
0742117,1.0
0742118,1.0
1531231,0.0
1531232,1.0
0742119,1.0
1531233,0.0
0742120,1.0
0742124,1.0
0742121,1.0
0742123,1.0
0742125,1.0
0742127,1.0
0742128,1.0
0742140,1.0
0742129,1.0
0742130,1.0
0742131,1.0
0742141,1.0
0742132,0.0
0742142,1.0
0742134,1.0
0742135,1.0
0742139,1.0
1531234,1.0
0742145,1.0
0742148,1.0
0742159,1.0
0742144,1.0
1601008,0.0
1003093,1.0
0742152,1.0
0742153,0.0
0742149,1.0
0742151,1.0
0742155,1.0
0742156,1.0
0742157,1.0
0742158,1.0
0742160,1.0
0742161,1.0
0742162,1.0
0742172,1.0
0742173,1.0
0742163,1.0
0742164,1.0
0742165,1.0
0742166,1.0
0742167,1.0
0742168,1.0
0742171,1.0
0742174,1.0
0742175,1.0
0742176,1.0
0742178,1.0
0742181,1.0
0742182,1.0
0742183,1.0
0742184,1.0
0742185,1.0
0742213,1.0
0742187,1.0
0742188,1.0
0742189,1.0
0742190,1.0
0742194,1.0
0742195,1.0
1601011,0.0
0742196,1.0
0742197,1.0
0742198,1.0
0742200,1.0
0742201,1.0
0742202,1.0
0747012,1.0
0742204,1.0
0742205,1.0
0742206,1.0
1003094,1.0
1003095,1.0
0742209,1.0
0742211,1.0
0742212,1.0
0742215,1.0
0742216,1.0
0742217,1.0
0742218,1.0
0742219,1.0
0753075,0.0
0747002,1.0
0747003,1.0
0747004,1.0
0747005,1.0
0747006,1.0
0747013,1.0
0747007,1.0
0747008,1.0
0747009,1.0
0747010,1.0
0747011,1.0
0747014,1.0
0747015,1.0
0747016,1.0
0747019,1.0
0747017,1.0
0747018,1.0
0747022,1.0
0747023,1.0
0747024,1.0
0747027,1.0
0747028,1.0
0747029,1.0
0747030,1.0
0747031,1.0
0747032,1.0
0747033,1.0
0747034,1.0
0747035,1.0
0747036,1.0
0747037,1.0
0747038,1.0
0747039,1.0
0747040,1.0
0747043,1.0
0747044,1.0
0747124,1.0
0747045,1.0
0747046,1.0
0747125,1.0
0747047,1.0
0747048,1.0
0747049,1.0
0747126,1.0
0747050,1.0
0747051,1.0
0747061,1.0
0747052,1.0
0747053,1.0
0747054,1.0
0747055,1.0
0747056,1.0
0747057,1.0
0747058,1.0
0747059,1.0
0747060,1.0
0747069,1.0
0747062,1.0
0747063,1.0
0747064,1.0
0747065,1.0
0747066,1.0
0747067,1.0
0747068,1.0
0747074,1.0
0747075,1.0
0747081,1.0
1003096,0.0
0747082,1.0
0747083,1.0
0747076,1.0
0747077,1.0
1003097,1.0
0747087,1.0
0747088,1.0
0747084,1.0
0747085,1.0
0747089,1.0
0747086,1.0
0747095,1.0
0747090,1.0
0747091,1.0
0747096,1.0
0747092,1.0
0747093,1.0
0747094,1.0
0747097,1.0
0747098,1.0
0747101,1.0
0747102,1.0
0747149,1.0
0747103,1.0
1003098,1.0
1003099,1.0
0747104,1.0
0747105,1.0
0747106,1.0
0747109,1.0
0747110,1.0
0747111,1.0
0747112,1.0
1003100,0.0
0747113,1.0
1003101,1.0
0747114,1.0
0747115,1.0
0747116,1.0
0747117,1.0
0747176,1.0
0747118,1.0
0747119,1.0
0747137,0.0
0747121,1.0
1110177,1.0
0747122,1.0
0747123,1.0
0747127,1.0
0747128,1.0
0747131,1.0
0747132,1.0
0747129,1.0
0747130,1.0
0747133,1.0
0747134,1.0
0747135,1.0
0747177,1.0
0747139,1.0
0747140,1.0
0747141,1.0
0747142,1.0
0747143,1.0
0747148,1.0
0747144,1.0
0747145,1.0
0747146,1.0
0747150,1.0
0747151,1.0
0747152,1.0
0747178,1.0
1227001,1.0
0747153,1.0
0747154,1.0
0747155,1.0
0747156,1.0
0747157,1.0
0747162,0.0
0747158,1.0
0747159,1.0
0747163,1.0
0747160,1.0
1110179,1.0
1110180,1.0
0747161,1.0
0747180,1.0
1110191,1.0
0747164,1.0
0747166,1.0
1003102,1.0
0747167,1.0
0747165,1.0
0747169,1.0
0747170,1.0
0747171,1.0
1215083,1.0
1215084,1.0
1215085,1.0
0747172,1.0
0747173,1.0
1215086,1.0
1215087,1.0
0749090,1.0
0747174,1.0
1046257,1.0
1215090,1.0
1215091,1.0
1215092,1.0
1215093,1.0
0747175,1.0
1046258,1.0
1215901,1.0
1215902,1.0
0747179,1.0
0747181,1.0
0747182,1.0
0747183,1.0
0747192,1.0
0747184,1.0
0747185,1.0
0747186,1.0
0747187,1.0
0747188,1.0
0747189,1.0
0747190,1.0
0747191,1.0
0747193,1.0
0747194,1.0
0747230,1.0
0747195,1.0
0747196,1.0
0749009,1.0
0747197,1.0
0747198,1.0
0747199,1.0
0749010,1.0
0747200,1.0
0747203,1.0
0747204,1.0
0747205,1.0
0747206,1.0
0747207,1.0
0747208,1.0
0747209,1.0
0747210,1.0
0747211,1.0
0747217,1.0
0747212,1.0
0747213,1.0
0747214,1.0
0747215,1.0
0747216,1.0
0747221,1.0
0747218,1.0
0747219,1.0
0747220,1.0
0747223,1.0
0747224,1.0
0747225,1.0
0749011,1.0
0747226,1.0
0747227,1.0
0747228,1.0
0747231,1.0
0747232,1.0
0749002,1.0
0749003,1.0
0749004,1.0
1227062,1.0
0749005,1.0
0749006,1.0
0749012,1.0
0749007,1.0
0749008,1.0
0749016,1.0
0749017,1.0
0749117,1.0
0749018,1.0
0749019,1.0
0749020,1.0
0749021,0.0
0749022,1.0
1003104,1.0
0749030,1.0
0749023,1.0
0749025,1.0
0749026,1.0
0749027,1.0
0749028,1.0
0749031,1.0
0749032,1.0
0749038,1.0
0749033,1.0
0749034,1.0
0749035,1.0
0749039,1.0
0749036,1.0
0749037,1.0
0749040,1.0
0749041,1.0
0749042,1.0
0749047,1.0
0749043,1.0
0749044,1.0
0749046,1.0
0749048,1.0
0749050,1.0
0749052,1.0
1046259,1.0
0749054,1.0
0749053,1.0
1046260,1.0
0749055,1.0
0749056,1.0
0749057,1.0
0749058,1.0
0749059,1.0
0749062,1.0
0749063,1.0
0749067,1.0
0749064,1.0
1046261,1.0
0749065,1.0
0749066,1.0
0749068,1.0
0749069,1.0
1046262,0.0
0749076,1.0
0749071,1.0
0749075,1.0
0749077,1.0
0749078,1.0
0749079,1.0
0749080,1.0
0749082,1.0
0749083,1.0
0749084,1.0
0749085,1.0
0749086,1.0
0749087,1.0
0749091,1.0
0749092,1.0
0749093,1.0
0749100,1.0
0749094,1.0
0749098,1.0
0749095,1.0
0749096,1.0
0749097,1.0
0749099,1.0
0749101,1.0
0749102,1.0
0749103,1.0
1046263,1.0
0749104,1.0
1046902,1.0
0749107,1.0
0749108,1.0
0749109,1.0
0749110,1.0
0749111,1.0
0749112,1.0
0749113,1.0
0749114,1.0
0749115,1.0
0749116,1.0
0749118,1.0
0749119,1.0
0749120,1.0
0749159,1.0
0749121,1.0
0749122,1.0
0749136,0.0
0749123,1.0
1106013,0.0
1106014,0.0
1106015,1.0
1106016,1.0
0749124,1.0
0749125,1.0
0749137,1.0
0749126,1.0
0749127,1.0
0749128,1.0
0749129,1.0
0749130,1.0
0749131,1.0
0749132,1.0
0749133,1.0
0749150,1.0
0749134,1.0
0749135,1.0
0749138,1.0
0749139,1.0
0749160,1.0
0749141,1.0
0749142,1.0
0749143,1.0
0749145,1.0
0749146,1.0
0749147,1.0
0749148,1.0
0749149,1.0
0749151,1.0
0749152,1.0
0749153,1.0
0749154,1.0
0749155,1.0
0749169,1.0
0749156,1.0
0749157,1.0
0749158,1.0
0749162,1.0
1227901,1.0
1227902,1.0
0749163,1.0
0749164,1.0
0749165,1.0
0749170,1.0
0749166,1.0
0749167,1.0
0749168,1.0
0749171,1.0
0749172,1.0
0749173,1.0
0749174,1.0
0749175,1.0
0749176,1.0
0749177,1.0
0749178,1.0
0749184,1.0
0749179,1.0
0749180,1.0
0749185,1.0
0749181,1.0
0749183,1.0
0749186,1.0
1726165,0.0
0749187,1.0
0749188,1.0
0749189,1.0
0749191,1.0
0749192,1.0
0749193,1.0
0749194,1.0
0749200,1.0
0749201,1.0
0749202,1.0
0749205,1.0
0749206,1.0
0749224,1.0
0749207,1.0
0749208,1.0
1726168,1.0
0749209,1.0
0749210,1.0
1726169,1.0
0749225,1.0
0749214,1.0
0749216,1.0
0749219,1.0
0749220,1.0
0749221,1.0
0749222,1.0
0749223,1.0
0749226,1.0
0749227,1.0
0749228,1.0
0749229,1.0
0749230,1.0
0749231,1.0
0749232,1.0
0749233,1.0
0749236,1.0
0749248,1.0
0749234,1.0
1726170,1.0
0749235,1.0
0749237,1.0
0749238,1.0
0749239,1.0
0749240,1.0
0749241,1.0
0749246,1.0
0749242,1.0
0749243,1.0
0749244,1.0
0749245,1.0
1232001,1.0
0749247,1.0
0749250,1.0
1232012,1.0
0749251,1.0
0749252,1.0
0749255,1.0
0749256,1.0
0749257,1.0
0749258,1.0
0749260,1.0
0749261,1.0
0802010,0.0
0749262,1.0
0749263,1.0
1232014,1.0
0749264,1.0
0749265,1.0
0749266,1.0
0749267,1.0
0749268,1.0
0749269,1.0
0749270,1.0
0749271,1.0
0749272,1.0
0749273,1.0
0749275,1.0
0802001,1.0
0802004,0.0
0802025,0.0
0802005,0.0
0802006,0.0
0802007,0.0
0802008,0.0
0802009,0.0
1531188,0.0
1106017,1.0
0802027,0.0
1106159,0.0
0802011,0.0
0802012,0.0
1003105,0.0
0802028,0.0
0802029,0.0
0802013,0.0
0802030,0.0
1106160,0.0
0802014,0.0
0802015,0.0
0802016,0.0
0802017,0.0
0802018,0.0
0802019,0.0
0802020,0.0
0802021,0.0
0802022,1.0
0802023,0.0
0802024,0.0
0802026,0.0
1726171,0.0
0802033,0.0
1003106,1.0
0802032,0.0
0802031,0.0
1726172,0.0
0802034,0.0
0802035,0.0
0802036,0.0
0802037,0.0
0802038,0.0
0802039,0.0
0802040,0.0
0802041,0.0
0802042,0.0
1726173,0.0
0802043,0.0
0802054,0.0
0802055,0.0
0802044,0.0
0802056,0.0
0802045,0.0
0802046,0.0
0802047,0.0
1106020,1.0
0802048,0.0
0802049,0.0
0802050,0.0
0802051,0.0
1726174,0.0
0802052,0.0
0802053,0.0
0816140,1.0
1003107,1.0
0802060,0.0
0802057,0.0
0802058,0.0
0802059,0.0
0802061,0.0
0802062,0.0
0802066,0.0
0802063,1.0
0802064,0.0
0802065,0.0
1726175,1.0
0802068,0.0
0802069,0.0
0816031,1.0
0802067,0.0
1012029,1.0
0802083,0.0
0816153,1.0
0816154,1.0
0802070,0.0
0802071,0.0
0802072,0.0
0802073,0.0
0802074,0.0
1012031,1.0
0802075,0.0
0802076,0.0
0802077,0.0
0802078,0.0
0802079,0.0
0802080,0.0
0802081,0.0
0802082,0.0
0802084,0.0
0813030,0.0
0813031,0.0
0802085,0.0
0802086,0.0
1012039,1.0
1012040,1.0
0802901,0.0
1726176,0.0
0853003,0.0
0813001,0.0
1106021,1.0
1106022,1.0
1106023,1.0
0813002,0.0
0813003,1.0
0813004,1.0
0813005,1.0
0816155,0.0
0813006,0.0
1106025,1.0
1106026,0.0
0813007,0.0
0813008,1.0
0813009,0.0
0813010,0.0
0813011,1.0
0813032,1.0
0813012,0.0
0813013,0.0
0816156,1.0
0813014,1.0
0813015,0.0
0813016,1.0
0813017,0.0
0813018,0.0
0813019,1.0
0813020,1.0
0813021,0.0
0813022,0.0
0816174,1.0
0813023,0.0
0813024,1.0
1106027,0.0
1106028,1.0
0813025,1.0
0813026,0.0
0813027,1.0
0813028,1.0
0813029,0.0
0813033,1.0
0813034,0.0
0813035,1.0
0813036,0.0
0813037,1.0
0813043,0.0
0819183,1.0
0813038,1.0
0813039,0.0
0813040,1.0
0813041,0.0
0813042,0.0
1106032,0.0
1106033,0.0
0813044,1.0
0813076,0.0
0813077,0.0
0813078,0.0
0813079,0.0
0813045,0.0
0813046,0.0
0813047,1.0
0813048,0.0
0813049,0.0
1232018,1.0
0813050,1.0
1531208,1.0
0813051,0.0
0813052,0.0
0813053,0.0
0813054,0.0
0813055,0.0
0813056,0.0
0813057,1.0
0813058,1.0
0813059,0.0
0816036,1.0
0813060,0.0
0813061,0.0
0813062,1.0
0813063,0.0
0813064,0.0
0813065,1.0
0813066,0.0
0816038,1.0
0813067,1.0
0813068,1.0
0813069,1.0
0813070,1.0
0813071,1.0
0813072,1.0
1601022,1.0
0813073,0.0
0813074,0.0
0813075,0.0
1012043,1.0
0813904,0.0
0813080,1.0
0813081,1.0
0813082,0.0
1012044,1.0
0813083,1.0
0813084,1.0
0813085,1.0
1601023,0.0
0813086,1.0
0813087,1.0
0813088,0.0
1012045,1.0
0813089,1.0
0813090,1.0
1012046,1.0
0813091,0.0
0819277,1.0
0813092,1.0
1601032,0.0
0813093,0.0
1601033,0.0
1601034,0.0
0813094,1.0
1601041,0.0
0813095,0.0
0813096,1.0
0813097,1.0
0813098,1.0
0813901,0.0
0813902,0.0
0816087,1.0
0813903,0.0
0816001,1.0
0816002,1.0
0816003,1.0
0816007,1.0
0816004,1.0
0816005,1.0
0816006,1.0
0816008,1.0
0816009,1.0
0816010,1.0
0816011,1.0
0816012,1.0
0816013,1.0
0816014,1.0
0816030,1.0
0816015,1.0
1531212,0.0
0816016,1.0
0816017,1.0
0816018,1.0
0816019,1.0
0816020,0.0
0816049,1.0
0816022,1.0
0816023,1.0
0816024,1.0
0816025,1.0
0816101,1.0
0816026,1.0
0816027,1.0
0816029,1.0
1531217,0.0
0816032,1.0
0816033,1.0
0816034,1.0
0816035,1.0
0816039,1.0
0816040,1.0
1531219,0.0
0816041,1.0
0816042,1.0
0816043,1.0
0816044,1.0
0816045,1.0
1012048,1.0
0816046,1.0
0816047,1.0
0816048,1.0
0816050,1.0
0816051,1.0
0816058,0.0
0816052,1.0
1106038,0.0
0816053,1.0
0819332,1.0
0816055,1.0
1726179,1.0
0819333,1.0
0816056,1.0
0816057,1.0
0816060,1.0
0816061,1.0
0816062,1.0
0816063,1.0
0816064,1.0
1726180,1.0
0816067,1.0
0816065,1.0
0816066,1.0
0816068,1.0
1012049,1.0
0816073,1.0
0816070,1.0
0816071,1.0
0816072,1.0
0816081,1.0
0816082,1.0
1106039,1.0
0816085,1.0
0816086,1.0
0819221,0.0
0816074,1.0
0816078,1.0
0816079,1.0
0816083,0.0
0816084,1.0
0816088,1.0
1106040,0.0
0816089,1.0
0816091,1.0
1106041,1.0
0816092,1.0
1106042,1.0
0816093,1.0
0816094,1.0
0816095,1.0
0816096,1.0
1106043,0.0
1106044,0.0
1106045,0.0
0816097,1.0
0816098,1.0
0816099,0.0
0816100,1.0
0816102,1.0
0816128,0.0
0816103,1.0
0816104,1.0
1726181,1.0
0816106,1.0
0816107,1.0
1726183,1.0
0816108,1.0
0816109,1.0
0816110,1.0
0816111,1.0
0816112,1.0
0816113,1.0
0816129,1.0
0816115,1.0
0816116,1.0
0816117,1.0
0816118,1.0
0816135,1.0
0816119,1.0
0816121,1.0
0816122,1.0
0816123,1.0
0816124,1.0
0816125,1.0
1106046,0.0
0816126,1.0
0816130,1.0
0816131,0.0
0816132,1.0
0816133,1.0
0816134,0.0
0816137,1.0
0816139,1.0
0816141,1.0
0816146,1.0
0816142,1.0
0816143,1.0
0816145,1.0
0816148,1.0
0816149,1.0
1106047,0.0
1106048,0.0
0816150,1.0
0816151,1.0
0816152,0.0
0816157,1.0
0816160,1.0
0816161,1.0
0816158,0.0
0816159,1.0
0816162,1.0
0816165,1.0
0816166,1.0
0816167,1.0
0816169,1.0
0816170,1.0
0816171,1.0
0816172,1.0
0816173,1.0
0816175,1.0
0816176,1.0
0816188,1.0
0816177,1.0
0816181,1.0
0816185,1.0
0816186,1.0
0816187,1.0
0816199,1.0
0816189,1.0
0816190,0.0
0816191,1.0
0816192,1.0
0816193,1.0
0816217,1.0
1012050,1.0
1012051,1.0
0816224,1.0
0816194,1.0
0819122,1.0
0816195,1.0
1012052,1.0
0816196,1.0
0819224,1.0
0816197,1.0
1012053,1.0
0819246,1.0
0816198,1.0
0819133,0.0
0816202,1.0
1012055,1.0
0819107,1.0
0816203,1.0
0816204,1.0
0816205,1.0
0816206,0.0
0816209,1.0
0816211,1.0
0819134,1.0
0816212,1.0
0816213,0.0
0816215,1.0
0816216,1.0
0816218,1.0
0816219,1.0
0816225,1.0
0816227,1.0
0816228,1.0
0816231,1.0
0816234,1.0
0819250,1.0
0816236,1.0
0816237,1.0
0816238,1.0
0816239,1.0
0816275,0.0
0816240,1.0
0816242,1.0
0816245,1.0
0816243,1.0
0816244,1.0
0816246,1.0
0816247,1.0
0816266,1.0
0816248,1.0
1012056,1.0
0816249,1.0
0816250,1.0
0816251,1.0
0816253,1.0
0816254,1.0
0816255,1.0
0845032,1.0
0816258,1.0
0816259,1.0
0816263,1.0
0816273,1.0
0816264,1.0
0816265,1.0
0816269,1.0
0816270,1.0
1012057,1.0
0816271,1.0
0816272,1.0
0816274,1.0
0819208,1.0
0816276,1.0
1012058,1.0
0816906,1.0
0816277,1.0
1012059,1.0
1012060,1.0
0816278,1.0
0816279,1.0
0816280,1.0
0816901,1.0
0816902,1.0
0816903,1.0
1531049,1.0
1531050,0.0
0816904,1.0
0816905,1.0
1531051,0.0
0816908,0.0
1531052,0.0
0819001,1.0
0816909,1.0
0816910,1.0
0819002,1.0
0819003,1.0
0819004,1.0
0819008,1.0
0819005,1.0
0819006,1.0
0819007,1.0
0819009,1.0
0819010,1.0
0819011,1.0
0819013,1.0
0819015,1.0
0819016,1.0
0819017,0.0
0819018,1.0
0819019,1.0
0819020,0.0
1012061,1.0
0819027,1.0
0819021,1.0
0819022,1.0
1531053,0.0
0819023,1.0
0819024,1.0
0819034,1.0
0819031,1.0
1531056,1.0
0819036,1.0
0819032,1.0
0819033,1.0
0819037,1.0
0819038,1.0
0917203,0.0
0819039,1.0
0819040,1.0
0819061,1.0
0819041,1.0
0819042,1.0
0819070,1.0
0819071,1.0
0819043,1.0
1012063,1.0
0819044,1.0
1012064,1.0
0819045,1.0
1531057,0.0
0819046,1.0
0819047,0.0
0819048,1.0
0819049,1.0
0819050,1.0
0819209,1.0
0819051,1.0
0819052,1.0
0819053,1.0
0819057,1.0
0819054,1.0
0819055,1.0
0819213,1.0
1012065,1.0
0819059,1.0
0819060,1.0
1012067,1.0
0819058,1.0
0819064,1.0
0819065,1.0
0819066,1.0
0819067,0.0
0819076,1.0
0819073,1.0
0819074,1.0
0819075,1.0
0819078,1.0
0819079,1.0
0819087,1.0
0819080,1.0
0819081,1.0
0819082,1.0
0819086,1.0
0819088,1.0
0819089,1.0
0819090,1.0
0819096,1.0
0819097,1.0
0819098,1.0
0819099,1.0
0819102,1.0
0819103,1.0
0819104,1.0
0819105,1.0
0819106,1.0
0819108,1.0
0819109,1.0
0819110,1.0
0819111,1.0
0819112,1.0
0819114,1.0
0819113,1.0
0917204,0.0
0819115,1.0
0819116,1.0
0819117,1.0
0819118,1.0
0819119,1.0
1531058,0.0
0819121,1.0
0819120,1.0
0819123,1.0
0819124,1.0
0819125,1.0
0819126,1.0
0819127,1.0
0819129,1.0
0819130,1.0
0819132,1.0
0819135,1.0
0819136,1.0
0819139,1.0
0819138,1.0
0819153,1.0
0819142,1.0
0819143,1.0
0819145,0.0
0819146,1.0
0819147,1.0
0819148,1.0
0819150,1.0
0819151,1.0
0819152,1.0
0819154,1.0
0819155,1.0
1531059,1.0
0819156,1.0
0819157,1.0
0819159,1.0
0819160,1.0
0819161,1.0
0819162,1.0
0819163,1.0
1531060,1.0
1531061,0.0
0819165,1.0
0819172,1.0
0819166,1.0
0819167,1.0
0819168,1.0
0819169,1.0
1106116,1.0
0819170,1.0
0819173,1.0
0819171,1.0
0819175,1.0
0819176,1.0
0819177,1.0
0819178,1.0
0819179,1.0
0819181,1.0
0819184,1.0
0819185,1.0
0819220,1.0
0819186,0.0
0819187,1.0
0819188,1.0
0819193,1.0
0819189,1.0
1106118,0.0
0819190,1.0
0819191,1.0
0819192,1.0
0819194,1.0
1106119,0.0
0819195,1.0
0819196,1.0
0819197,1.0
0819198,0.0
0819202,1.0
0819199,1.0
0819200,0.0
0819201,1.0
0819203,1.0
0819204,1.0
0819210,1.0
1012068,1.0
0819211,1.0
0819212,1.0
0819214,1.0
1012069,1.0
1012070,1.0
0819215,1.0
1012083,1.0
1012084,1.0
1012085,1.0
0819216,1.0
0819217,1.0
0819218,1.0
0819219,1.0
0819222,1.0
0819223,1.0
0819225,1.0
0819226,1.0
0819227,1.0
0819228,1.0
0819229,1.0
1012087,1.0
0819230,1.0
0819231,1.0
1012088,1.0
1012089,0.0
0819232,1.0
0819233,1.0
0819234,1.0
0819235,1.0
0819256,1.0
0819237,1.0
0819238,1.0
0819257,1.0
0845141,1.0
0819239,1.0
0819240,1.0
0819241,1.0
0819242,1.0
0819243,1.0
0819261,0.0
0819244,1.0
1012090,1.0
1012091,1.0
0819245,1.0
0819247,1.0
0819248,1.0
0819249,1.0
1012120,1.0
0819251,1.0
0819254,1.0
0819252,1.0
0819255,0.0
0819258,1.0
0819259,1.0
0819260,1.0
1012092,1.0
0819263,1.0
0819267,1.0
0819262,1.0
0819264,1.0
0819268,1.0
0819265,1.0
0819266,1.0
1012094,1.0
0819269,1.0
0819270,1.0
0819271,0.0
0819272,1.0
0819274,1.0
0819278,1.0
0819279,1.0
0819283,1.0
0819280,1.0
0819281,0.0
0819282,1.0
0819284,1.0
0819285,1.0
0819286,1.0
0819287,1.0
0819290,1.0
0819288,1.0
0819289,1.0
1328091,1.0
0819296,1.0
0819291,1.0
0819293,1.0
0819294,1.0
1328092,1.0
0819297,1.0
0819298,1.0
0819302,1.0
0819299,1.0
1328102,1.0
1328104,1.0
1328106,0.0
1328107,1.0
1328108,1.0
0819303,1.0
0917087,0.0
0819300,1.0
0819301,1.0
1328109,1.0
0819304,1.0
0819305,1.0
0819306,1.0
0819318,1.0
0819307,1.0
0819308,1.0
0819309,1.0
0819310,1.0
0819311,1.0
0819314,1.0
0819317,1.0
0819321,1.0
0819322,1.0
0819323,1.0
0819326,1.0
0819327,1.0
0819330,1.0
0819331,1.0
0819334,1.0
0819335,1.0
0845005,1.0
0819901,1.0
0853047,0.0
0845001,1.0
1012097,1.0
0845002,1.0
0845004,0.0
0845003,1.0
0845039,0.0
0845006,1.0
0845007,1.0
0845015,1.0
0845008,0.0
1531146,0.0
0845009,1.0
0845010,0.0
0845011,0.0
1531147,1.0
0845012,1.0
0845013,1.0
0845014,1.0
0845016,1.0
0845017,1.0
1531148,0.0
0845018,0.0
0845022,1.0
0845019,0.0
0845025,1.0
0845020,1.0
0845021,1.0
0845026,1.0
0845023,1.0
0845024,0.0
0845027,0.0
0845028,1.0
0845029,1.0
0845030,1.0
0845031,1.0
0845033,0.0
1531069,0.0
0845034,1.0
0845035,0.0
0845036,0.0
1003001,1.0
0845037,0.0
0845038,1.0
0908241,0.0
0908242,0.0
0845040,1.0
0845041,1.0
1531070,0.0
0845060,0.0
0845042,1.0
1106128,1.0
0845043,1.0
1531071,0.0
0845045,0.0
0845046,0.0
0845047,1.0
1106129,1.0
0845048,0.0
1012099,1.0
0845049,0.0
0845050,1.0
0845159,1.0
0845051,1.0
0845052,1.0
0845053,1.0
0845054,1.0
0845055,0.0
0845056,1.0
0845057,1.0
0845058,0.0
1012098,1.0
0845059,1.0
1012100,1.0
0845062,0.0
0845061,1.0
0845063,0.0
0845064,1.0
0845065,0.0
1012101,1.0
0845066,1.0
0845067,1.0
0845068,0.0
1531072,1.0
0845073,1.0
0845088,1.0
0845069,1.0
1531073,0.0
0845070,1.0
0845071,1.0
0845072,1.0
0845074,1.0
0845075,1.0
0845076,1.0
0845077,1.0
0845078,1.0
0845079,1.0
0845080,0.0
0845081,1.0
0845083,1.0
0908243,0.0
0845082,1.0
0908247,0.0
0908248,0.0
0845084,1.0
0845085,1.0
1012102,1.0
0845087,1.0
0845086,1.0
0845089,1.0
0845090,0.0
0845091,0.0
0845092,0.0
0845104,1.0
0845093,1.0
1012103,1.0
1012104,0.0
0250902,1.0
0845094,0.0
0250903,1.0
0333001,0.0
0333002,0.0
0333003,0.0
0845095,0.0
0845096,1.0
0845097,0.0
0845098,1.0
0845099,1.0
0845100,0.0
0845101,1.0
1531213,0.0
0845102,1.0
0845103,0.0
0845105,0.0
0845108,1.0
1531214,0.0
0845106,0.0
0845107,1.0
1012112,1.0
0845111,0.0
0845109,1.0
0845110,1.0
0925231,0.0
0845112,1.0
0845113,1.0
0845128,1.0
0845114,0.0
0845115,0.0
0845116,1.0
0845117,0.0
1012113,1.0
1012114,1.0
0845118,1.0
1012116,1.0
0845119,1.0
1012118,1.0
0845120,0.0
0845121,1.0
0845122,1.0
0845123,1.0
0845124,0.0
0845125,1.0
0845126,1.0
0845127,0.0
0845129,0.0
0845132,0.0
0845133,1.0
0845130,0.0
1012119,1.0
0845131,0.0
0845134,1.0
0845135,1.0
0845136,1.0
0845137,1.0
0845138,0.0
0845139,0.0
0845140,1.0
0845142,1.0
1012121,1.0
0845143,0.0
0845144,0.0
1012123,1.0
0845145,1.0
0845146,1.0
0845147,1.0
1012124,1.0
0845148,1.0
1012125,1.0
0845149,1.0
1531220,1.0
0845150,1.0
1012126,1.0
0845151,1.0
0845152,0.0
1531074,0.0
0845153,1.0
1531075,0.0
0845154,1.0
1531099,0.0
0845155,0.0
0845156,1.0
0845157,0.0
1106130,0.0
0845158,1.0
0845160,1.0
0845161,0.0
1531100,0.0
0845167,1.0
0845168,1.0
0845162,0.0
0845163,1.0
1531221,0.0
0845164,1.0
0845165,1.0
1106131,0.0
0845166,1.0
1106132,1.0
0845169,1.0
0845170,1.0
1328136,1.0
0845172,1.0
0845171,1.0
1328137,1.0
1328138,0.0
1328140,0.0
1531101,0.0
0845173,1.0
0845174,1.0
0845175,1.0
0845176,1.0
0845177,1.0
1531110,0.0
0845179,1.0
1531111,0.0
0845182,1.0
0845180,1.0
0845181,1.0
1531112,0.0
0908008,0.0
0845183,1.0
0845184,1.0
0908009,0.0
0908010,1.0
0845185,0.0
0845186,1.0
0845187,1.0
0845188,0.0
0845189,1.0
0908042,0.0
0845190,1.0
1531113,1.0
1531116,0.0
1531117,0.0
0845191,0.0
1106137,1.0
0845192,1.0
0845193,1.0
0908067,0.0
0908068,0.0
0908069,0.0
0908070,0.0
0908071,0.0
0845194,0.0
1106138,1.0
1106139,0.0
0845195,1.0
0908072,0.0
0845196,1.0
0845197,1.0
1106140,1.0
1106141,0.0
0845198,1.0
1106147,0.0
0845199,1.0
0845200,0.0
1106148,0.0
0908092,1.0
0845201,1.0
1531114,1.0
0908093,0.0
0845202,0.0
0845203,1.0
0908099,0.0
0908100,0.0
0845204,1.0
1012127,1.0
0845205,1.0
1012128,1.0
1012129,1.0
0845901,1.0
0908001,1.0
0908002,0.0
0908003,1.0
0908004,0.0
0908005,0.0
0908006,0.0
1328146,0.0
1328147,1.0
0908007,0.0
0908011,1.0
0908012,0.0
0908013,0.0
0908014,0.0
0908015,0.0
0908020,0.0
0908016,1.0
0908017,0.0
0908018,0.0
0908019,0.0
0943147,0.0
0943148,0.0
1106064,0.0
0943149,0.0
0943150,1.0
0943151,0.0
0943152,0.0
0908108,0.0
0908109,0.0
0908021,0.0
0943158,0.0
0908152,0.0
0908022,0.0
0908023,0.0
0908024,0.0
0908025,0.0
0908026,0.0
0908027,0.0
0908028,0.0
0908029,0.0
0908030,1.0
0943143,0.0
0943144,1.0
0943145,1.0
0943146,0.0
1046014,1.0
0908032,1.0
0943153,0.0
0908033,0.0
0943154,0.0
0943155,0.0
0943156,0.0
0943157,0.0
0943159,0.0
0943160,1.0
0943161,0.0
0943162,1.0
0943163,0.0
0943164,0.0
0943165,0.0
0943166,1.0
1046015,1.0
0943167,0.0
0943168,0.0
0943169,0.0
0943170,1.0
0943171,1.0
0908171,0.0
0908172,0.0
0943172,0.0
0943173,0.0
0908199,0.0
1328169,1.0
0943174,0.0
0943175,1.0
0943176,0.0
0943177,0.0
0943178,0.0
0943901,0.0
0908031,1.0
1046016,1.0
1046017,1.0
1046018,1.0
0908041,1.0
0908034,1.0
0908035,0.0
0908036,0.0
1531115,0.0
0908037,0.0
0908038,0.0
0908039,1.0
0908040,0.0
0908043,0.0
1046019,1.0
0908044,0.0
0908045,0.0
1046020,1.0
0908046,0.0
0908047,1.0
0908048,0.0
1046021,1.0
1531118,0.0
0908049,0.0
0908050,0.0
0908051,0.0
0908052,0.0
0908053,1.0
0908054,0.0
1046023,1.0
0908055,1.0
1531119,0.0
0908056,0.0
0908057,0.0
0908058,0.0
0908059,0.0
0908060,0.0
1046024,1.0
0908061,0.0
0908062,0.0
0908063,0.0
0908064,0.0
0908065,0.0
0908066,0.0
0908073,0.0
1046025,1.0
0908204,1.0
0908205,1.0
0908074,0.0
1531121,0.0
0908206,0.0
0908075,0.0
0908076,0.0
0908215,1.0
0908216,0.0
0908077,0.0
1046026,1.0
0908078,0.0
0908079,0.0
0908080,0.0
0908081,0.0
0908082,0.0
0908083,0.0
1046027,1.0
0908084,0.0
0908085,1.0
1046028,1.0
1046029,1.0
0908086,1.0
0908087,0.0
1106068,1.0
0908088,0.0
1046030,1.0
0908089,0.0
0908090,0.0
0908091,0.0
1106069,0.0
1106070,1.0
0908094,0.0
0908095,0.0
0908096,0.0
1046031,0.0
1046032,1.0
0908097,0.0
0908098,0.0
0908101,0.0
0908102,0.0
0908103,0.0
0908104,0.0
0908105,1.0
0908106,1.0
0908107,0.0
0943902,1.0
0917115,0.0
0917116,0.0
0908110,0.0
0917117,0.0
0917118,0.0
0908111,0.0
0908112,0.0
0908113,0.0
0908114,1.0
0908115,0.0
0908116,0.0
0908117,0.0
0908118,0.0
0908119,0.0
0908120,0.0
0908121,0.0
0908122,0.0
0908123,0.0
0908124,0.0
0908125,0.0
0908126,0.0
0908127,0.0
0908128,0.0
0908129,0.0
0908130,0.0
1046033,1.0
0908131,1.0
0908132,0.0
0908133,0.0
1046034,1.0
0908134,0.0
0908135,0.0
0908136,0.0
0908137,0.0
0908138,1.0
0908139,0.0
0908140,0.0
0908141,1.0
0908142,0.0
0908143,1.0
0908144,0.0
0908145,0.0
1046035,0.0
0908146,1.0
0908147,0.0
0908148,0.0
0908149,0.0
0908150,1.0
0908151,0.0
0908153,1.0
0908154,0.0
0908155,0.0
0908156,0.0
0908157,1.0
1046036,1.0
0908158,0.0
1046037,1.0
0908159,1.0
0908160,0.0
0908161,0.0
0908162,0.0
0908163,0.0
0908164,0.0
0908165,0.0
0908166,1.0
0908167,1.0
0908168,0.0
0908169,0.0
0908170,0.0
0908174,0.0
0908175,1.0
0908176,0.0
0908177,0.0
0908178,0.0
0908179,0.0
0908180,0.0
0917119,0.0
0908181,0.0
0908182,0.0
0908183,0.0
0908184,0.0
0908185,0.0
1106071,0.0
0908187,0.0
0908188,0.0
0908189,0.0
0908190,0.0
0908191,0.0
0943903,0.0
0908192,0.0
0908193,0.0
0908194,0.0
1046073,1.0
1046074,1.0
0908195,0.0
1046075,1.0
0908196,0.0
0908197,0.0
0908198,0.0
0908200,0.0
1046076,0.0
1531122,1.0
0908201,0.0
0908202,0.0
0908203,1.0
0943904,0.0
0943905,0.0
0943906,1.0
0908264,0.0
0908207,1.0
0908208,1.0
0908209,0.0
1046077,1.0
0908210,1.0
0908211,0.0
0908212,0.0
0917101,0.0
0908213,1.0
0908904,1.0
0908214,0.0
0908217,0.0
0908219,0.0
0908220,0.0
0908218,0.0
0908221,0.0
0943907,1.0
0908228,0.0
0908229,0.0
0908905,0.0
0917102,0.0
0908225,0.0
0908226,0.0
0917010,0.0
0917011,0.0
1003007,1.0
0908227,0.0
0908230,0.0
0908231,0.0
1106075,0.0
0908232,0.0
0908233,0.0
0908234,1.0
0908235,0.0
0908236,0.0
0908237,0.0
0908238,0.0
0908239,0.0
0908240,0.0
0908244,0.0
0908245,0.0
0908246,0.0
1046078,1.0
1046079,0.0
1046080,1.0
0908249,0.0
0908250,1.0
0908251,0.0
0908252,0.0
0908253,0.0
0908254,0.0
0908255,0.0
0908271,0.0
0908256,1.0
0908901,0.0
0917012,0.0
0917013,1.0
0908257,0.0
0908258,0.0
0908259,0.0
0908902,1.0
0908903,0.0
0908260,0.0
0908261,0.0
0908262,0.0
0908263,0.0
0908265,1.0
0908266,0.0
0908267,1.0
0917014,0.0
0917015,0.0
0917016,0.0
0908268,0.0
0908269,0.0
0908270,0.0
1003002,1.0
0917024,0.0
0908272,0.0
0908273,0.0
0908274,1.0
0908275,0.0
0908276,0.0
0908277,0.0
0908278,0.0
0908279,0.0
0908280,0.0
0908281,0.0
0908282,1.0
0908283,0.0
0908284,0.0
1003003,1.0
1046082,1.0
0908285,0.0
0908286,0.0
0908287,0.0
0908288,1.0
0908289,0.0
1003004,1.0
0908290,1.0
0908291,0.0
0908292,0.0
0908293,0.0
0908294,1.0
0908295,0.0
0908296,1.0
0908297,0.0
0908298,0.0
0908299,0.0
1046093,0.0
0908300,0.0
0908301,0.0
0908302,1.0
0908303,0.0
0908304,0.0
1046094,0.0
0908305,0.0
1046095,1.0
0917120,0.0
0908306,0.0
0908307,0.0
0908308,0.0
0917001,0.0
0917002,0.0
0917003,0.0
1003008,1.0
0917004,0.0
0917005,0.0
0917006,0.0
0917007,0.0
0917008,0.0
0917009,0.0
0917018,0.0
0917026,0.0
0917129,0.0
0917019,0.0
0917020,0.0
0917021,0.0
0917022,0.0
0917023,0.0
1003005,1.0
0917027,0.0
0917025,0.0
0917036,1.0
0917037,0.0
0917038,0.0
0917039,1.0
0917040,0.0
0917028,0.0
0917029,0.0
0917077,0.0
0917030,0.0
0917031,0.0
0917032,1.0
0917033,1.0
0917034,0.0
0917035,0.0
0917041,0.0
0917042,0.0
0917043,0.0
0917044,0.0
0917046,0.0
0917047,0.0
0917048,0.0
1328155,0.0
0917049,0.0
0917050,0.0
1328165,0.0
0917051,0.0
0917052,1.0
0917054,0.0
0917055,0.0
0917056,0.0
0917057,0.0
0917058,0.0
0917060,0.0
0917061,0.0
0917062,0.0
0917063,0.0
0917064,0.0
0917065,0.0
0917066,0.0
0917067,0.0
0925036,0.0
0925037,0.0
0917068,0.0
0925038,1.0
0925039,0.0
0925040,1.0
0917069,0.0
0917070,0.0
0917071,0.0
0917073,0.0
0917074,0.0
1328166,1.0
0917075,0.0
0917076,0.0
0917078,1.0
0917079,0.0
0917080,0.0
0917081,0.0
0917085,0.0
0917086,0.0
0917082,1.0
0917083,0.0
0917084,0.0
0917088,0.0
0917089,0.0
0917090,0.0
0917091,0.0
0917092,1.0
0917093,0.0
0917094,1.0
0917095,0.0
0917096,0.0
0917097,0.0
0917098,0.0
0917099,1.0
1003006,1.0
0917100,0.0
0917103,0.0
0917105,0.0
0917106,0.0
0917107,0.0
0917109,0.0
0917110,0.0
0917111,0.0
0917112,0.0
0917114,0.0
0917121,0.0
0917123,0.0
1328170,1.0
1328171,0.0
1328172,1.0
0917124,1.0
0917125,0.0
0917126,0.0
0917128,0.0
1328173,0.0
1003058,1.0
0917130,0.0
1328174,0.0
1328175,0.0
0917132,0.0
0917133,0.0
0917134,0.0
0917135,0.0
1328176,1.0
1328177,0.0
1328178,1.0
1328179,1.0
0917168,0.0
0917169,1.0
0917136,0.0
0917137,0.0
0917138,0.0
0917139,0.0
0917140,1.0
0917141,1.0
1353057,0.0
0917170,0.0
0917171,0.0
0917172,0.0
0917173,0.0
0917142,0.0
1353058,0.0
1430001,1.0
1430002,1.0
1430003,1.0
1430004,1.0
0917174,0.0
0917143,1.0
1531026,0.0
0917175,0.0
0917144,0.0
0917145,0.0
0917146,0.0
0917147,0.0
1003062,1.0
1003063,0.0
0917148,0.0
0917149,0.0
1531027,0.0
0917150,0.0
0917151,0.0
0917152,0.0
1531028,1.0
0917153,0.0
0917154,0.0
1531040,0.0
0917155,0.0
1531041,0.0
1003064,1.0
1003065,1.0
0917157,0.0
0917188,0.0
0917189,0.0
0917190,0.0
0917158,0.0
1106149,0.0
0917159,0.0
0917160,0.0
0917161,0.0
0917162,0.0
0917163,0.0
0917164,0.0
0917165,0.0
0917197,0.0
0917166,0.0
0917167,0.0
0917176,0.0
0917177,0.0
0917178,0.0
0917180,0.0
0917181,0.0
0917182,1.0
0917183,0.0
0917184,0.0
0917185,0.0
0917217,0.0
1003059,0.0
1003060,1.0
1003061,1.0
0917218,0.0
0917220,0.0
0917186,0.0
0917187,0.0
0917191,0.0
0917192,0.0
0917193,0.0
0917194,0.0
0917198,0.0
0917199,0.0
0917200,0.0
0917201,0.0
0917202,1.0
0917195,0.0
1531157,1.0
0917196,0.0
0917205,0.0
0917221,0.0
0917206,0.0
0917207,0.0
0917208,0.0
0917227,0.0
0917209,0.0
0917210,0.0
0917211,0.0
0917212,0.0
0917213,0.0
0925033,0.0
0917214,0.0
0917215,0.0
0917216,0.0
0925034,1.0
0917222,0.0
0925035,0.0
0917223,0.0
0917224,0.0
0917225,1.0
0917226,0.0
0917228,0.0
0917230,0.0
0917232,0.0
0917233,0.0
0917234,0.0
0917901,0.0
0917902,1.0
0917903,0.0
0925001,1.0
0925002,1.0
0925003,1.0
0925004,0.0
0925005,1.0
0925006,0.0
0925007,0.0
0925008,0.0
0925009,0.0
1531192,1.0
0925010,0.0
1003066,1.0
0925011,1.0
1003067,1.0
0925012,0.0
1003068,1.0
0925013,1.0
1003069,1.0
0925014,0.0
0925015,0.0
1003070,1.0
0925016,0.0
0925017,0.0
0925019,0.0
0925020,1.0
1003071,1.0
0925021,1.0
0925022,0.0
0925023,1.0
0925024,0.0
0925025,0.0
0925027,0.0
0925029,0.0
1003072,1.0
0925030,0.0
0925031,0.0
0925032,0.0
1003073,1.0
0925045,0.0
0925046,0.0
0925047,0.0
0925048,1.0
0925041,0.0
0925042,0.0
0925043,0.0
0925044,0.0
0925068,0.0
1003074,1.0
0925070,0.0
0925071,0.0
0925072,0.0
0925073,0.0
0925074,0.0
0925075,0.0
0925076,0.0
0925077,0.0
0925078,0.0
0925079,0.0
0925049,0.0
0925050,0.0
0925051,0.0
0925052,0.0
0925053,0.0
0925055,0.0
0925056,0.0
0925057,0.0
0925058,1.0
0925059,1.0
0925060,0.0
0925061,0.0
0925062,1.0
1003013,1.0
1003014,1.0
0925063,0.0
0925064,0.0
0925067,0.0
0925069,0.0
1046096,1.0
0925086,0.0
0925081,0.0
0925082,0.0
0925085,0.0
0925093,0.0
0925094,0.0
0925087,0.0
0925088,0.0
0925119,1.0
0925120,0.0
0925121,0.0
0925122,0.0
0925123,0.0
0925124,0.0
1046097,1.0
0925089,0.0
0925092,0.0
0925149,0.0
0925096,0.0
0925097,0.0
0925098,1.0
0925150,0.0
0925151,0.0
0925099,0.0
0925100,0.0
0925101,0.0
0925102,1.0
0925103,0.0
0925104,0.0
0925105,0.0
0925109,0.0
1046098,1.0
1046099,0.0
0925110,0.0
0925111,0.0
0925112,1.0
0925113,0.0
0925114,0.0
0925115,1.0
0925118,0.0
1003009,1.0
0925125,0.0
0925126,0.0
0925127,0.0
0925128,0.0
0925129,0.0
0925130,0.0
0925131,0.0
0925132,0.0
0925133,0.0
0925134,0.0
0925135,0.0
0925136,0.0
0925137,0.0
0925138,1.0
0925139,0.0
1003010,1.0
1003011,0.0
0925140,0.0
0925141,0.0
0925142,0.0
1003012,1.0
0925143,0.0
0925145,0.0
0925146,0.0
0925148,0.0
0925152,0.0
0925153,0.0
0925154,0.0
0925155,0.0
0925156,0.0
1046100,1.0
0925171,0.0
0925157,0.0
0925158,0.0
0925161,1.0
0925163,0.0
0925164,0.0
0925165,0.0
0925166,0.0
0925167,0.0
0925174,1.0
0925168,0.0
0925169,0.0
0925170,0.0
0925172,1.0
0925175,1.0
0925176,0.0
0925177,0.0
0925179,1.0
0925180,0.0
0925173,0.0
0925181,0.0
0925182,0.0
0925183,0.0
1046101,1.0
0925185,0.0
0925186,0.0
0925189,1.0
0925190,0.0
0925191,0.0
0925192,0.0
0925193,0.0
0925194,0.0
1531193,1.0
0925210,0.0
0925196,0.0
0925197,0.0
0925200,0.0
0925201,0.0
0925202,0.0
0925203,0.0
0925204,0.0
0925205,0.0
0925206,0.0
0925207,1.0
0925208,0.0
0925251,1.0
0925252,0.0
0925253,0.0
0925209,0.0
0925211,1.0
0925212,0.0
0925215,0.0
0925216,0.0
0925217,0.0
0925218,0.0
0925228,0.0
0925230,0.0
0925219,0.0
0925220,0.0
0925221,0.0
0925222,0.0
0925223,0.0
0925224,0.0
0925225,0.0
0925226,1.0
0925227,1.0
0925232,1.0
1531194,0.0
0925233,1.0
0925234,0.0
0925238,0.0
0925239,0.0
0925240,1.0
0925242,0.0
0925243,1.0
0925244,0.0
0925245,0.0
0925247,0.0
0925248,0.0
0925249,0.0
1046102,1.0
0925250,0.0
0925254,0.0
0925255,0.0
0925901,0.0
0925902,0.0
0925903,0.0
0925904,0.0
0925905,0.0
0925912,0.0
0925913,0.0
0953055,0.0
0943001,1.0
0925906,0.0
0925907,0.0
0925908,0.0
0925909,0.0
0925910,0.0
0925911,0.0
0943015,0.0
0943002,1.0
1531196,0.0
0943016,1.0
0943003,0.0
0943004,1.0
0943005,1.0
1046103,1.0
0943006,0.0
1531197,1.0
0943007,0.0
0943008,0.0
0943009,0.0
1106150,0.0
0943010,0.0
0943011,0.0
0943012,0.0
0943013,1.0
0943014,0.0
0943017,0.0
0943018,0.0
0943019,1.0
1003015,1.0
0943020,1.0
0943021,0.0
0943022,0.0
0943023,0.0
0943024,1.0
0943025,0.0
0943026,0.0
0943027,0.0
1003016,1.0
1003103,1.0
1012027,0.0
1012028,1.0
1012038,1.0
1012041,1.0
1012042,1.0
1012071,1.0
1012082,1.0
1012093,1.0
1012096,1.0
1012111,1.0
1012115,1.0
1012117,1.0
1012122,1.0
1012902,1.0
1046001,1.0
1046013,1.0
1046022,1.0
1046071,1.0
1046072,1.0
1046081,1.0
1046092,1.0
1046118,1.0
1046132,1.0
1046148,1.0
1046149,1.0
1046154,1.0
1046182,1.0
1046190,1.0
1046201,1.0
1046202,1.0
1046238,0.0
1046249,1.0
1046250,1.0
1106011,1.0
1106012,0.0
1106018,1.0
1106019,0.0
1106024,0.0
1106029,1.0
1106030,0.0
1106031,0.0
1106034,1.0
1106037,0.0
1106049,1.0
1106050,0.0
1106052,0.0
1106053,0.0
1106054,1.0
1106063,1.0
1106065,0.0
1106066,1.0
1106067,1.0
1106073,0.0
1106074,0.0
1106099,1.0
1106101,0.0
1106102,1.0
1106109,1.0
1106110,1.0
1106112,0.0
1106113,1.0
1106117,1.0
1106127,1.0
1106136,1.0
1106146,1.0
1106152,1.0
1106153,0.0
1106154,1.0
1106903,1.0
1110013,1.0
1110018,1.0
1110044,1.0
1110045,1.0
1110046,1.0
1110050,1.0
1110061,1.0
1110062,1.0
1110066,1.0
1110067,1.0
1110068,1.0
1110069,1.0
1110070,1.0
1110081,1.0
1110082,1.0
1110084,1.0
1110085,1.0
1110089,1.0
1110090,1.0
1110095,1.0
1110104,1.0
1110105,1.0
1110121,0.0
1110124,1.0
1110125,1.0
1110126,1.0
1110127,1.0
1110128,1.0
1110136,1.0
1110140,1.0
1110150,1.0
1110151,1.0
1110167,1.0
1110168,1.0
1110169,1.0
1110170,1.0
1110171,1.0
1110173,1.0
1110176,1.0
1110178,1.0
1110181,1.0
1110182,1.0
1110189,1.0
1110190,1.0
1110198,1.0
1110199,1.0
1110200,1.0
1215007,1.0
1215008,1.0
1215009,1.0
1215010,1.0
1215011,1.0
1215012,1.0
1215013,1.0
1215014,1.0
1215015,1.0
1215016,1.0
1215024,1.0
1215025,1.0
1215027,1.0
1215028,1.0
1215029,1.0
1215030,1.0
1215042,1.0
1215043,1.0
1215044,1.0
1215045,1.0
1215076,1.0
1215077,1.0
1215078,1.0
1215079,1.0
1215080,1.0
1215081,1.0
1215082,1.0
1215089,1.0
1227003,1.0
1227012,1.0
1227013,1.0
1227014,1.0
1227015,1.0
1227016,1.0
1227017,1.0
1227018,1.0
1227019,1.0
1227023,1.0
1227029,1.0
1227030,1.0
1227031,0.0
1227035,1.0
1227040,1.0
1227041,1.0
1227045,1.0
1227047,1.0
1227048,1.0
1227053,1.0
1227054,1.0
1227055,1.0
1227056,1.0
1227059,1.0
1227060,1.0
1227061,1.0
1227063,1.0
1227064,1.0
1227065,1.0
1227066,1.0
1232004,1.0
1232009,1.0
1232010,1.0
1232011,1.0
1232013,1.0
1232015,1.0
1232016,0.0
1232017,0.0
1232019,1.0
1232020,1.0
1232021,1.0
1232024,1.0
1531198,0.0
1232029,0.0
1232030,1.0
1232032,1.0
1232034,1.0
1232035,1.0
1232044,1.0
1232048,1.0
1232049,1.0
1232050,1.0
1232051,1.0
1232054,1.0
1232073,1.0
1232076,1.0
1232083,1.0
1232085,1.0
1232086,1.0
1232087,1.0
1328158,1.0
1328159,1.0
1232092,1.0
1328160,1.0
1328161,0.0
1328162,1.0
1236001,1.0
1236005,1.0
1236006,1.0
1236007,1.0
1236008,1.0
1236009,1.0
1531237,0.0
1236010,1.0
1531238,1.0
1236014,1.0
1236015,1.0
1531239,0.0
1236018,1.0
1236019,1.0
1236020,1.0
1236025,1.0
1236026,1.0
1236028,1.0
1236029,1.0
1236034,1.0
1236035,0.0
1236036,1.0
1236042,1.0
1236043,1.0
1236046,1.0
1236047,1.0
1236050,1.0
1236051,1.0
1236052,1.0
1328018,1.0
1328022,1.0
1328023,0.0
1328046,1.0
1328047,1.0
1328059,1.0
1328060,1.0
1328061,1.0
1328062,0.0
1328063,0.0
1328064,0.0
1328065,1.0
1328074,1.0
1328075,1.0
1328076,0.0
1328078,0.0
1328079,1.0
1328080,1.0
1328082,1.0
1328090,1.0
1328093,1.0
1328100,0.0
1328101,1.0
1328110,1.0
1328112,1.0
1328113,0.0
1328114,1.0
1328121,1.0
1328122,1.0
1328123,1.0
1328124,1.0
1328125,0.0
1328126,0.0
1328127,1.0
1328128,0.0
1328129,0.0
1328130,0.0
1328131,1.0
1328132,1.0
1328133,1.0
1328134,1.0
1328135,1.0
1328141,1.0
1328143,0.0
1328144,0.0
1328145,1.0
1328148,1.0
1328149,1.0
1328150,1.0
1328151,1.0
1328152,1.0
1328153,1.0
1328154,1.0
1328163,0.0
1328164,1.0
1328168,0.0
1328180,1.0
1328181,0.0
1328182,0.0
1328183,1.0
1328901,1.0
1328902,1.0
1328903,1.0
1430005,1.0
1430006,0.0
1430007,1.0
1430008,0.0
1430009,0.0
1430010,1.0
1430011,0.0
1430012,1.0
1430013,1.0
1430014,1.0
1430015,0.0
1430016,1.0
1430017,0.0
1430018,1.0
1430019,0.0
1430020,1.0
1430021,1.0
1430022,0.0
1430023,0.0
1430024,1.0
1430038,1.0
1430039,1.0
1430040,0.0
1430041,1.0
1531015,1.0
1531016,1.0
1531024,0.0
1531178,0.0
1531025,1.0
1531038,0.0
1531039,0.0
1531054,1.0
1531055,0.0
1531062,0.0
1531063,0.0
1531068,1.0
1531076,1.0
1531082,1.0
1531083,0.0
1531092,0.0
1531097,0.0
1531098,1.0
1531108,0.0
1531109,0.0
1531120,0.0
1531149,1.0
1531150,1.0
1531151,0.0
1531156,0.0
1531158,0.0
1531191,0.0
1531195,0.0
1531200,1.0
1531201,1.0
1531202,1.0
1531206,0.0
1531207,1.0
1531216,0.0
1531224,1.0
1531225,0.0
1531227,0.0
1531228,1.0
1531248,0.0
1531250,1.0
1531179,0.0
1531902,0.0
1531903,1.0
1531182,0.0
1601003,0.0
1601004,0.0
1601006,0.0
1601009,0.0
1601010,0.0
1601013,0.0
1601016,0.0
1601020,0.0
1110025,1.0
1601021,0.0
1601027,0.0
1601031,1.0
1601036,0.0
1531243,0.0
1601037,0.0
1601039,0.0
1601042,0.0
1601044,0.0
1601046,0.0
1601054,1.0
1601055,0.0
1601063,0.0
1601901,0.0
1620013,0.0
1620014,0.0
1620015,0.0
1620016,0.0
1620018,0.0
1620019,0.0
1531105,0.0
1620022,0.0
1620027,0.0
1620028,0.0
1620029,0.0
1620031,0.0
1531106,0.0
1531107,1.0
1620061,0.0
1620073,0.0
1620074,0.0
1648004,0.0
1648007,0.0
1531124,0.0
1648008,0.0
1648009,0.0
1648010,0.0
1648011,0.0
1648012,0.0
1648013,0.0
1648023,0.0
1648024,0.0
1648025,0.0
1648029,0.0
1648030,0.0
1648047,0.0
1648048,0.0
1648049,0.0
1648050,0.0
1648054,0.0
1648055,0.0
1648056,0.0
1531244,0.0
1648057,0.0
1531125,1.0
1648063,0.0
1648064,0.0
1648065,0.0
1648066,0.0
1648067,0.0
1648068,0.0
1648069,0.0
1648070,0.0
1648071,0.0
1648072,0.0
1648073,0.0
1648081,0.0
1328057,0.0
1648085,1.0
1648086,0.0
1328058,1.0
1648088,0.0
1531126,1.0
1648089,0.0
1648091,0.0
1648092,0.0
1648093,0.0
1648094,0.0
1648095,0.0
1648096,0.0
1531127,1.0
1648904,0.0
1648905,0.0
1648906,0.0
1648907,0.0
1726002,1.0
1531130,0.0
1726011,0.0
1726014,1.0
1726018,0.0
1726019,1.0
1726036,0.0
0104012,0.0
0104013,0.0
1726047,1.0
1726061,1.0
1726089,0.0
1726102,1.0
1726108,1.0
1726109,1.0
1726130,1.0
1726131,1.0
1726135,1.0
1726136,1.0
1726142,1.0
1726143,1.0
1726164,0.0
1726178,1.0
0104001,1.0
0104002,0.0
0104003,0.0
0104004,0.0
0104005,0.0
0104006,1.0
1531102,0.0
1531103,0.0
1531104,1.0
0333004,1.0
1531123,1.0
1328050,1.0
1328051,1.0
1328052,1.0
1328053,1.0
1328054,1.0
1328055,0.0
1328049,0.0
1328056,1.0
1531128,0.0
1531129,0.0
0104007,0.0
0104008,0.0
0104009,0.0
0104010,0.0
0104011,0.0
1110207,1.0
1110208,1.0
1110209,1.0
1110210,1.0
1106078,0.0
1106072,0.0
1110211,1.0
1106079,1.0
1106076,0.0
1106077,0.0
1106080,1.0
0104015,0.0
0104014,0.0
0104016,1.0
0104017,1.0
0104018,0.0
0104019,0.0
1106081,0.0
1106082,1.0
1106083,1.0
0104020,0.0
0104021,0.0
1106096,0.0
0104022,0.0
1106084,0.0
1106085,0.0
1106086,0.0
1106087,1.0
1106088,1.0
1110218,1.0
1110219,1.0
1110901,1.0
1110902,1.0
1110903,1.0
1110904,1.0
1110905,1.0
1215001,1.0
1215002,1.0
1215003,1.0
1215004,1.0
1215005,1.0
1215006,1.0
1106089,1.0
1106090,0.0
1106091,1.0
1106092,0.0
1106093,1.0
1106094,1.0
1106095,1.0
1106097,1.0
1106098,1.0
1110212,1.0
1110213,1.0
1110214,1.0
1110215,1.0
1110216,1.0
1110217,1.0
1215017,1.0
2054001,0.0
0104023,0.0
0104024,1.0
0104026,0.0
0104027,0.0
1215018,1.0
1215019,1.0
1215020,1.0
1215021,1.0
1215022,1.0
1215023,1.0
2054002,0.0
2054003,0.0
0104028,0.0
0104029,0.0
2054004,0.0
0104030,0.0
0104031,0.0
0104032,1.0
2054005,0.0
0104033,0.0
0104034,0.0
0104035,0.0
0104036,1.0
0104037,0.0
0104038,0.0
0104041,0.0
1531133,0.0
0104043,0.0
1046003,1.0
1328066,1.0
1328067,0.0
1328068,0.0
1328069,0.0
1328070,1.0
1328071,0.0
1046004,1.0
1046005,1.0
1726177,1.0
1753056,0.0
1851001,1.0
1952001,0.0
1227032,1.0
1227033,1.0
1227034,1.0
1531131,0.0
1531132,0.0
1046002,1.0
1227037,1.0
1227038,1.0
1046007,0.0
1620017,0.0
1046008,1.0
1620032,0.0
1620033,0.0
1620034,0.0
1046009,1.0
1328072,1.0
1046010,1.0
1046006,1.0
0104044,0.0
0104045,0.0
0104046,0.0
1046011,1.0
1046012,1.0
1620038,0.0
1620039,0.0
1620040,0.0
1620035,0.0
1620036,0.0
1620037,0.0
1620041,0.0
1328073,0.0
1620042,0.0
0104047,0.0
1620043,0.0
1620044,0.0
1106108,1.0
0104048,0.0
0104049,0.0
0104050,0.0
0104054,0.0
0104051,0.0
0104052,1.0
1106104,1.0
1106105,0.0
1106106,0.0
1106107,1.0
1531134,0.0
1328087,0.0
0104053,0.0
1328088,0.0
1328089,1.0
0104055,0.0
1531135,0.0
1531136,0.0
1328084,1.0
1328085,1.0
1328086,1.0
0104056,0.0
0104057,0.0
0104058,0.0
0104059,0.0
1531245,1.0
0104060,0.0
0104061,0.0
1531246,1.0
1227039,1.0
0104904,1.0
1328083,1.0
1531183,1.0
1620045,0.0
1620046,0.0
1531184,0.0
1531185,0.0
0111001,1.0
1531137,0.0
1620047,0.0
1531138,1.0
1531139,0.0
1328094,0.0
1328095,1.0
1328096,0.0
1531140,0.0
1106120,1.0
1531141,0.0
1106121,1.0
1620052,0.0
1620049,0.0
1620050,0.0
1106122,1.0
1106123,1.0
0104071,0.0
1531142,1.0
1531143,0.0
1531144,1.0
1620051,0.0
1620053,0.0
1227042,1.0
1531155,1.0
0104062,1.0
0104063,0.0
0104064,1.0
1531152,0.0
1620070,0.0
1620071,0.0
1620054,0.0
1620055,0.0
1620056,0.0
1620057,0.0
1620058,0.0
1328097,0.0
1328099,1.0
1531161,0.0
1620059,0.0
1531162,0.0
1531163,1.0
1106124,1.0
1106125,1.0
1620060,0.0
1531153,1.0
1531154,0.0
0104065,0.0
0104066,1.0
0104067,0.0
1620066,0.0
1620067,0.0
0104068,0.0
1531164,1.0
1106126,1.0
1106133,1.0
1620068,0.0
1620069,0.0
1531159,1.0
1531160,1.0
0104069,0.0
0104070,1.0
1620072,0.0
1620078,0.0
1620079,0.0
1531165,0.0
1531166,0.0
1531167,0.0
1531168,1.0
1106134,1.0
1106135,0.0
1106142,0.0
1531186,0.0
1106143,1.0
1531171,0.0
1106144,0.0
1106145,0.0
1106151,1.0
1531172,0.0
1227043,1.0
1227044,1.0
1531173,0.0
1227046,1.0
1531174,0.0
1531175,0.0
1620080,0.0
1620081,0.0
1531176,1.0
1531169,1.0
1531170,0.0
1227049,1.0
1227050,1.0
1227051,1.0
1531177,1.0
1227052,1.0
0104077,0.0
0104072,0.0
0104073,0.0
0104074,1.0
0104075,0.0
0104076,0.0
0104078,0.0
0104079,0.0
0104080,0.0
1106155,0.0
1106156,0.0
1531180,1.0
1531187,0.0
1106157,0.0
1531181,0.0
1531189,0.0
1531190,0.0
1106158,1.0
1531199,1.0
1110028,1.0
1110029,1.0
1110030,1.0
1106161,0.0
1003114,1.0
1531203,0.0
1531204,0.0
1531205,0.0
1531209,0.0
1531210,1.0
1328111,1.0
1531211,0.0
1328115,1.0
1328116,1.0
1328117,1.0
1328118,1.0
1328119,1.0
1328120,0.0
1003115,1.0
1328156,0.0
1328157,0.0
1106162,1.0
1003116,1.0
1003117,1.0
1106901,1.0
1106902,1.0
1531215,0.0
0104081,0.0
1003118,1.0
0104082,0.0
0104083,0.0
1531235,0.0
1531236,0.0
1110002,1.0
1531240,0.0
1110003,1.0
1110004,1.0
1110005,1.0
1110006,1.0
1110007,1.0
1110008,1.0
1110009,1.0
1110010,1.0
1110011,1.0
1110012,1.0
1531241,0.0
1531242,0.0
1110019,1.0
1110020,1.0
1110021,1.0
1531005,1.0
1110022,1.0
1110023,1.0
1110024,1.0
1003119,1.0
1531247,0.0
1110031,1.0
1110032,1.0
1110033,1.0
1227057,1.0
1227058,1.0
1003120,1.0
1003121,1.0
1328167,1.0
1110078,1.0
1110026,1.0
1110027,1.0
1110034,1.0
1232008,1.0
1232002,1.0
1232003,1.0
1232005,1.0
1046116,0.0
1046117,1.0
1232006,1.0
1232007,1.0
0104084,0.0
0104085,0.0
0104086,0.0
0104087,0.0
1046205,1.0
1046206,1.0
1110035,1.0
1110036,1.0
1110037,1.0
1110038,1.0
1110039,1.0
1046207,1.0
1110040,1.0
1110041,1.0
1046208,1.0
1232023,1.0
1046211,1.0
1046115,1.0
1046204,1.0
1046212,1.0
1046213,0.0
1046209,1.0
1046210,1.0
1046214,1.0
1046215,1.0
1110042,1.0
1110055,1.0
1110056,1.0
1110057,1.0
0104088,0.0
1110043,1.0
1110054,1.0
1232025,1.0
1531002,1.0
1232026,1.0
1232027,1.0
1232028,1.0
1430025,0.0
1430026,0.0
1430027,1.0
1430028,0.0
1430029,1.0
1430030,1.0
1430031,0.0
1430032,0.0
1430033,1.0
1430034,0.0
1430035,1.0
1430036,0.0
1430037,1.0
1430042,0.0
1430043,1.0
1430901,0.0
1430902,0.0
1531001,1.0
0104089,0.0
0104090,0.0
1531003,1.0
1531004,1.0
1232040,1.0
1215031,1.0
1215032,1.0
1215033,1.0
1215034,1.0
1215035,1.0
1215036,1.0
1215037,1.0
1215038,1.0
1215039,1.0
1215040,1.0
1215041,1.0
1232041,1.0
1232042,1.0
1232043,1.0
1110058,1.0
1110059,1.0
1110060,1.0
1110073,1.0
1110075,1.0
1110076,1.0
1110077,1.0
0104091,0.0
0104092,0.0
1110079,1.0
1110080,1.0
1110087,1.0
0104094,0.0
1110088,1.0
0104095,0.0
1232052,1.0
1232053,1.0
0104096,0.0
0104093,0.0
1232057,1.0
1531009,0.0
1232058,1.0
1003110,1.0
1232059,1.0
1232060,1.0
0104097,0.0
0104098,0.0
0104099,0.0
0104100,1.0
0104101,1.0
1531006,1.0
1531007,1.0
1531008,0.0
0104102,0.0
1232061,1.0
1531010,1.0
1003109,1.0
1003111,1.0
1531011,1.0
1232062,1.0
0104903,0.0
0104103,1.0
0104901,0.0
0104902,1.0
0111002,0.0
0111003,1.0
0111004,1.0
0111005,0.0
0111006,0.0
0111007,0.0
0111008,0.0
0111009,0.0
0111010,0.0
0111011,1.0
0111012,1.0
0111013,1.0
0111014,1.0
1531012,1.0
1215046,1.0
1215047,1.0
1215048,1.0
1003112,1.0
1003113,1.0
1003122,1.0
1003123,1.0
1215049,1.0
1215050,1.0
1215051,1.0
1215052,1.0
1215053,1.0
1215054,1.0
1215055,1.0
1215056,1.0
1215057,1.0
1215058,1.0
1215059,1.0
1215060,1.0
1215061,1.0
1215062,1.0
1215064,1.0
1215065,1.0
1215066,1.0
1215067,1.0
1215068,1.0
1215069,1.0
1215070,1.0
1215071,1.0
1215072,1.0
1215073,1.0
1215074,1.0
1215075,1.0
0111015,1.0
