CMUN,POP21
02001,748
02002,496
02003,172722
02004,681
02005,670
02006,632
02007,1153
02008,1310
02009,24388
02010,2285
02011,582
02012,2363
02014,413
02013,129
02015,1808
02016,595
02017,768
02018,1031
02019,2718
02020,496
02021,1361
02022,328
02023,564
02024,4540
02025,10077
02026,1186
02029,4344
02027,306
02028,134
02030,3557
02031,628
02032,280
02033,2447
02034,1836
02035,2554
02036,99
02037,30427
02038,311
02039,1144
02040,598
02041,363
02042,909
02043,1322
02044,1123
02045,4654
02046,1380
02047,105
02048,1483
02049,829
02050,86
02051,2038
02052,605
02053,3433
02054,536
02055,1197
02056,1963
02057,2241
02058,323
02060,1410
02059,320
02061,676
02062,401
02901,2797
02063,1584
02064,394
02065,465
02066,225
02067,1326
02068,391
02069,15401
02070,461
02071,1148
02072,1750
02073,6184
02074,7691
02075,1947
02076,327
02077,62
02078,1081
02079,4040
02080,556
02081,24978
02082,108
02083,214
02084,333
02085,328
02086,2567
03002,4906
03003,580
03004,1049
03005,12714
03006,1336
03007,243
03008,181
03009,59128
03010,408
03011,20495
03012,3396
03013,1334
03014,337304
03015,21404
03016,117
03017,498
03018,22657
03019,21088
03001,609
03020,134
03021,7113
03022,170
03023,1707
03024,5453
03025,1958
03026,2227
03027,192
03028,1083
03030,1166
03031,69118
03032,103
03033,135
03029,483
03034,3323
03035,737
03036,101
03037,501
03038,397
03039,97
03040,415
03041,11462
03042,4447
03043,3628
03044,6994
03045,426
03046,3207
03049,19273
03048,7589
03047,23530
03050,29013
03051,429
03052,1191
03053,10752
03054,425
03075,243
03055,8880
03056,11451
03057,271
03058,7427
03059,29717
03061,1757
03062,707
03063,42953
03064,7620
03065,234205
03066,52551
03067,105
03068,45
03069,7402
03077,2634
03070,4337
03072,505
03071,6223
03073,261
03074,2609
03076,15983
03078,1299
03079,23652
03080,2030
03082,27983
03083,6861
03085,883
03084,584
03086,242
03088,8500
03089,12188
03903,5123
03091,549
03092,9326
03090,25679
03093,25611
03094,18108
03095,7080
03096,7569
03097,2233
03099,78940
03098,787
03100,983
03101,8006
03102,10240
03103,275
03104,34009
03902,22597
03105,8142
03106,693
03901,2721
03107,5069
03060,117
03109,4597
03110,670
03111,8058
03112,1173
03113,15978
03114,2542
03115,427
03116,1642
03118,8447
03904,2146
03120,6553
03122,58912
03117,702
03119,24363
03121,34148
03123,9935
03124,578
03125,605
03127,642
03128,11466
03129,1691
03130,37
03131,327
03132,681
03133,82842
03134,163
03136,557
03137,843
03135,204
03138,4841
03139,34684
03140,34025
03081,2892
04001,1258
04002,1208
04003,25501
04004,726
04005,612
04006,12070
04007,849
04008,542
04009,129
04010,675
04011,3733
04012,204
04013,200753
04014,197
04015,131
04016,3355
04017,4685
04018,313
04019,249
04904,2959
04020,317
04021,219
04022,974
04023,132
04024,4526
04026,59
04027,263
04028,239
04029,12708
04030,1178
04031,3547
04032,8183
04033,115
04036,288
04037,1501
04034,170
04035,14623
04038,4102
04902,84005
04041,540
04043,664
04044,2160
04045,1977
04046,1032
04047,3008
04048,3003
04049,9875
04050,1107
04051,491
04052,17974
04053,19744
04054,436
04055,462
04056,197
04057,1591
04058,398
04059,1489
04060,584
04061,772
04062,5449
04063,1235
04064,7257
04903,9086
04065,485
04066,31458
04067,561
04068,190
04069,6258
04070,2215
04071,436
04072,1065
04073,387
04074,4143
04075,10342
04076,1636
04077,305
04078,1488
04079,98725
04080,203
04081,477
04082,291
04083,2039
04084,380
04085,444
04086,2471
04087,197
04088,3887
04089,996
04090,349
04091,372
04092,3528
04901,564
04093,3892
04094,260
04095,816
04096,369
04097,235
04098,1946
04099,6521
04100,17700
04101,6039
04102,27398
04103,2895
01051,5029
01001,2925
01002,10307
01049,155
01003,1456
01006,231
01037,800
01008,1017
01004,1809
01009,1633
01010,2951
01011,287
01013,895
01014,465
01016,538
01017,1081
01021,634
01022,996
01023,327
01047,1421
01046,826
01056,226
01901,3468
01027,529
01019,175
01020,396
01028,1532
01030,171
01031,1464
01032,692
01902,915
01033,858
01036,18009
01058,1993
01034,219
01039,209
01041,197
01042,1196
01043,3418
01044,299
01052,308
01053,716
01054,1414
01055,1049
01057,287
01059,253093
01060,266
01061,192
01062,432
01018,1802
01063,2318
33001,1620
33002,10346
33003,616
33004,76874
33005,1439
33006,1691
33007,1452
33008,1942
33009,1111
33010,1967
33012,6195
33011,11966
33013,507
33014,10288
33015,1441
33016,22299
33017,3335
33018,3312
33019,3236
33020,15570
33021,4968
33022,852
33023,3780
33024,268896
33025,10412
33026,9644
33027,792
33028,1182
33029,320
33030,1045
33031,38683
33032,12754
33033,10596
33035,13790
33036,13611
33037,37026
33038,2543
33039,1921
33040,5264
33041,8302
33042,5113
33043,729
33044,217552
33045,5292
33046,512
33047,1244
33048,141
33049,6921
33050,574
33051,7936
33052,722
33053,1207
33054,1877
33055,1724
33056,5686
33057,1851
33058,1836
33059,4878
33061,353
33060,15665
33063,419
33062,434
33064,277
33065,1297
33066,51608
33067,829
33068,1104
33069,3850
33070,3683
33071,592
33072,1584
33073,9096
33034,11281
33074,3914
33075,275
33076,14869
33077,1151
33078,128
05001,196
05002,2757
05005,172
05007,113
05008,219
05010,147
05012,128
05013,943
05014,6434
05015,67
05016,7881
05017,82
05018,26
05019,57949
05021,2298
05022,1973
05023,181
05024,183
05025,77
05026,195
05027,334
05029,90
05030,49
05033,181
05034,14
05035,101
05036,117
05037,231
05038,131
05039,42
05040,63
05041,1231
05042,160
05043,68
05044,257
05045,80
05046,39
05047,5049
05048,100
05049,427
05051,164
05052,83
05053,68
05054,1422
05055,646
05056,94
05057,3246
05058,70
05067,68
05059,82
05060,104
05061,341
05062,158
05063,29
05064,107
05065,494
05066,514
05903,117
05069,72
05070,30
05072,109
05073,287
05074,734
05075,110
05076,589
05077,157
05078,96
05079,63
05080,36
05081,42
05082,576
05083,147
05085,42
05084,60
05086,74
05087,169
05088,26
05089,522
05090,71
05092,156
05093,436
05094,131
05095,266
05096,80
05097,495
05099,481
05100,281
05102,2163
05101,278
05103,60
05106,26
05104,31
05105,371
05107,45
05108,40
05109,467
05110,815
05113,58
05112,109
05114,1380
05115,636
05116,90
05117,202
05118,72
05119,21
05120,32
05121,336
05122,111
05123,119
05124,104
05125,59
05126,57
05127,743
05128,377
05129,114
05130,105
05131,84
05132,934
05133,60
05134,52
05135,342
05136,80
05138,325
05139,71
05140,108
05141,99
05142,91
05143,66
05144,71
05145,38
05149,106
05147,159
05148,29
05152,714
05153,79
05151,91
05154,32
05155,46
05156,358
05157,221
05158,340
05159,209
05160,322
05161,765
05162,87
05163,2135
05164,22
05165,424
05166,175
05167,272
05168,5231
05169,243
05170,55
05171,65
05172,188
05173,82
05174,73
05175,149
05176,280
05177,137
05178,387
05179,228
05180,61
05181,41
05182,807
05183,135
05184,273
05185,116
05186,1754
05187,2136
05188,38
05189,428
05190,49
05191,104
05192,114
05193,168
05194,131
05195,196
05196,67
05197,118
05198,67
05199,44
05200,40
05201,521
05206,23
05208,45
05207,736
05209,71
05901,255
05210,74
05211,466
05212,206
05213,85
05214,33
05215,163
05216,188
05217,53
05218,112
05219,43
05220,445
05231,172
05204,727
05205,85
05222,162
05221,324
05226,66
05224,105
05225,373
05902,314
05227,484
05228,168
05904,110
05229,72
05230,69
05232,134
05233,245
05234,41
05235,141
05236,112
05237,145
05238,815
05239,230
05240,4721
05241,4414
05242,766
05243,76
05244,37
05245,429
05247,219
05246,47
05249,103
05251,58
05252,60
05253,71
05254,212
05256,103
05257,141
05905,217
05258,116
05259,105
05260,107
05261,37
05262,332
05263,159
05264,50
05265,80
05266,85
05267,100
06001,820
06002,5467
06003,851
06004,1850
06005,2026
06006,5245
06007,1654
06008,744
06009,250
06010,1223
06011,33741
06012,4081
06013,288
06014,7702
06015,150610
06016,3498
06017,258
06018,808
06019,2306
06020,2087
06021,1017
06022,3076
06023,4732
06024,1298
06025,6152
06026,946
06027,721
06028,4823
06029,1333
06030,165
06031,532
06032,90
06033,1456
06034,202
06035,903
06036,5708
06042,1172
06037,2049
06038,878
06039,2175
06040,1207
06041,551
06043,784
06044,37275
06045,552
06046,1474
06047,994
06048,895
06049,1077
06050,4811
06051,1793
06052,4684
06053,681
06054,6704
06055,2244
06056,510
06057,554
06058,2334
06059,1965
06903,2465
06060,6812
06061,1206
06062,612
06063,3465
06064,937
06065,335
06066,1930
06067,2202
06068,476
06069,3509
06070,9171
06071,277
06073,823
06074,5697
06072,2760
06075,511
06076,960
06077,351
06078,536
06079,769
06080,2247
06081,1163
06082,489
06083,59424
06084,1247
06085,4267
06086,1365
06087,2312
06088,15483
06089,714
06090,933
06091,4392
06092,646
06093,5083
06094,1710
06095,11871
06096,255
06097,2627
06098,673
06099,1322
06100,870
06101,490
06102,1174
06103,5861
06104,719
06107,1839
06108,2665
06105,665
06106,469
06902,1989
06109,4576
06110,151
06111,607
06112,432
06113,3268
06114,130
06115,1442
06116,1692
06117,1608
06119,852
06123,5340
06118,163
06120,3957
06121,4094
06122,8064
06124,1834
06125,1852
06126,2575
06127,3355
06128,5311
06129,674
06130,211
06131,1235
06132,985
06133,2249
06134,617
06135,1389
06136,1761
06137,1088
06901,2731
06138,1170
06139,519
06140,715
06141,1931
06146,1160
06147,358
06148,1129
06142,278
06143,4157
06144,566
06145,1036
06149,12534
06150,910
06151,1231
06152,1472
06153,25837
06154,3335
06156,1332
06155,2103
06157,418
06158,16786
06159,2780
06160,3473
06162,3380
06161,296
07002,9477
07001,5741
07003,20651
07004,5963
07005,11571
07901,897
07006,7984
07007,542
07008,8895
07009,1084
07010,7037
07011,51567
07012,2684
07013,11425
07014,12003
07064,7530
07015,30638
07016,4243
07017,1379
07018,674
07026,50643
07019,181
07020,5134
07021,326
07022,18164
07023,4892
07024,11708
07025,682
07027,33726
07028,1465
07029,6250
07030,2385
07031,38224
07033,44809
07034,1569
07032,29578
07035,2242
07036,38357
07037,5444
07902,1500
07038,3087
07039,7515
07040,419366
07041,3028
07044,13873
07042,16969
07043,5624
07045,2057
07059,5010
07046,27205
07049,2185
07050,6635
07048,28299
07051,8920
07052,6877
07053,1724
07054,40038
07055,12767
07056,7507
07057,12342
07058,4126
07047,3542
07060,4122
07061,13491
07062,11835
07063,2042
07065,3558
08001,12620
08002,286
08014,2556
08003,9954
08004,269
08005,8787
08006,15942
08007,9191
08008,220
08009,12629
08010,5782
08011,2199
08012,2286
08013,1701
08015,223006
08904,13228
08016,2145
08017,3900
08018,3278
08252,33016
08019,1636732
08020,7356
08021,73
08022,16682
08023,9542
08024,455
08025,2177
08026,275
08027,1005
08028,1521
08029,4787
08030,7567
08031,3597
08034,1063
08033,17797
08032,3097
08035,19236
08037,2504
08038,2098
08036,194
08039,540
08040,14810
08041,16872
08042,3219
08043,4886
08044,5314
08045,84
08046,18609
08047,4593
08048,768
08049,1636
08057,72
08052,167
08050,171
08051,24659
08053,3853
08054,12610
08055,753
08056,67226
08058,2452
08060,163
08059,448
08061,2179
08062,1420
08063,653
08064,2632
08065,1597
08066,1996
08067,7595
08268,1190
08266,57217
08068,9233
08069,4655
08070,387
08071,322
08072,15017
08073,89300
08074,16051
08075,5685
08076,22358
08077,46777
08078,258
08254,2198
08079,408
08134,1127
08080,46
08082,1540
08081,467
08083,2269
08084,1495
08085,1440
08086,20351
08090,189
08087,183
08088,16733
08089,46931
08091,7723
08092,4916
08093,27
08094,2207
08095,85
08096,62475
08097,1585
08099,929
08100,2705
08101,264657
08162,3064
08102,40875
08103,825
08104,917
08105,13259
08107,15673
08108,6580
08106,10116
08109,271
08110,18950
08111,276
08112,20804
08113,78192
08242,271
08114,28667
08115,4823
08116,704
08117,3178
08118,23848
08119,9623
08120,9672
08121,129120
08122,2419
08138,6474
08123,26104
08124,51151
08128,716
08127,3178
08125,36794
08130,136
08131,1048
08126,12260
08132,472
08133,158
08135,8798
08136,16804
08137,362
08129,655
08139,231
08140,6068
08141,5973
08142,176
08143,3681
08145,3847
08146,1923
08147,24132
08148,4127
08149,1190
08144,874
08150,339
08151,547
08152,154
08153,779
08154,915
08155,9646
08156,14917
08157,11636
08905,3015
08158,4232
08159,18907
08160,412
08161,16411
08163,27974
08164,1306
08165,2207
08166,1063
08167,8494
08182,4016
08168,523
08169,65532
08171,2634
08170,551
08230,10419
08172,28523
08174,551
08175,4289
08176,206
08177,51
08178,549
08179,868
08180,39139
08181,10676
08183,6449
08184,78549
08185,236
08901,296
08187,216204
08188,151
08190,283
08191,6717
08194,37283
08195,92
08196,27175
08197,11150
08198,6383
08199,913
08200,83755
08201,573
08203,3570
08202,18176
08204,4193
08205,94012
08206,1004
08207,2997
08208,7771
08210,6406
08211,45463
08212,617
08209,8997
08213,8936
08215,3547
08193,1438
08216,28
08218,10871
08217,34130
08903,235
08220,3152
08221,19379
08222,2459
08223,2514
08225,107
08224,1186
08226,1236
08227,3286
08228,344
08229,614
08231,31525
08232,2411
08233,2488
08234,4671
08189,159
08235,5538
08236,2367
08237,2145
08238,20156
08239,660
08240,12840
08241,76
08098,3243
08262,9868
08264,6523
08265,2077
08263,28115
08243,179
08244,8273
08245,119289
08246,2259
08247,1409
08248,7538
08249,378
08250,10192
08251,7664
08253,161
08256,882
08255,180
08257,129
08259,9666
08258,1065
08260,26033
08261,3650
08192,7566
08267,9347
08269,3696
08270,30217
08271,78
08272,211
08273,3149
08274,5923
08276,325
08277,222
08278,6687
08275,329
08280,113
08281,6532
08279,223011
08282,9009
08283,8368
08284,17788
08285,14553
08286,3852
08287,1429
08288,2479
08289,6126
08290,2096
08291,7082
08292,1375
08293,258
08294,3052
08295,15438
08296,2594
08297,179
08298,47319
08299,424
08301,66707
08300,7621
08305,39969
08306,758
08303,314
08302,12736
08902,5535
08307,67458
08214,9074
08219,20936
08304,1128
08308,175
48001,7618
48002,9436
48911,483
48912,2944
48003,19576
48004,414
48005,160
48006,399
48093,1271
48009,989
48914,424
48010,575
48011,12140
48023,742
48008,726
48091,1366
48070,646
48012,2775
48090,7651
48013,100907
48014,1554
48015,40535
48092,1076
48016,7271
48017,16784
48018,1232
48019,4537
48020,346405
48021,1649
48901,6780
48026,1472
48027,29935
48028,820
48031,344
48032,7383
48902,24489
48033,263
48034,15791
48079,489
48029,11664
48030,790
48906,910
48035,548
48036,29404
48037,842
48038,1383
48039,329
48040,1674
48041,854
48046,17093
48044,77139
48047,200
48042,1723
48043,6022
48045,6699
48048,670
48094,4314
48049,754
48910,3696
48050,240
48022,2759
48907,439
48051,261
48052,2081
48053,1237
48054,32188
48057,7271
48055,3489
48056,1297
48081,2454
48903,2363
48058,1172
48059,521
48060,5072
48061,992
48062,379
48063,422
48064,753
48066,408
48068,1862
48069,17701
48007,484
48908,323
48071,7438
48067,1475
48909,267
48073,8326
48075,2658
48083,8379
48072,1359
48077,4414
48078,45285
48082,46085
48084,27342
48904,4555
48085,14276
48086,2638
48076,347
48087,502
48088,162
48065,4114
48089,5034
48074,4199
48080,11911
48095,3038
48096,8416
48905,3277
48097,1647
48024,1248
48025,1088
48913,1516
48915,411
09001,29
09003,197
09006,56
09007,52
09009,221
09010,33
09011,73
09907,2163
09012,105
09013,47
09014,191
09016,116
09017,158
09018,33084
09019,158
09020,288
09021,47
09022,71
09023,1816
09024,176
09025,118
09026,419
09027,46
09029,182
09030,131
09032,103
09033,80
09034,321
09035,322
09036,31
09037,112
09038,144
09039,65
09041,32
09043,186
09044,51
09045,292
09046,21
09047,57
09048,1754
09050,54
09051,180
09052,27
09054,100
09055,51
09056,6465
09057,196
09058,605
09059,174051
09060,138
09061,166
09062,40
09064,419
09065,169
09066,56
09067,436
09068,25
09070,30
09071,45
09072,448
09073,1414
09074,1175
09075,109
09076,25
09077,29
09078,32
09079,49
09083,25
09082,33
09084,173
09085,648
09088,57
09086,814
09090,49
09091,758
09063,248
09093,190
09094,54
09095,102
09098,532
09100,52
09101,78
09102,35
09103,218
09104,41
09105,104
09108,592
09109,1416
09110,81
09112,105
09113,539
09114,102
09115,105
09117,106
09119,42
09120,43
09122,90
09124,1674
09123,46
09125,604
09127,50
09128,97
09129,94
09130,69
09131,695
09132,178
09133,46
09134,270
09135,40
09136,223
09137,257
09138,106
09139,99
09140,150
09141,770
09143,30
09144,44
09148,111
09149,65
09151,556
09152,374
09154,151
09155,28
09159,72
09160,91
09162,153
09164,169
09163,644
09166,98
09167,56
09168,312
09169,100
09170,226
09172,164
09173,128
09174,908
09175,123
09176,57
09177,1438
09178,37
09179,43
09180,146
09181,291
09182,82
09183,42
09184,10
09189,123
09190,87
09191,31
09192,62
09194,2609
09195,53
09196,155
09197,179
09198,111
09199,104
09200,46
09201,27
09202,22
09206,59
09208,196
09209,5834
09211,1553
09213,284
09214,730
09906,1436
09215,409
09216,431
09217,386
09218,438
09219,35528
09220,85
09221,768
09223,40
09224,164
09225,83
09226,58
09227,152
09228,163
09229,206
09230,31
09231,51
09232,144
09235,190
09236,36
09238,1008
09239,48
09241,355
09242,75
09243,86
09244,45
09246,702
09247,22
09248,87
09249,53
09250,287
09251,423
09253,115
09255,84
09256,485
09259,252
09257,84
09258,165
09261,511
09262,175
09265,37
09266,99
09267,117
09268,99
09269,40
09270,165
09272,294
09273,56
09274,1120
09275,190
09276,513
09277,120
09279,255
09281,157
09280,30
09283,43
09287,274
09288,117
09289,1596
09292,74
09294,117
09901,357
09295,50
09298,79
09301,872
09297,379
09302,98
09303,82
09304,232
09306,95
09307,104
09308,63
09309,336
09310,15
09311,66
09314,106
09316,101
09312,102
09315,564
09317,21
09318,57
09321,2196
09323,64
09325,177
09326,193
09327,29
09328,64
09329,135
09330,1980
09332,189
09334,51
09335,94
09337,156
09338,318
09339,151
09340,69
09360,27
09343,100
09345,132
09346,101
09347,152
09348,147
09350,518
09351,66
09352,104
09353,95
09354,35
09355,85
09356,54
09358,262
09361,115
09362,257
09363,963
09365,25
09366,73
09368,28
09369,469
09372,289
09373,445
09374,113
09375,41
09377,800
09378,34
09380,73
09381,28
09382,22
09384,329
09386,73
09387,120
09388,33
09389,76
09390,591
09391,397
09392,56
09394,757
09395,142
09396,167
09398,68
09400,355
09403,99
09405,124
09406,342
09408,45
09904,530
09908,488
09409,132
09410,3987
09411,169
09902,482
09905,409
09412,901
09413,456
09414,194
09415,339
09416,50
09417,40
09418,81
09419,67
09407,24
09422,19
09421,276
09423,26
09427,1484
09428,97
09429,57
09430,27
09431,115
09432,168
09433,58
09434,1853
09437,291
09438,707
09439,1454
09440,86
09441,99
09442,415
09443,155
09444,64
09445,44
09446,10
09447,44
09448,225
09449,114
09450,24
09451,274
09454,39
09455,48
09456,151
09903,4029
09458,690
09460,176
09463,258
09464,42
09466,122
09467,74
09471,209
09472,52
09473,90
09476,68
09424,38
09425,532
09478,46
09480,117
09482,34
09483,207
09485,56
10001,359
10002,400
10003,560
10004,813
10005,587
10006,1393
10903,933
10007,681
10008,1386
10009,279
10010,2486
10012,610
10013,299
10011,568
10014,2035
10015,729
10016,372
10017,783
10018,1751
10019,1700
10020,1796
10021,5663
10023,844
10022,433
10024,749
10025,363
10026,745
10027,79
10028,102
10029,416
10030,485
10031,187
10032,1790
10033,419
10034,344
10035,2141
10036,323
10037,95418
10038,95
10039,417
10040,464
10041,1161
10042,78
10043,824
10044,1622
10045,1024
10046,198
10047,1080
10048,225
10049,4516
10050,1059
10051,383
10052,178
10053,277
10056,556
10057,129
10054,531
10055,787
10058,1343
10059,344
10060,1021
10061,1801
10062,424
10063,153
10064,1617
10065,217
10066,192
10067,12330
10068,847
10069,837
10070,684
10071,107
10072,897
10073,862
10075,264
10076,902
10077,700
10079,924
10078,358
10080,374
10081,178
10082,1955
10083,96
10084,1413
10085,382
10086,318
10087,1822
10088,197
10089,1513
10090,514
10091,388
10092,268
10093,415
10094,230
10095,329
10096,3952
10097,106
10098,391
10099,620
10100,882
10101,210
10102,540
10103,457
10104,6499
10105,2843
10106,136
10107,1256
10108,185
10109,1944
10110,2658
10111,1566
10112,1694
10113,2446
10114,1345
10115,4060
10116,4637
10117,247
10118,284
10119,587
10120,162
10121,9503
10122,255
10123,669
10124,849
10125,920
10126,1654
10127,5680
10128,6685
10129,371
10130,2035
10131,17010
10132,393
10133,1261
10134,631
10135,1224
10136,286
10137,396
10138,606
10139,77
10140,1401
10141,297
10142,943
10143,138
10144,1013
10145,137
10146,1682
10147,1485
10148,39558
10149,477
10150,371
10151,220
10152,435
10905,767
10153,287
10154,208
10155,1197
10156,85
10157,262
10158,362
10159,286
10160,259
10901,1383
10161,86
10162,566
10163,284
10164,754
10165,273
10166,324
10167,296
10168,301
10169,488
10170,234
10171,354
10172,748
10173,869
10174,190
10175,1503
10176,409
10177,1984
10178,796
10179,316
10180,7328
10181,770
10904,878
10182,155
10183,1065
10184,843
10187,495
10188,528
10185,648
10186,1075
10190,550
10189,2894
10191,587
10192,770
10193,1675
10194,566
10195,8821
10196,312
10197,113
10198,1147
10199,179
10200,346
10201,207
10202,654
10203,5325
10204,438
10205,2190
10902,845
10206,213
10207,456
10208,128
10209,263
10210,405
10211,470
10212,2114
10214,239
10213,560
10215,388
10216,1792
10217,529
10218,1192
10219,1324
11001,5245
11002,5031
11003,1442
11004,122982
11005,5526
11006,30902
11007,22761
11008,23983
11901,7020
11009,695
11010,7655
11011,2223
11012,114244
11013,3070
11015,86306
11016,19368
11014,23182
11017,3845
11018,1709
11019,2030
11020,212801
11021,6665
11022,63365
11023,11813
11024,8016
11025,5470
11026,5655
11027,89060
11028,41771
11029,6954
11030,29326
11031,94867
11902,4432
11903,2821
11033,32178
11032,69507
11034,2698
11035,18466
11036,800
11037,7042
11038,16482
11039,12572
11040,464
11041,12125
11042,1391
39001,2437
39002,4368
39003,266
39004,1703
39005,1834
39006,2144
39007,470
39008,18116
39009,4399
39010,671
39011,2129
39012,8273
39013,580
39014,985
39015,956
39016,30497
39027,3692
39017,680
39018,5750
39019,3029
39020,32975
39021,548
39022,1299
39023,8504
39024,2117
39025,10703
39026,2054
39028,5357
39029,762
39030,2410
39031,1644
39032,1604
39033,589
39034,268
39035,10996
39036,1216
39037,2403
39038,1961
39039,623
39040,5186
39041,2080
39042,7606
39043,2174
39044,5059
39045,386
39046,1494
39047,2650
39048,2168
39049,318
39050,294
39051,82
39052,26035
39053,215
39054,5978
39055,1322
39056,2902
39057,2902
39058,971
39059,8810
39060,8382
39061,4629
39062,2382
39063,1042
39064,1645
39065,257
39066,1034
39067,826
39068,741
39069,2355
39070,148
39071,474
39072,337
39080,4073
39073,13292
39074,9205
39075,172221
39076,4231
39077,244
39078,1695
39079,11011
39081,519
39082,1854
39083,1153
39084,1048
39085,9026
39086,397
39087,51237
39088,59
39089,148
39090,930
39095,2786
39091,2157
39092,922
39093,316
39094,961
39101,276
39096,718
39097,748
39098,1625
39099,3958
39100,1012
39102,2789
12002,135
12003,1253
12004,6691
12005,10428
12006,196
12007,870
12008,240
12009,26878
12010,254
12011,6254
12901,4539
12012,3658
12013,152
12014,175
12015,147
12016,1970
12001,1292
12017,158
12018,319
12020,185
12022,390
12024,173
12025,145
12026,1055
12027,27658
12028,18991
12029,1075
12021,5605
12032,34903
12031,5552
12033,3027
12034,2002
12036,687
12037,22
12038,179
12039,914
12040,172589
12041,103
12042,714
12043,663
12044,577
12053,2795
12055,109
12056,302
12045,404
12046,211
12048,291
12049,531
12050,1792
12051,510
12057,749
12058,84
12059,273
12060,531
12061,454
12063,49
12064,93
12065,186
12067,628
12068,53
12069,49
12070,664
12071,1650
12074,983
12072,1308
12073,155
12075,169
12076,73
12077,6958
12078,365
12079,544
12080,2406
12081,750
12082,13256
12083,117
12084,24939
12085,9755
12087,36
12088,72
12089,7882
12090,114
12093,213
12094,1239
12091,181
12092,158
12095,1156
12096,904
12097,57
12098,683
12101,468
12902,3307
12099,1063
12100,1968
12102,755
12104,9139
12103,92
12105,992
12106,1479
12107,428
12108,554
12109,843
12110,245
12111,419
12112,145
12113,101
12114,247
12115,239
12116,63
12119,167
12120,157
12117,5606
12118,93
12121,1358
12122,968
12124,2943
12125,286
12126,31549
12123,57
12127,67
12128,1840
12129,2201
12132,578
12134,174
12135,51130
12136,3111
12130,476
12131,92
12133,82
12137,46
12138,28862
12139,337
12140,1661
12052,686
12141,116
12142,175
51001,83517
13001,1339
13002,1638
13003,470
13004,1099
13005,30548
13006,540
13007,1363
13008,466
13009,1598
13010,989
13011,5105
13012,398
13013,8896
13014,497
13015,5947
13016,750
13017,274
13903,572
13018,1033
13019,6844
13020,5853
13021,408
13022,370
13023,11992
13024,1002
13025,307
13026,465
13027,3615
13028,13229
13029,105
13030,116
13031,3086
13032,1175
13033,1833
13038,1777
13034,75104
13035,1102
13036,876
13037,923
13039,17771
13040,979
13041,248
13042,1018
13043,214
13044,3141
13045,719
13046,725
13047,8510
13048,503
13049,826
13050,563
13904,700
13051,365
13052,7842
13053,17845
13054,5927
13055,662
13056,15658
13057,1256
13058,5211
13059,208
13060,287
13061,7325
13062,661
13063,4390
13064,2759
13065,3495
13066,3623
13067,352
13068,1141
13069,687
13070,890
13071,46036
13072,930
13901,1058
13902,563
13073,540
13074,1087
13075,211
13076,515
13077,4017
13078,12067
13080,322
13079,15357
13081,633
13082,35984
13083,2990
13084,990
13085,2708
13086,164
13087,30218
13088,658
13089,1770
13090,1114
13091,612
13092,1985
13093,4852
13094,280
13095,56
13096,9722
13097,2723
13098,2224
14001,4141
14002,13398
14003,1481
14004,2352
14005,8036
14006,1526
14007,18885
14008,3207
14009,2905
14010,4982
14011,659
14012,7316
14013,20245
14014,2888
14015,2374
14016,1473
14017,14228
14018,4382
14019,7740
14020,372
14021,322071
14022,4603
14023,2399
14024,2256
14025,3272
14026,2424
14027,9667
14901,1133
14028,337
14029,4505
14030,9803
14031,676
14032,432
14033,1562
14902,1365
14034,349
14035,6684
14036,4517
14037,4106
14038,42712
14039,2945
14040,4517
14041,3851
14042,22633
14043,9231
14044,1948
14045,3721
14046,5341
14047,2025
14048,1463
14049,20910
14050,2808
14051,1491
14052,10508
14053,7296
14054,17156
14055,22251
14056,29767
14057,7515
14058,9835
14059,829
14061,747
14060,4611
14062,1020
14063,1098
14064,346
14065,2336
14066,7016
14067,4897
14068,640
14069,8662
14070,1451
14071,997
14072,1102
14073,3191
14074,2537
14075,634
15001,5494
15002,31993
15003,1833
15004,5997
15005,32894
15006,5964
15007,3389
15008,6817
15009,13030
15010,1943
15011,18955
15012,4186
15013,7957
15014,4185
15015,3359
15016,5224
15017,24616
15018,1242
15019,31414
15901,3763
15020,3854
15021,6574
15022,6650
15023,7568
15024,4996
15025,1075
15027,1873
15028,1606
15029,5878
15030,245468
15031,30758
15032,4081
15033,2710
15034,2927
15035,12832
15036,64785
15037,4714
15038,2306
15039,1340
15041,11521
15040,3004
15042,3235
15043,5332
15044,1309
15045,3806
15046,7427
15047,2479
15048,6423
15049,1200
15050,1908
15051,5226
15053,8399
15052,4564
15054,38913
15055,5032
15056,6775
15057,14240
15058,36922
15059,12605
15060,7530
15061,5485
15062,6150
15902,5170
15064,2393
15065,8317
15066,4639
15067,9291
15068,5457
15069,7687
15070,10032
15071,9155
15072,11004
15073,26839
15074,4493
15075,16382
15076,2812
15077,9359
15078,97858
15079,1529
15080,1778
15081,1076
15082,18778
15083,1101
15084,3228
15085,3495
15086,3059
15088,3816
15087,6872
15089,5032
15091,1219
15090,1219
15092,6925
15093,4384
16001,57
16002,227
16003,151
16004,236
16005,256
16006,122
16007,1581
16008,85
16009,48
16010,128
16011,29
16012,86
16013,24
16014,644
16015,414
16016,234
16017,383
16018,440
16019,200
16020,7
16905,1867
16022,73
16024,135
16025,20
16026,103
16027,1005
16029,94
16030,20
16031,38
16032,369
16033,1810
16034,143
16035,230
16036,139
16038,32
16039,454
16040,105
16041,410
16042,1246
16043,101
16044,32
16901,714
16045,170
16046,224
16047,241
16048,459
16049,140
16050,236
16051,130
16052,766
16053,428
16055,778
16056,488
16057,67
16058,101
16060,816
16061,1147
16062,29
16063,119
16064,835
16065,417
16066,3089
16067,122
16068,129
16070,29
16072,128
16071,20
16073,217
16023,698
16081,58
16074,34
16078,53988
16079,35
16082,303
16083,37
16084,49
16085,143
16086,1209
16087,246
16088,103
16904,527
16089,466
16091,57
16092,170
16093,63
16094,148
16095,91
16096,354
16097,137
16098,690
16099,195
16100,765
16101,159
16102,1507
16103,250
16104,62
16106,3545
16107,78
16108,84
16109,53
16110,126
16111,185
16112,1746
16113,4355
16115,54
16116,55
16117,1211
16118,1562
16119,209
16121,234
16122,304
16123,61
16124,2310
16125,2237
16126,908
16128,52
16129,99
16130,670
16131,119
16132,32
16133,6035
16134,5964
16135,129
16137,42
16139,295
16140,21
16141,130
16142,142
16143,15
16145,455
16146,77
16147,56
16148,571
16149,157
16150,91
16151,57
16152,33
16153,1132
16154,6638
16155,633
16156,93
16157,209
16158,660
16159,191
16160,61
16161,45
16162,35
16163,58
16165,58
16166,289
16908,191
16167,322
16169,40
16170,892
16171,2416
16172,334
16174,185
16175,7616
16176,53
16177,111
16181,60
16185,42
16186,459
16187,74
16188,100
16189,287
16190,6953
16191,1052
16192,45
16193,50
16194,232
16196,681
16195,534
16197,62
16198,1619
16199,27
16909,681
16202,849
16203,15645
16204,292
16205,115
16206,201
16209,109
16211,358
16212,281
16213,36
16215,261
16216,268
16217,97
16218,226
16219,89
16906,70
16224,73
16225,56
16227,112
16228,204
16902,124
16903,1479
16231,46
16173,198
16234,21
16236,1108
16237,95
16238,473
16239,130
16240,112
16242,323
16243,471
16244,719
16245,469
16246,492
16247,73
16248,993
16249,2466
16250,67
16251,2280
16253,386
16254,207
16255,147
16263,1313
16258,173
16259,45
16910,73
16264,401
16265,23
16266,384
16269,447
16270,200
16271,808
16272,214
16273,335
16274,120
16275,11
16276,17
16277,106
16278,57
16279,269
16280,159
20001,312
20002,482
20016,2056
20003,795
20004,316
20005,1762
20006,362
20906,177
20007,447
20008,945
20009,14631
20010,2086
20011,2081
20012,200
20013,7108
20055,21867
20014,1549
20903,7185
20015,1697
20017,11657
20018,15191
20904,153
20019,13949
20020,144
20021,253
20022,1099
20074,14584
20023,598
20024,534
20029,5441
20069,188102
20030,27467
20031,244
20033,1141
20032,11464
20067,39219
20066,578
20034,4131
20035,614
20038,502
20037,126
20907,173
20039,2794
20040,20362
20041,321
20036,16852
20042,4220
20043,2281
20044,485
20045,62933
20046,1877
20047,658
20048,259
20902,18893
20049,6007
20050,380
20051,8367
20052,1440
20068,211
20053,6062
20054,625
20901,1983
20057,256
20056,5284
20063,10291
20058,938
20059,11428
20076,10420
20905,230
20060,117
20061,6096
20062,1248
20064,15867
20070,1461
20065,3903
20071,19795
20072,6197
20077,6773
20073,6132
20075,5864
20078,1636
20079,23271
20025,1550
20026,282
20027,3769
20028,3001
20081,10124
20080,9668
17001,885
17002,789
17003,178
17004,798
17006,1645
17007,2383
17008,5709
17009,6507
17010,417
17011,998
17012,1657
17015,20168
17016,1015
17013,4039
17018,699
17019,2502
17020,5094
17021,187
17022,11190
17234,244
17023,40274
17029,271
17024,489
17025,1796
17026,752
17027,3836
17028,390
17031,266
17030,941
17032,2820
17033,8051
17034,11484
17035,711
17036,3225
17037,149
17038,533
17039,2435
17040,749
17041,305
17042,618
17044,10505
17046,939
17047,11154
17048,11455
17189,1973
17049,5606
17050,973
17051,282
17054,462
17055,188
17057,1275
17056,2422
17058,270
17901,1327
17060,540
17061,248
17062,10497
17063,239
17064,412
17065,469
17005,619
17066,47043
17067,1147
17068,299
17069,506
17070,157
17071,1468
17902,1708
17073,2700
17074,793
17075,464
17076,170
17077,909
17078,502
17079,101932
17080,196
17081,421
17082,588
17083,4332
17084,314
17085,382
17086,3340
17087,327
17088,845
17089,8851
17090,730
17091,535
17092,4842
17093,1252
17094,1504
17095,38402
17096,209
17102,729
17103,7349
17097,296
17098,469
17100,284
17101,803
17099,97
17105,349
17106,197
17107,347
17109,951
17110,1672
17111,1434
17112,240
17114,36299
17115,369
17116,426
17117,23046
17118,18196
17119,111
17121,323
17120,1490
17123,446
17124,2516
17125,166
17126,413
17128,588
17129,187
17130,448
17132,1945
17133,1711
17134,311
17135,518
17136,264
17137,4701
17140,1010
17138,1095
17139,1875
17141,9518
17142,3856
17043,191
17143,206
17144,282
17145,1787
17146,4268
17147,10721
17148,2283
17149,511
17150,2076
17151,244
17152,19921
17153,296
17154,164
17155,32230
17157,156
17183,353
17158,712
17159,808
17160,22210
17161,1456
17162,247
17163,4012
17164,5758
17165,852
17167,3250
17168,501
17185,3050
17166,796
17169,3612
17903,1314
17171,267
17172,663
17173,244
17174,243
17175,755
17176,157
17177,725
17178,2083
17180,13459
17181,5408
17182,378
17184,1585
17186,5231
17187,865
17188,212
17190,1143
17191,235
17192,185
17193,6349
17052,179
17194,99
17195,466
17196,334
17197,160
17198,726
17199,12023
17200,816
17201,178
17202,5930
17204,1167
17205,258
17203,226
17206,210
17014,88
17208,1315
17207,3115
17170,213
17209,918
17210,914
17211,1183
17212,186
17213,8073
17214,969
17215,3225
17217,471
17216,214
17218,835
17220,1102
17221,5480
17223,1124
17224,386
17225,371
17226,1154
17227,205
17228,399
17230,761
17222,162
17233,3310
17232,230
18001,255
18002,564
18003,19128
18004,722
18005,403
18006,7473
18007,786
18010,623
18011,5497
18012,2440
18013,5667
18014,9674
18015,468
18016,330
18017,25890
18904,952
18018,561
18020,624
18021,24388
18022,19198
18023,20281
18024,980
18025,323
18027,3289
18028,1064
18029,2284
18030,715
18032,322
18033,286
18034,555
18035,1492
18036,5262
18114,664
18037,644
18038,1228
18039,4038
18040,388
18042,580
18043,200
18044,240
18045,1288
18046,2018
18047,8181
18059,5624
18061,1244
18062,15741
18048,3472
18049,630
18050,2015
18051,1298
18053,1870
18054,990
18912,1742
18056,4079
18057,7719
18063,1636
18064,412
18065,685
18066,2625
18067,776
18068,2137
18069,637
18915,862
18070,362
18071,7168
18072,806
18074,293
18076,955
18077,534
18078,936
18079,4415
18905,22051
18082,1107
18083,220
18084,5993
18085,729
18086,382
18087,231775
18088,1839
18089,18462
18906,1074
18093,5287
18094,2906
18095,2658
18096,384
18097,1193
18098,7236
18099,1897
18100,10514
18101,12120
18102,10080
18103,974
18105,5094
18106,609
18107,1045
18108,954
18109,985
18111,3928
18112,136
18115,3550
18116,3612
18117,571
18119,2197
18120,337
18121,130
18122,20465
18123,311
18124,476
18126,1788
18127,22358
18128,414
18132,3613
18133,2748
18134,8137
18135,5336
18136,2072
18137,1127
18138,3106
18909,589
18140,58545
18141,460
18903,1116
18143,1198
18144,1094
18145,14559
18146,1192
18147,5866
18148,1012
18150,8934
18151,315
18152,1148
18153,11544
18154,1170
18910,886
18157,1518
18158,9853
18159,1102
18161,261
18162,1714
18163,387
18164,2227
18165,5480
18167,2320
18168,987
18170,384
18171,2638
18173,12472
18174,543
18175,15175
18176,259
18177,524
18901,715
18178,715
18916,2892
18179,634
18180,721
18181,232
18182,2550
18914,2059
18907,2117
18902,917
18183,705
18911,11678
18184,2923
18185,666
18149,7173
18908,963
18187,561
18188,2038
18189,1000
18192,2096
18913,914
18193,19473
18194,2516
19001,55
19002,60
19003,32
19004,57
19005,127
19006,1080
19007,479
19008,45
19009,326
19010,16
19011,326
19013,128
19015,99
19016,53
19017,82
19018,157
19019,15
19020,55
19021,1307
19022,694
19023,161
19024,13051
19027,153
19031,8
19032,152
19033,59
19034,26
19036,370
19037,139
19038,20
19039,70
19040,55
19041,240
19042,22
19043,100
19044,395
19045,140
19046,35236
19047,63
19048,21
19049,13
19050,17
19051,53
19052,21
19053,2467
19054,201
19055,48
19057,76
19058,10844
19059,75
19060,167
19061,66
19064,76
19065,146
19066,57
19067,56
19070,98
19071,12710
19073,19
19074,116
19075,61
19076,32
19078,60
19079,6
19080,66
19081,24
19082,143
19103,286
19104,17
19106,84
19105,3797
19086,1611
19087,20
19088,117
19089,23
19090,109
19091,21
19092,552
19095,10
19096,111
19097,12
19098,31
19099,342
19102,129
19107,361
19108,105
19109,33
19110,57
19111,201
19112,64
19113,627
19114,39
19115,29
19116,10
19117,2523
19118,13
19119,86
19120,132
19121,299
19122,92
19123,54
19124,566
19125,57
19126,2579
19127,95
19129,31
19130,87064
19132,86
19133,239
19134,26
19135,117
19136,18
19138,292
19139,39
19142,378
19143,2702
19145,38
19146,52
19147,41
19148,58
19150,105
19151,1577
19152,776
19153,22
19154,61
19155,82
19156,1383
19157,51
19159,113
19160,1396
19161,268
19162,65
19163,65
19165,58
19166,180
19167,175
19168,290
19169,30
19170,232
19171,7889
19172,49
19173,65
19174,97
19175,31
19176,270
19177,63
19178,35
19179,102
19181,54
19182,40
19184,108
19183,73
19185,34
19186,78
19187,59
19188,42
19189,174
19190,3217
19191,14
19192,2745
19193,28
19194,102
19195,50
19196,101
19197,31
19198,17
19199,17
19200,69
19201,63
19202,15
19203,37
19204,210
19208,44
19209,40
19210,24
19211,455
19212,839
19213,66
19214,75
19215,151
19216,155
19217,40
19218,51
19219,10
19220,4687
19221,49
19222,104
19223,116
19224,104
19225,1392
19226,40
19227,57
19228,35
19229,59
19230,921
19231,10
19232,62
19233,109
19234,52
19235,106
19237,47
19238,61
19239,127
19240,40
19241,34
19242,104
19243,40
19244,91
19245,1530
19246,39
19247,141
19248,74
19249,39
19250,15
19251,54
19252,64
19254,43
19901,36
19255,85
19256,49
19257,4298
19258,87
19259,30
19260,41
19261,30
19262,146
19263,45
19264,33
19265,144
19266,298
19267,20
19268,48
19269,80
19271,50
19270,10
19272,94
19274,1577
19279,470
19277,18
19278,28
19280,5892
19281,20
19282,174
19283,38
19284,8
19285,23
19286,1240
19287,184
19288,17
19289,27
19290,1327
19291,1363
19293,2933
19294,30
19296,37
19297,43
19298,82
19299,100
19300,1144
19301,38
19302,52
19303,39
19304,299
19305,145
19306,25
19307,24
19308,64
19309,25
19310,8
19311,92
19314,45
19317,138
19318,40
19319,6591
19321,48
19322,25
19323,40
19324,180
19325,182
19326,4636
19327,465
19329,62
19330,77
19331,4364
19332,91
19333,104
19334,56
19335,63
21001,814
21002,21706
21003,835
21004,1786
21005,24577
21006,3929
21007,8215
21008,3046
21009,950
21010,21510
21011,4464
21012,312
21013,14392
21014,6075
21015,716
21016,1158
21017,2763
21018,1996
21019,731
21020,401
21021,20314
21022,230
21023,2320
21030,2242
21024,571
21025,4635
21026,303
21027,53
21028,374
21029,1734
21031,1292
21032,2294
21033,751
21034,1373
21035,12810
21036,242
21037,517
21038,1326
21039,338
21040,3903
21041,142538
21042,21516
21043,2247
21044,28293
21045,268
21046,3187
21047,2152
21048,410
21049,3778
21050,22061
21051,255
21052,5127
21053,4158
21054,10787
21055,12001
21056,3478
21057,1149
21058,3154
21059,281
21060,15891
21061,7834
21062,1682
21063,3846
21064,9503
21066,653
21065,380
21067,489
21068,1055
21069,2034
21070,7906
21071,236
21072,12714
21073,2911
21074,3334
21075,385
21076,2849
21077,2203
21078,3055
21902,1252
21079,785
22001,271
22002,143
22003,190
22004,139
22907,2312
22006,336
22007,1125
22008,188
22009,686
22011,118
22012,137
22013,306
22014,230
22015,337
22016,627
22017,1200
22018,372
22019,208
22020,133
22021,2412
22022,689
22023,454
22024,338
22025,1441
22027,370
22028,397
22029,137
22032,116
22035,318
22036,114
22037,153
22039,1028
22040,177
22041,162
22042,148
22043,94
22044,263
22045,71
22046,849
22047,327
22048,17146
22049,91
22050,100
22051,106
22052,1307
22053,1162
22054,2239
22246,74
22055,308
22057,481
22058,254
22059,1550
22060,1597
22061,9888
22062,176
22063,191
22064,179
22066,1065
22067,90
22068,83
22069,564
22072,222
22074,459
22075,123
22076,348
22077,402
22078,599
22079,208
22080,350
22081,290
22083,497
22084,791
22082,345
22085,103
22086,240
22087,80
22088,164
22089,333
22094,114
22095,83
22096,411
22090,118
22099,649
22102,204
22103,803
22105,120
22106,21
22107,103
22109,344
22110,845
22111,158
22112,15250
22113,612
22114,133
22115,393
22116,1740
22117,3434
22119,1478
22122,68
22908,240
22124,227
22125,53429
22126,113
22127,703
22128,185
22129,247
22130,13344
22131,94
22133,154
22135,194
22136,885
22137,1195
22139,92
22141,133
22142,147
22143,222
22144,288
22149,345
22150,574
22151,93
22905,348
22155,69
22156,432
22157,215
22158,17362
22160,261
22162,147
22163,587
22164,58
22165,500
22167,671
22168,28
22170,849
22172,692
22173,255
22174,576
22175,226
22176,224
22177,107
22178,129
22181,96
22182,274
22184,199
22186,234
22187,391
22188,96
22902,251
22189,212
22190,167
22193,326
22195,291
22197,525
22199,9352
22200,302
22201,309
22202,193
22203,107
22204,1519
22205,570
22207,148
22903,795
22206,219
22208,245
22209,193
22906,204
22212,75
22213,4173
22214,149
22215,154
22217,491
22218,45
22220,162
22221,123
22222,710
22223,93
22904,903
22225,3449
22226,938
22227,224
22228,800
22229,126
22230,299
22232,109
22233,95
22234,1279
22235,91
22236,251
22239,100
22242,65
22243,64
22901,817
22244,46
22245,480
22909,399
22247,41
22248,122
22249,171
22250,524
22251,364
22252,152
22253,60
22254,1860
23001,992
23002,21623
23003,10434
23004,487
23005,36212
23006,5450
23007,3545
23008,1708
23905,2243
23009,15762
23010,17498
23011,2596
23012,5115
23902,2656
23014,2998
23015,1542
23016,443
23017,1786
23018,2662
23019,1743
23020,1822
23021,608
23901,1320
23024,15048
23025,3267
23026,4019
23027,775
23028,7248
23029,917
23030,1392
23031,940
23032,609
23033,1599
23034,3011
23035,1313
23037,593
23038,5082
23039,2714
23041,601
23042,356
23043,601
23044,5682
23045,2475
23046,2808
23047,1892
23048,907
23049,2013
23050,111932
23051,3302
23052,1249
23053,11583
23040,1652
23054,467
23055,56525
23056,3640
23057,830
23058,11315
23059,6726
23060,24271
23061,9973
23062,1635
23063,4473
23064,1884
23065,1761
23066,5325
23067,2859
23069,6115
23070,4706
23071,2166
23072,2250
23073,5161
23074,3516
23075,3867
23076,887
23077,670
23904,2832
23079,4472
23080,2118
23081,1771
23082,2209
23084,1075
23085,2422
23086,14059
23087,13545
23088,7194
23090,1350
23091,760
23092,34208
23093,3649
23094,4376
23095,10545
23096,3026
23097,7967
23098,956
23099,6106
23101,392
23903,4311
24001,185
24002,283
24003,594
24004,596
24005,351
24006,562
24007,788
24008,10553
24009,287
24010,10068
24011,167
24012,308
24014,8455
24015,2426
24016,464
24017,541
24018,178
24019,347
24020,444
24021,1819
24022,306
24023,306
24024,725
24025,294
24026,1113
24027,1331
24028,409
24029,731
24030,4888
24031,217
24032,113
24033,211
24034,4105
24036,255
24037,335
24038,3403
24039,2266
24040,452
24041,511
24042,65
24043,108
24044,149
24046,940
24047,720
24049,1605
24050,111
24051,402
24052,141
24053,423
24065,2596
24054,441
24055,737
24056,3038
24057,1431
24058,193
24059,862
24060,522
24061,2057
24062,133
24063,389
24064,1796
24066,441
24067,661
24068,450
24069,33
24070,4346
24071,1034
24073,478
24074,81
24076,1589
24077,255
24078,350
24079,925
24080,205
24081,127
24082,977
24083,1109
24084,150
24086,270
24087,633
24088,1057
24089,122051
24092,807
24090,377
24091,564
24093,358
24094,1708
24095,326
24096,113
24097,229
24098,1278
24099,167
24100,891
24101,367
24102,625
24103,273
24104,261
24105,1857
24106,231
24107,232
24108,373
24109,912
24110,1244
24112,269
24113,388
24114,3060
24115,63747
24116,424
24117,404
24118,99
24119,754
24120,337
24121,672
24122,1438
24123,718
24124,356
24125,411
24127,271
24129,131
24130,471
24131,708
24132,616
24133,386
24134,3714
24136,512
24137,1108
24139,2441
24141,100
24142,30160
24144,658
24145,630
24146,252
24148,1780
24149,173
24150,230
24143,536
24151,478
24152,518
24153,262
24154,1029
24155,468
24158,332
24156,217
24157,3109
24159,1848
24160,728
24161,343
24162,2079
24163,5170
24164,367
24165,292
24166,1518
24167,770
24168,508
24206,1809
24169,3017
24170,2079
24171,336
24172,418
24173,1003
24174,480
24185,496
24175,2208
24176,310
24177,515
24178,70
24179,309
24180,1207
24181,1575
24182,435
24183,836
24184,195
24187,936
24188,5159
24191,123
24189,7442
24190,152
24193,414
24196,2005
24197,824
24198,578
24194,262
24199,426
24201,1149
24202,8226
24203,92
24205,1214
24207,299
24209,2806
24210,636
24211,292
24901,912
24212,1083
24213,156
24214,682
24215,150
24216,711
24217,129
24218,495
24219,515
24902,318
24221,828
24222,18597
24223,2945
24224,587
24225,1121
24226,181
24227,1865
24228,636
24229,392
24230,419
25001,171
25002,588
25003,5464
25038,2493
25004,773
25005,322
25006,357
25007,2224
25008,1561
25009,749
25010,233
25011,9678
25012,3492
25013,2759
25014,301
25015,423
25016,3065
25017,279
25019,6875
25020,310
25021,3365
25022,122
25023,6274
25024,430
25027,1356
25029,2141
25031,67
25032,85
25033,1525
25034,3441
25036,207
25037,447
25039,342
25040,17409
25041,943
25042,229
25044,224
25045,66
25046,521
25170,292
25047,1225
25048,2329
25049,182
25050,5151
25051,2135
25052,2258
25053,1533
25055,178
25057,285
25058,6195
25059,1120
25056,261
25060,60
25061,94
25062,807
25063,89
25904,169
25064,136
25067,900
25068,692
25069,529
25070,976
25071,46
25072,9328
25073,665
25074,202
25075,158
25076,143
25077,548
25163,277
25161,421
25078,1499
25079,357
25081,328
25082,366
25088,129
25085,172
25086,832
25087,64
25089,116
25908,260
25092,145
25093,781
25094,195
25096,1247
25097,101
25098,262
25912,1118
25099,1855
25100,232
25101,705
25102,931
25103,145
25105,154
25104,159
25109,263
25903,300
25110,7291
25111,126
25115,1060
25112,335
25113,1553
25114,110
25910,100
25118,397
25119,3569
25121,966
25122,2724
25123,244
25124,187
25125,429
25126,345
25120,140080
25127,288
25128,155
25129,187
25133,926
25130,237
25131,599
25132,223
25134,789
25135,1366
25137,14545
25136,102
25139,596
25140,1081
25138,655
25142,493
25141,191
25143,91
25145,88
25025,1941
25146,293
25148,253
25149,1857
25150,201
25151,962
25152,169
25153,202
25154,127
25155,766
25156,1000
25157,196
25158,2205
25164,443
25165,348
25166,188
25167,290
25911,503
25168,667
25169,198
25171,3050
25030,174
25173,2331
25172,2629
25174,727
25175,251
25176,391
25177,421
25179,246
25180,265
25181,230
25182,1384
25183,658
25905,431
25185,947
25186,281
25913,93
25189,3186
25190,343
25191,396
25196,122
25192,1059
25197,184
25193,985
25902,649
25194,497
25201,120
25200,357
25202,150
25035,426
25204,1923
25203,12252
25205,755
25206,337
25207,9175
25208,431
25209,2181
25210,1781
25211,844
25212,334
25215,489
25216,287
25217,17649
25218,105
25219,187
25220,1330
25221,131
25222,73
25223,1209
25224,145
25225,826
25227,765
25226,298
25228,4702
25907,602
25230,2157
25231,759
25232,2381
25233,383
25234,5893
25043,1060
25901,382
25238,236
25240,1912
25906,264
25239,800
25909,156
25242,880
25243,5674
25244,587
25245,554
25247,164
25248,1178
25254,1127
25249,194
25250,427
25251,1000
25252,761
25253,192
25255,464
27001,2297
27002,1610
27003,1935
27004,1190
27901,2445
27005,3001
27006,2826
27007,2976
27008,1407
27902,9428
27009,2123
27010,5110
27011,2609
27012,1288
27013,4192
27016,8134
27014,3440
27015,4374
27017,989
27018,3328
27019,10078
27020,3682
27022,5455
27023,2638
27024,1521
27026,2551
27027,2129
27028,97613
27029,1731
27030,3480
27031,18242
27032,3562
27033,611
27034,1041
27035,223
27037,1018
27038,984
27039,5216
27040,3316
27041,2429
27042,1723
27043,1347
27044,2918
27045,943
27047,1615
27046,1634
27048,2207
27049,1382
27050,3151
27056,1524
27051,9871
27052,946
27053,513
27054,1213
27055,1222
27057,13257
27058,3589
27059,2243
27060,2689
27061,1114
27062,627
27063,1960
27064,1657
27065,14006
27066,15312
27021,1768
27025,3360
28001,55
28002,4676
28003,246
28004,9908
28005,195982
28006,116589
28007,170817
28008,3085
28009,20749
28010,14959
28011,662
28012,1359
28013,59833
28014,56386
28015,33687
28016,109
28017,1820
28018,6108
28019,1751
28021,796
28020,216
28022,59052
28023,8009
28024,218
28025,523
28026,10726
28027,1940
28028,2701
28029,837
28030,2782
28031,3203
28032,7555
28033,6416
28034,461
28035,2142
28036,3939
28037,2083
28038,7359
28039,158
28051,2494
28052,5506
28040,25083
28041,7444
28046,7348
28047,63825
28043,8303
28042,1875
28045,52480
28044,9376
28048,742
28049,81273
28050,6642
28053,10520
28054,16594
28055,1381
28056,1742
28057,2416
28058,192233
28059,6883
28060,2228
28061,34712
28062,411
28063,344
28064,191
28065,183095
28066,10467
28067,6594
28068,16747
28069,72
28070,170
28071,106
28072,8680
28073,19736
28074,187762
28075,8860
28076,593
28901,1407
28078,57
28079,3305408
28080,72034
28082,9202
28083,14903
28084,23737
28085,6585
28086,9291
28087,4563
28088,365
28089,5294
28090,13573
28091,7924
28092,209639
28093,3220
28094,1573
28095,2720
28096,30695
28097,141
28099,3062
28100,6630
28101,357
28102,1291
28104,26235
28106,131689
28107,524
28108,6226
28109,2827
28110,3059
28111,927
28112,196
28113,53537
28114,185
28115,87134
28116,1190
28117,149
28118,75
28902,719
28119,3593
28120,1754
28121,294
28122,863
28123,92925
28124,97
28125,4479
28126,71
28127,94862
28128,590
28129,13538
28130,39313
28131,18454
28132,19853
28133,8760
28134,90962
28135,1436
28136,925
28137,2729
28138,96
28140,4429
28141,9345
28143,87
28144,9091
28145,4123
28146,2781
28147,1360
28148,132771
28149,9549
28150,4594
28151,4897
28152,24122
28153,1079
28154,7729
28903,48751
28155,612
28156,1670
28157,1026
28158,1012
28159,789
28160,13245
28161,77587
28162,4309
28163,612
28164,4696
28165,3079
28166,518
28167,12543
28168,2083
28169,2387
28171,6837
28170,3464
28172,15049
28173,762
28174,2643
28175,1514
28176,22580
28178,1599
28177,17310
28179,2211
28180,7552
28181,28030
28182,276
28183,1786
29001,5453
29002,2366
29003,1057
29004,358
29005,6551
29006,825
29007,41868
29008,26095
29009,1843
29010,1944
29011,3859
29012,13336
29013,2090
29014,261
29015,41348
29016,398
29017,8114
29018,2518
29019,1181
29020,4112
29021,179
29022,236
29023,7829
29024,436
29025,70204
29026,1535
29027,3030
29028,1470
29029,438
29030,906
29031,1805
29032,8301
29033,1704
29034,811
29035,1633
29036,719
29037,259
29038,27436
29039,3712
29040,2532
29041,7342
29042,23375
29043,3450
29044,1349
29045,3866
29046,3034
29047,1355
29049,3614
29048,1601
29050,602
29051,71925
29052,250
29053,3198
29054,82585
29055,2770
29056,1595
29057,391
29058,2326
29059,3293
29060,740
29061,1520
29062,912
29063,388
29064,553
29065,235
29066,524
29067,577405
29068,16849
29069,147958
29070,86744
29071,1244
29072,5341
29073,2762
29903,572
29074,938
29075,21018
29076,4023
29077,251
29079,3159
29080,9572
29081,298
29082,49790
29083,2734
29084,33624
29085,173
29086,1614
29087,592
29904,473
29088,3386
29089,3727
29090,2203
29901,68056
29091,18937
29092,725
29093,2483
29094,82967
29095,4129
29902,3277
29098,1437
29096,3374
29097,5360
29099,2045
29100,2866
52001,86261
30001,6116
30002,13066
30003,35956
30004,1388
30005,42559
30902,16935
30006,1083
30007,9842
30008,22240
30009,19500
30010,11508
30011,6608
30012,11619
30013,10133
30014,2061
30015,25611
30016,216365
30017,14798
30018,12199
30019,35301
30020,10512
30021,17225
30022,26234
30023,5351
30024,96238
30025,7320
30026,32988
30027,73498
30028,7797
30029,17074
30030,460349
30031,495
30032,3868
30033,16060
30034,1265
30035,33645
30036,26320
30901,16154
30037,37299
30038,21837
30039,32316
30040,866
30041,20536
30042,3268
30043,35083
31001,84
31002,538
31003,128
31004,29
31005,346
31006,2480
31007,167
31008,69
31009,782
31011,884
31012,925
31010,7441
31013,721
31014,330
31015,2752
31016,10732
31017,493
31018,614
31019,2791
31020,512
31025,966
31021,69
31023,11726
31024,114
31022,606
31026,153
31027,1113
31028,253
31029,1132
31030,164
31031,275
31032,2310
31033,49
31034,32
31035,47
31036,1049
31037,100
31038,1741
31039,117
31040,221
31058,228
31041,2430
31042,3781
31043,27
31044,353
31901,19853
31045,613
31046,48
31047,254
31048,236
31049,838
31050,7863
31137,214
31051,301
31052,117
31250,3759
31053,677
31905,4132
31902,7468
31903,10723
31054,596
31055,377
31253,165
31056,227
31057,2238
31059,193
31060,19723
31061,53
31062,1335
31063,85
31064,2045
31065,2784
31066,1120
31067,2487
31068,3962
31069,952
31070,4306
31071,18
31193,1868
31072,8051
31074,488
31075,163
31076,3890
31077,8220
31078,3164
31079,72
31080,589
31081,451
31221,1826
31083,78
31087,214
31089,296
31090,146
31091,366
31092,790
31094,106
31095,74
31096,103
31097,13911
31098,2790
31099,65
31082,828
31084,2489
31085,645
31100,279
31101,1809
31093,308
31102,136
31103,43
31104,2316
31105,2081
31106,999
31107,2455
31108,2490
31109,2274
31110,102
31111,96
31112,96
31113,137
31114,503
31115,190
31116,61
31117,688
31118,165
31119,34
31120,438
31121,80
31256,101
31122,7286
31124,265
31259,587
31125,317
31126,435
31127,168
31904,2296
31128,410
31129,508
31130,431
31131,1293
31132,172
31133,38
31134,181
31135,125
31136,585
31138,1268
31139,162
31140,151
31141,126
31142,2108
31143,99
31144,916
31145,175
31146,32
31147,124
31148,108
31149,3010
31908,1624
31150,226
31151,46
31152,1775
31153,2744
31154,239
31155,316
31156,314
31157,4844
31158,280
31159,1293
31160,132
31248,320
31161,423
31162,51
31163,2866
31164,733
31165,3505
31166,299
31167,1112
31168,289
31169,3470
31170,61
31171,852
31172,480
31173,1105
31174,116
31175,85
31176,4135
31177,359
31178,673
31179,665
31180,254
31181,124
31182,36
31088,8354
31183,928
31185,496
31184,74
31186,362
31187,132
31188,389
31189,1485
31190,51
31191,3998
31192,210
31195,191
31196,32
31197,87
31906,4160
31198,49
31199,139
31211,19
31200,941
31201,203081
31202,5965
31203,30
31204,39
31205,532
31206,2920
31207,345
31208,3718
31209,187
31210,206
31212,136
31213,114
31214,108
31215,6369
31217,393
31216,4872
31219,98
31220,865
31222,61
31223,1287
31224,1149
31225,51
31226,674
31227,10582
31228,646
31229,47
31230,91
31231,122
31232,37008
31233,136
31234,185
31123,781
31235,175
31236,1669
31237,227
31238,160
31239,348
31240,664
31241,142
31242,307
31244,179
31243,400
31245,88
31246,170
31247,150
31086,21556
31194,413
31260,1563
31249,2439
31251,4341
31252,82
31254,2907
31255,117
31257,1258
31258,10131
31261,288
31262,303
31073,352
31907,15198
31263,304
31264,211
31265,78
32001,6314
32002,2333
32003,952
32004,1738
32005,919
32006,1490
32007,1483
32008,11022
32009,13384
32010,379
32011,971
32012,745
32013,2206
32014,1075
32015,828
32016,717
32018,1249
32017,1460
32019,13911
32020,2570
32022,1321
32021,979
32023,1182
32024,5652
32025,1094
32029,482
32026,3125
32027,1061
32028,1639
32030,1128
32031,1109
32033,693
32034,1232
32035,1401
32038,427
32039,1222
32040,1510
32041,769
32042,1672
32043,2849
32044,846
32045,2718
32046,1135
32047,1939
32048,1006
32049,705
32050,2501
32051,1447
32052,2067
32053,1713
32054,104596
32055,1373
32056,1653
32057,544
32058,6470
32059,1826
32060,879
32061,1162
32063,2015
32064,491
32062,827
32065,704
32066,614
32067,1223
32068,1507
32069,5005
32071,1459
32072,4245
32073,1390
32074,1048
32075,5509
32076,2072
32070,505
32077,1181
32078,1114
32079,1452
32080,336
32081,2374
32082,1261
32083,886
32084,914
32085,13644
32086,2787
32087,1882
32088,1837
32089,1258
32090,791
32091,1781
32092,513
32032,9621
32036,1366
32037,738
34001,45
34003,167
34004,6711
34005,908
34006,83
34009,36
34010,600
34011,414
34012,362
34015,43
34017,1021
34018,217
34019,132
34020,54
34022,1219
34024,26
34025,52
34027,1187
34028,138
34029,762
34031,26
34032,39
34033,18
34035,114
34034,121
34036,255
34037,308
34038,278
34039,60
34041,85
34042,317
34045,72
34046,56
34047,2011
34048,58
34049,346
34050,196
34051,104
34052,173
34053,212
34055,269
34056,2288
34057,479
34058,186
34059,429
34060,131
34061,104
34062,150
34063,98
34066,63
34067,127
34068,56
34069,2592
34070,134
34071,165
34072,148
34073,186
34074,777
34076,625
34077,497
34079,2496
34080,5786
34081,58
34082,78
34083,1889
34084,154
34086,102
34087,143
34088,358
34089,152
34091,128
34092,284
34094,65
34903,199
34096,45
34098,1024
34099,61
34100,140
34101,45
34102,217
34103,93
34104,254
34106,120
34107,71
34108,596
34109,63
34110,81
34112,39
34113,41
34114,187
34116,56
34901,1171
34120,77090
34121,214
34122,106
34123,1875
34124,63
34125,74
34126,288
34127,91
34904,316
34129,174
34130,203
34131,56
34132,135
34133,112
34134,44
34135,475
34136,175
34137,21
34139,185
34140,92
34141,290
34143,179
34146,58
34147,191
34149,22
34151,147
34152,147
34154,79
34155,137
34156,54
34157,2950
34158,311
34159,413
34160,154
34161,23
34163,49
34165,62
34167,107
34168,49
34169,413
34170,48
34171,1002
34174,188
34175,94
34177,192
34176,144
34178,137
34179,24
34180,74
34181,485
34182,970
34184,47
34185,71
34186,46
34189,57
34190,48
34192,81
34196,88
34902,174
34199,1187
34023,6399
34201,169
34093,88
34202,32
34204,45
34205,60
34206,897
34208,53
34210,95
34211,203
34213,52
34214,191
34215,168
34216,61
34217,1768
34218,566
34220,187
34221,182
34222,108
34223,243
34224,36
34225,6470
34227,68
34228,92
34229,52
34230,18
34231,192
34232,833
34233,138
34234,64
34236,158
34237,653
34238,355
34240,86
34241,17
34242,109
34243,325
34245,315
34246,68
35001,5695
35002,32105
35020,7516
35003,12783
35004,64497
35005,1046
35006,38535
35007,762
35008,7513
35009,24455
35010,5365
35011,31887
35012,20572
35013,7833
35014,27768
35015,21014
35016,378675
35017,41786
35018,19058
35019,53066
35021,18297
35022,73573
35023,13871
35024,23044
35025,1865
35026,102769
35027,12634
35028,20801
35029,6447
35030,15549
35032,3754
35031,9382
35033,7645
35034,16977
36020,2228
36001,2599
36003,12286
36002,3622
36004,11987
36005,9788
36006,13673
36007,1769
36008,26708
36009,5115
36010,3316
36902,5719
36013,2455
36014,1961
36015,4643
36016,1057
36017,20261
36018,3268
36019,1594
36021,14920
36022,10699
36023,9991
36901,4951
36024,20199
36025,2410
36026,24248
36027,5314
36028,4796
36029,19496
36030,4394
36031,675
36032,4121
36033,15190
36034,3770
36035,18005
36036,3104
36037,2975
36041,17230
36043,5548
36042,22942
36044,3081
36038,83114
36039,20212
36040,2860
36045,29192
36046,5157
36047,2361
36048,6376
36049,9249
36050,10048
36051,17635
36052,8845
36053,7482
36054,13730
36055,17398
36056,5768
36057,293837
36059,5097
36058,5955
36060,37545
36061,10306
26001,248
26002,1153
26003,457
26004,67
26005,3484
26006,2518
26007,647
26008,2794
26009,500
26010,92
26011,9562
26012,36
26013,423
26014,511
26015,244
26016,28
26017,452
26018,14954
26019,537
26020,780
26021,4702
26022,225
26023,502
26024,220
26026,1583
26025,84
26027,146
26028,147
26029,34
26030,25
26031,99
26032,46
26033,187
26034,754
26035,19
26036,24579
26037,171
26038,78
26039,40
26040,91
26041,134
26042,1090
26043,407
26044,45
26045,10
26046,2106
26047,2313
26048,24
26049,184
26050,180
26051,291
26052,158
26053,262
26054,322
26055,38
26056,522
26057,62
26058,174
26059,1613
26060,84
26061,2076
26062,98
26063,146
26064,3191
26065,78
26066,385
26067,19
26068,113
26069,249
26070,182
26071,11633
26072,332
26073,102
26074,117
26075,429
26076,141
26077,22
26078,96
26079,866
26080,631
26081,19
26082,110
26083,333
26084,11042
26086,18
26087,237
26088,42
26089,150808
26091,150
26092,117
26093,54
26094,60
26095,97
26096,341
26098,108
26099,1617
26100,67
26101,35
26102,8060
26103,1127
26104,10
26105,2996
26106,86
26107,89
26109,79
26108,332
26110,182
26111,310
26112,224
26113,26
26114,83
26115,20
26117,3928
26118,64
26119,207
26120,2074
26121,32
26122,136
26123,148
26124,1009
26125,3900
26126,26
26127,212
26128,129
26129,1111
26130,224
26131,34
26132,131
26139,68
26142,1015
26134,97
26135,174
26136,108
26138,6222
26140,278
26141,99
26143,465
26144,230
26145,276
26146,84
26147,37
26148,183
26149,49
26150,116
26153,10
26151,454
26152,35
26154,11
26155,145
26157,360
26158,334
26160,975
26161,10
26162,137
26163,214
26164,55
26165,397
26166,163
26167,69
26168,8608
26169,73
26170,590
26171,163
26172,34
26173,5
26174,136
26175,39
26176,59
26177,354
26178,81
26179,37
26180,256
26181,13
26183,90
37001,166
37002,128
37003,114
37004,24
37005,67
37006,121
37007,429
37008,5159
37009,216
37010,1065
37011,107
37012,144
37015,252
37013,100
37014,1181
37016,673
37017,244
37018,110
37019,147
37020,519
37021,73
37022,253
37023,2307
37024,100
37025,279
37026,193
37027,289
37028,140
37029,188
37030,91
37031,339
37032,669
37033,96
37034,93
37035,192
37037,108
37038,932
37039,287
37040,402
37041,74
37042,44
37044,443
37045,32
37046,12269
37047,227
37049,133
37050,79
37051,83
37052,299
37054,256
37055,134
37056,55
37057,221
37058,53
37059,119
37060,365
37061,223
37063,60
37065,257
37062,75
37067,4284
37068,355
37069,1169
37070,594
37071,91
37072,148
37073,698
37074,155
37077,249
37078,874
37079,80
37080,267
37081,923
37082,821
37083,197
37085,7368
37086,116
37087,1295
37088,194
37089,61
37090,64
37091,191
37092,2809
37185,653
37096,211
37097,38
37098,293
37099,67
37100,64
37101,131
37102,397
37103,518
37114,64
37104,21
37106,255
37107,12065
37108,106
37109,177
37110,112
37112,159
37113,427
37115,117
37116,63
37117,2214
37118,129
37120,114
37119,104
37121,617
37122,240
37123,157
37124,210
37125,241
37126,38
37127,220
37128,252
37129,254
37130,198
37131,182
37132,315
37133,101
37134,196
37135,1270
37136,674
37137,97
37138,264
37139,216
37140,1119
37141,152
37142,645
37143,414
37144,353
37145,268
37146,115
37147,189
37148,427
37149,58
37150,34
37151,146
37152,432
37154,133
37155,71
37156,5550
37157,68
37158,241
37159,69
37160,616
37161,133
37162,223
37163,29
37164,287
37165,31
37166,204
37167,199
37168,447
37169,185
37170,1553
37171,466
37172,938
37173,1550
37175,446
37174,1001
37176,136
37177,271
37178,96
37179,212
37180,65
37181,254
37183,408
37182,81
37184,274
37186,85
37187,639
37188,167
37189,111
37190,189
37191,99
37192,449
37193,382
37194,260
37195,42
37196,61
37197,96
37198,226
37199,135
37200,207
37201,267
37202,1319
37203,154
37204,245
37205,227
37206,96
37207,487
37208,75
37209,507
37211,210
37213,86
37214,118
37215,163
37212,121
37216,317
37217,58
37218,47
37219,165
37221,408
37222,81
37223,103
37224,190
37225,104
37226,175
37228,329
37229,151
37230,255
37231,257
37232,388
37233,51
37234,313
37235,222
37236,125
37237,323
37238,122
37239,217
37240,1225
37241,173
37242,80
37243,87
37244,138
37245,339
37246,6123
37247,175
37248,170
37249,37
37250,327
37251,125
37252,104
37253,158
37254,186
37255,54
37256,203
37257,53
37258,140
37259,37
37260,147
37261,218
37262,73
37263,370
37264,58
37265,210
37266,66
37267,182
37268,104
37269,470
37270,198
37271,352
37272,159
37273,89
37303,186
37274,143269
37275,98
37276,124
37277,76
37278,1029
37284,357
37285,367
37286,228
37287,332
37036,54
37288,332
37289,209
37291,276
37290,132
37292,96
37280,79
37281,38
37282,231
37279,775
37283,116
37293,100
37294,14646
37296,297
37297,462
37298,178
37299,253
37300,595
37301,99
37302,275
37304,157
37305,240
37306,248
37307,147
37309,41
37310,184
37311,196
37312,258
37313,553
37314,109
37315,80
37316,783
37317,288
37318,196
37319,82
37320,90
37321,135
37322,3096
37323,534
37324,328
37325,92
37327,201
37328,174
37329,37
37330,328
37331,188
37332,73
37333,211
37334,65
37335,404
37336,64
37337,136
37338,103
37339,302
37343,69
37340,133
37341,66
37342,277
37344,239
37345,159
37346,284
37347,514
37348,101
37349,107
37351,260
37352,237
37353,117
37354,7371
37355,171
37356,91
37357,260
37358,210
37359,162
37360,212
37361,87
37362,6491
37363,111
37364,789
37365,173
37366,42
37367,181
37368,24
37369,134
37370,314
37371,251
37372,139
37373,745
37374,1344
37375,761
37350,411
37376,2410
37377,227
37378,82
37379,198
37380,59
37381,138
37382,170
38001,48733
38002,1099
38003,2047
38004,5604
38005,8234
38006,82563
38007,1921
38008,7196
38009,5866
38010,4766
38011,28463
38012,2807
38013,4278
38014,1756
38015,4895
38016,1813
38017,51850
38018,5553
38019,21827
38020,21000
38021,1767
38022,23310
38024,20648
38025,9114
38026,42219
38027,7745
38901,1936
38028,30179
38029,2234
38030,2549
38031,36824
38032,17590
38033,4213
38023,158010
38034,4854
38035,21872
38036,9261
38037,15446
38038,208563
38039,14987
38040,11115
38041,8918
38042,4692
38043,24346
38044,2829
38045,4558
38046,11326
38047,2560
38049,4643
38050,2917
38048,5084
38051,9161
38052,1789
38053,4875
40001,835
40002,39
40003,125
40004,557
40005,22
40012,281
40006,19
40007,80
40008,61
40009,42
40010,116
40013,62
40014,52
40015,24
40016,56
40017,122
40018,68
40019,28
40020,171
40021,17
40022,246
40024,1153
40025,139
40026,168
40028,104
40029,20
40030,486
40031,788
40032,701
40033,94
40034,76
40035,184
40036,640
40037,27
40039,250
40040,3522
40041,1346
40161,50
40043,2502
40044,150
40045,159
40046,120
40047,47
40048,32
40049,33
40051,45
40052,89
40053,115
40054,134
40065,708
40055,34
40056,34
40057,1726
40058,322
40059,129
40060,85
40061,71
40902,120
40062,76
40063,9620
40905,127
40068,32
40069,85
40070,190
40071,40
40072,319
40073,498
40074,289
40075,168
40076,9476
40077,1452
40078,166
40079,313
40080,78
40081,111
40082,108
40083,135
40084,49
40086,804
40087,81
40088,332
40089,234
40091,108
40092,132
40093,99
40094,512
40095,660
40097,245
40099,54
40100,292
40101,1502
40103,171
40104,397
40105,46
40106,188
40107,102
40108,106
40109,70
40110,335
40111,55
40112,4186
40113,521
40115,125
40903,103
40118,52
40119,230
40120,244
40121,277
40122,714
40124,259
40123,183
40125,80
40126,59
40127,35
40128,129
40129,174
40130,141
40131,60
40132,47
40134,851
40135,315
40136,141
40138,2748
40139,299
40140,94
40141,1048
40142,52
40143,92
40144,22
40145,1304
40904,367
40146,366
40148,260
40149,519
40150,66
40151,46
40901,580
40152,957
40154,21
40155,5597
40156,342
40157,52
40158,15
40159,175
40160,100
40162,508
40163,43
40164,202
40181,5237
40165,73
40166,308
40168,26
40170,2135
40171,45
40172,34
40173,201
40174,373
40176,448
40177,147
40178,88
40906,3102
40182,243
40183,138
40184,278
40179,980
40180,306
40185,926
40186,40
40188,85
40189,535
40190,59
40191,259
40192,141
40193,264
40194,51258
40195,987
40196,32
40198,29
40199,137
40200,47
40201,45
40206,197
40202,50
40203,1389
40204,174
40205,261
40207,1072
40208,998
40210,104
40211,70
40212,28
40213,96
40218,79
40219,718
40220,73
40221,53
40214,230
40215,79
40216,1112
40222,216
40223,313
40224,17
40225,1491
40228,560
40229,31
40230,103
40231,126
40233,512
40234,421
41001,2022
41002,1716
41003,3221
41004,75546
41005,12264
41006,3348
41007,16484
41008,1253
41009,1331
41010,6287
41011,19497
41012,4614
41013,6060
41014,3099
41015,7322
41016,11099
41017,22390
41018,12581
41019,6902
41020,16335
41021,27490
41022,5228
41023,10755
41901,3347
41024,29123
41025,2587
41026,5384
41027,5059
41028,2860
41029,17366
41030,633
41031,1512
41032,4752
41033,5864
41034,30774
41035,1241
41036,4699
41037,3985
41903,8667
41038,136250
41039,39838
41040,16048
41041,12459
41042,7160
41043,812
41044,10295
41045,7740
41046,3709
41047,13529
41048,2588
41049,13054
41050,6504
41051,3129
41902,5826
41052,3856
41053,27616
41054,875
41055,18578
41056,4587
41057,300
41058,23893
41059,46895
41060,19317
41061,2618
41062,2663
41063,3563
41064,7014
41065,27582
41066,1538
41067,9452
41068,17594
41069,38678
41904,2340
41070,9020
41071,6850
41072,5147
41073,2038
41074,3648
41075,13856
41076,2604
41077,10896
41078,2999
41079,11873
41080,1513
41081,39204
41082,4223
41083,1431
41084,3376
41085,5646
41086,22088
41088,608
41087,14026
41089,8491
41090,4247
41091,684234
41092,9508
41093,25370
41094,9086
41095,51145
41096,7894
41097,4531
41100,1076
41098,6673
41099,4892
41101,7811
41102,19251
42001,273
42003,55
42004,3006
42006,196
42007,116
42008,51
42009,86
42010,29
42011,17
42012,32
42013,33
42014,56
42015,26
42016,22
42017,188
42018,124
42019,640
42020,5411
42021,65
42022,233
42023,54
42024,84
42025,1477
42026,47
42027,73
42028,91
42029,127
42030,108
42031,21
42032,135
42033,61
42034,38
42035,872
42036,41
42037,29
42038,33
42039,242
42041,29
42042,72
42043,5034
42044,48
42045,346
42046,49
42048,57
42049,100
42050,32
42051,15
42052,14
42053,18
42054,17
42055,156
42056,35
42058,104
42057,153
42059,21
42060,30
42061,302
42062,20
42063,47
42064,76
42065,20
42068,72
42069,1621
42070,27
42071,179
42073,67
42075,79
42076,211
42078,1066
42079,20
42080,158
42081,147
42082,9
42083,20
42084,20
42085,160
42086,32
42087,66
42088,64
42089,63
42090,82
42092,54
42093,42
42094,750
42095,2844
42096,294
42097,21
42098,9
42100,28
42103,694
42105,47
42106,12
42107,68
42108,9
42110,64
42111,266
42113,664
42115,83
42116,43
42117,158
42118,17
42119,179
42120,148
42121,51
42123,191
42124,54
42125,82
42127,33
42128,48
42129,755
42130,51
42131,58
42132,160
42134,3668
42135,67
42139,20
42140,14
42141,112
42142,53
42144,496
42145,141
42148,8
42149,465
42151,41
42152,71
42153,15
42154,111
42155,160
42156,31
42157,11
42158,125
42159,41
42160,260
42161,147
42162,2948
42163,59
42164,2042
42165,655
42166,62
42167,265
42168,87
42171,130
42172,31
42173,39695
42174,178
42175,25
42176,24
42177,60
42178,107
42181,420
42182,46
42183,92
42184,51
42185,26
42187,61
42188,43
42189,63
42190,86
42191,204
42192,38
42193,12
42194,148
42195,96
42196,6
42197,67
42198,22
42200,72
42201,28
42202,19
42204,54
42205,72
42206,8
42207,50
42208,26
42209,154
42211,81
42212,66
42213,24
42215,837
42216,26
42217,37
42218,113
42219,47
43001,960
43002,2504
43003,515
43004,9579
43005,5185
43904,4160
43006,911
43007,912
43008,376
43009,1843
43010,478
43011,1322
43012,5512
43013,7131
43906,3444
43014,21317
43016,5625
43015,126
43017,126
43018,441
43019,1611
43020,3280
43021,472
43022,1879
43023,281
43024,2303
43025,741
43026,1129
43027,218
43028,3830
43029,398
43030,727
43031,2104
43032,566
43033,1094
43034,695
43035,312
43036,1230
43037,28463
43903,3220
43038,35064
43907,5933
43039,125
43040,394
43041,226
43042,2873
43043,4740
43045,167
43046,106
43047,6724
43048,981
43049,965
43050,3912
43051,14081
43901,11539
43053,234
43054,3717
43055,2724
43056,917
43057,41
43058,117
43059,336
43060,3451
43061,48
43062,391
43063,723
43064,3098
43065,535
43066,198
43067,787
43068,614
43069,237
43070,276
43071,1138
43072,111
43073,92
43074,2381
43076,612
43075,104
43077,572
43078,1109
43079,508
43080,283
43081,826
43082,499
43083,191
43084,685
43085,298
43086,7433
43088,2985
43089,397
43090,1730
43091,169
43092,12689
43093,5585
43094,3120
43095,3732
43096,163
43097,616
43098,516
43100,4872
43099,334
43101,167
43102,563
43103,1275
43104,2846
43105,218
43106,998
43107,498
43108,2340
43109,4025
43110,341
43111,2999
43112,328
43113,493
43141,138
43114,428
43115,164
43116,602
43117,186
43118,680
43119,1196
43120,544
43121,846
43122,155
43123,106084
43124,575
43125,1117
43126,1737
43127,1194
43128,1225
43129,6617
43130,230
43131,7127
43132,507
43133,8159
43134,402
43135,544
43905,28512
43136,14931
43137,2666
43902,3552
43138,3762
43139,2702
43140,3450
43142,1549
43143,53
43144,1728
43145,5694
43146,42
43044,5530
43147,640
43148,135436
43149,900
43150,1639
43151,128
43152,598
43153,17057
43154,141
43155,33572
43156,6317
43157,400
43158,91
43159,77
43160,1793
43161,24553
43162,6645
43163,38891
43164,458
43165,705
43175,630
43166,2385
43168,108
43167,582
43169,536
43170,1299
43171,22522
43172,445
43173,131
43174,208
43176,880
43177,427
43178,2193
43052,1159
44001,76
44002,57
44003,17
44004,547
44005,76
44006,235
44007,184
44008,1977
44009,990
44010,294
44011,46
44012,352
44013,16029
44014,3293
44016,483
44017,333
44021,128
44022,577
44023,22
44018,14
44019,65
44020,20
44024,32
44025,7327
44026,112
44027,221
44028,199
44029,685
44031,100
44032,18
44033,278
44034,149
44035,113
44036,31
44037,544
44039,224
44038,123
44040,237
44041,63
44042,132
44043,85
44044,116
44045,424
44046,52
44047,207
44048,68
44049,982
44050,4473
44051,3753
44052,78
44053,140
44054,116
44055,82
44056,634
44059,734
44060,34
44061,101
44062,37
44063,105
44064,69
44065,52
44066,95
44070,56
44071,687
44067,120
44068,789
44074,609
44075,374
44076,2578
44077,84
44080,317
44082,108
44084,63
44085,55
44086,555
44087,87
44088,42
44089,52
44090,82
44092,74
44093,118
44094,137
44096,178
44097,141
44099,782
44100,209
44101,74
44102,29
44103,155
44105,81
44106,200
44107,271
44108,457
44109,105
44110,40
44111,92
44112,433
44113,154
44114,293
44115,163
44116,98
44117,378
44118,201
44119,138
44120,253
44121,79
44122,1771
44123,110
44124,91
44125,73
44126,407
44127,61
44128,60
44129,45
44130,34
44131,36
44132,66
44133,25
44135,104
44136,54
44137,226
44141,172
44138,122
44142,31
44143,527
44144,372
44145,1271
44146,257
44147,503
44148,87
44149,111
44150,38
44151,238
44152,71
44153,2522
44154,318
44155,1237
44156,51
44157,57
44158,1539
44159,53
44160,531
44161,571
44163,142
44164,28
44165,207
44167,32
44168,218
44169,330
44171,264
44172,340
44173,118
44174,454
44175,130
44176,168
44177,119
44178,56
44179,450
44180,85
44181,85
44182,251
44183,69
44184,48
44185,112
44187,230
44189,47
44190,62
44191,909
44192,445
44193,125
44194,144
44195,92
44196,128
44197,61
44198,212
44199,42
44200,37
44201,632
44203,11
44204,25
44205,731
44206,138
44207,137
44208,30
44209,1066
44210,1194
44211,38
44212,44
44213,80
44215,181
44216,35994
44217,36
44218,25
44219,201
44220,162
44223,93
44224,25
44225,122
44227,82
44221,450
44222,122
44226,142
44228,108
44229,171
44230,180
44231,38
44232,470
44234,67
44235,105
44236,65
44237,435
44238,3003
44239,24
44240,184
44241,589
44243,29
44244,82
44245,293
44246,2457
44247,342
44249,39
44250,21
44251,302
44252,88
44256,42
44257,163
44258,66
44260,169
44261,846
44262,175
44263,548
44264,325
44265,215
44266,124
44267,75
44268,31
45001,2236
45002,3757
45003,708
45004,678
45005,274
45006,1644
45007,843
45008,179
45009,495
45010,413
45011,327
45012,843
45013,2318
45014,5202
45015,964
45016,6621
45017,303
45018,940
45019,10611
45020,1543
45021,3981
45022,419
45023,3390
45024,1316
45025,1955
45026,301
45027,330
45028,4641
45029,214
45030,513
45031,4243
45032,588
45033,356
45034,1726
45035,380
45036,780
45037,1817
45038,5022
45039,278
45040,1791
45041,6177
45042,182
45043,918
45045,1854
45046,3204
45047,4025
45048,418
45049,504
45056,4335
45057,253
45050,616
45051,2412
45052,4377
45053,9942
45054,5068
45055,1277
45058,325
45059,2263
45060,191
45061,3441
45062,1397
45063,435
45064,5747
45065,205
45066,11785
45067,3015
45068,206
45069,2395
45070,1806
45071,2226
45072,742
45073,306
45074,411
45075,137
45076,806
45077,773
45078,1683
45079,461
45080,3
45081,30229
45082,1331
45083,810
45084,2574
45085,2527
45086,591
45087,10230
45088,3894
45089,1709
45090,376
45091,451
45092,263
45093,154
45094,413
45095,823
45096,1258
45097,1293
45098,2544
45099,5662
45100,206
45101,4809
45102,5009
45103,399
45104,522
45105,389
45106,9781
45107,4954
45108,521
45109,3600
45110,1925
45111,56
45112,2202
45113,2011
45114,611
45115,3721
45116,879
45117,877
45118,3179
45119,5170
45120,137
45121,13023
45122,8225
45123,4743
45124,2625
45125,2626
45126,310
45127,1081
45128,3408
45129,110
45130,325
45131,345
45132,3060
45133,3908
45134,2223
45135,5041
45136,7841
45137,2169
45138,1190
45139,145
45140,1484
45141,977
45142,11129
45143,1633
45144,956
45145,4536
45146,97
45147,768
45148,260
45149,568
45150,427
45151,725
45152,610
45153,1723
45154,1969
45155,346
45156,4085
45157,3554
45158,3391
45901,1094
45159,97
45160,1346
45161,27466
45162,640
45163,11070
45164,191
45165,83477
45166,1967
45167,1699
45168,85449
45169,188
45171,1693
45170,212
45172,696
45173,13583
45174,346
45175,736
45176,5626
45177,2420
45179,547
45180,4430
45181,2905
45182,1084
45183,3684
45184,233
45186,3576
45185,9434
45187,4866
45188,4034
45189,997
45190,513
45191,613
45192,3130
45193,694
45194,73
45195,2508
45196,1858
45197,2593
45198,2570
45199,5255
45200,5796
45201,5779
45202,5302
45203,4344
45204,789
45205,10813
46001,1027
46002,1772
46004,2369
46042,4592
46043,160
46005,29649
46006,5975
46007,16646
46008,3368
46009,4110
46010,1324
46011,10571
46012,1283
46013,24904
46014,4189
46016,1402
46015,10266
46018,610
46020,5144
46019,12193
46021,32313
46022,21415
46024,590
46025,3301
46026,1564
46027,1206
46023,467
46028,499
46029,27305
46030,1079
46031,13942
46032,7433
46033,264
46034,2528
46035,8984
46036,659
46037,1481
46017,44865
46038,315
46039,2627
46040,1127
46041,374
46003,1139
46044,5215
46046,1354
46045,1604
46047,654
46048,4632
46049,311
46050,184
46051,11369
46052,653
46053,639
46054,15430
46055,1780
46056,207
46057,587
46904,1095
46060,11967
46059,1542
46058,2268
46061,463
46062,5742
46063,2253
46064,653
46065,2024
46066,1547
46067,2334
46068,441
46069,183
46070,25423
46071,527
46072,4101
46073,1336
46074,3780
46075,163
46076,728
46077,9438
46078,38712
46079,368
46080,1204
46081,13257
46082,6812
46083,20494
46084,1822
46085,15851
46086,102
46087,132
46088,164
46089,2881
46257,6996
46090,2316
46091,139
46092,299
46093,2846
46094,28509
46095,701
46096,345
46107,2437
46106,1583
46108,490
46109,8871
46111,15769
46112,700
46097,1122
46098,3088
46099,758
46100,326
46105,22708
46113,3277
46114,670
46115,312
46116,18302
46117,698
46118,4779
46119,912
46120,1491
46121,114
46122,3563
46123,2563
46126,7502
46128,2025
46127,3793
46124,959
46125,1011
46129,694
46131,75970
46902,419
46130,1035
46132,2785
46133,541
46134,3501
46135,13027
46136,3714
46137,281
46138,459
46139,5938
46140,547
46141,524
46142,795
46144,772
46154,1056
46155,1169
46147,23648
46152,124
46153,557
46151,912
46156,2651
46157,3687
46150,2315
46148,2027
46149,531
46158,1338
46159,31287
46160,2452
46161,1894
46162,1632
46163,2574
46164,16132
46165,9845
46166,10926
46167,341
46168,2740
46169,44320
46170,4326
46171,21875
46173,1630
46174,1149
46175,588
46176,3069
46172,8655
46177,6618
46178,7301
46179,3004
46180,853
46181,25119
46183,8404
46182,2028
46184,35946
46185,428
46186,26401
46187,1660
46188,1024
46189,562
46190,71361
46191,2852
46192,1012
46193,11692
46194,21487
46195,2742
46196,161
46199,8205
46202,25275
46200,2483
46203,4440
46197,2495
46198,1065
46205,19975
46201,60
46204,8737
46101,1050
46102,25035
46103,1640
46104,2146
46206,669
46207,9351
46208,1365
46209,2358
46210,449
46212,2250
46211,2551
46213,20235
46214,22799
46215,1780
46216,7445
46217,1146
46218,1271
46219,180
46220,67043
46221,414
46903,9501
46222,519
46223,10344
46224,177
46225,377
46226,26
46227,1132
46228,3326
46229,1183
46230,19211
46231,3286
46232,1109
46233,4911
46234,387
46235,27617
46236,1072
46237,9205
46238,17162
46239,618
46240,276
46241,470
46242,403
46243,135
46244,84025
46245,672
46246,1284
46247,1164
46248,6910
46249,11478
46250,789744
46251,3092
46252,136
46253,152
46254,1194
46255,4453
46256,10097
46258,3578
46259,585
46260,3451
46145,29459
46143,5771
46146,2256
46110,30208
46261,2112
46262,230
46263,364
47001,52
47002,17
47003,257
47004,1380
47005,632
47006,217
47007,5789
47008,23
47009,100
47010,20716
47011,564
47012,98
47013,86
47014,47
47015,218
47016,68
47017,195
47018,38
47019,102
47020,292
47021,80
47022,69
47023,4219
47024,277
47025,106
47026,63
47027,3747
47028,41
47029,63
47030,1047
47031,219
47032,153
47033,241
47034,78
47035,965
47036,235
47037,170
47038,103
47039,162
47040,54
47041,151
47042,53
47043,314
47044,379
47045,825
47046,148
47047,196
47048,209
47049,83
47050,5299
47051,375
47052,9109
47053,142
47054,637
47055,203
47056,109
47057,352
47058,208
47059,118
47060,221
47061,269
47062,166
47063,103
47064,36
47065,848
47066,1996
47067,148
47068,34
47069,111
47070,27
47071,512
47073,119
47074,174
47075,6298
47076,22633
47077,242
47079,59
47078,178
47080,49
47081,43
47082,1039
47083,94
47084,1471
47086,4550
47085,20271
47087,433
47088,120
47089,153
47090,3311
47091,79
47092,103
47093,852
47094,150
47095,47
47096,141
47097,349
47098,642
47099,156
47100,117
47101,1968
47102,276
47103,313
47104,3574
47105,185
47106,53
47109,174
47110,482
47111,1122
47112,3334
47113,155
47114,5068
47115,330
47116,434
47117,318
47118,172
47119,92
47121,611
47122,2383
47123,537
47124,473
47125,45
47126,42
47127,160
47129,1031
47130,105
47128,57
47131,169
47132,49
47133,3875
47134,160
47135,89
47137,29
47138,215
47139,1204
47140,113
47141,110
47142,122
47143,110
47144,80
47145,658
47146,350
47147,108
47148,461
47149,48
47150,303
47151,24
47156,160
47152,71
47153,110
47154,181
47155,4604
47157,602
47158,1066
47159,1111
47160,427
47161,5315
47162,68
47163,285
47164,406
47165,8762
47169,66
47170,45
47166,270
47167,240
47168,36
47171,390
47172,168
47173,1149
47174,309
47175,8648
47176,216
47177,108
47178,191
47179,436
47180,52
47181,193
47182,1607
47183,138
47186,297775
47184,678
47185,88
47187,85
47188,96
47189,168
47190,115
47191,118
47192,98
47193,2160
47195,492
47196,26
47197,1044
47198,72
47199,81
47200,75
47203,61
47204,268
47205,462
47206,86
47207,282
47208,63
47209,35
47210,473
47211,46
47212,370
47213,109
47214,1526
47215,49
47216,123
47217,2828
47218,1227
47219,58
47220,178
47221,105
47222,89
47223,153
47224,102
47225,73
47226,162
47227,51
47228,518
47229,233
47194,348
47230,307
47231,6249
47232,118
49002,58
49003,1042
49004,117
49005,137
49006,135
49007,407
49008,423
49009,449
49010,429
49011,218
49012,72
49013,224
49014,120
49015,218
49016,234
49017,260
49018,287
49019,241
49020,263
49021,17523
49022,302
49023,1008
49024,692
49025,160
49026,207
49027,128
49028,98
49029,639
49030,81
49031,152
49032,289
49033,767
49034,428
49035,220
49036,491
49037,175
49038,103
49039,373
49040,116
49041,456
49042,220
49043,270
49044,73
49046,247
49047,112
49048,113
49050,552
49052,198
49053,1059
49054,934
49055,96
49056,304
49057,120
49058,314
49059,83
49061,147
49062,109
49063,332
49064,489
49065,1136
49066,494
49067,350
49068,441
49069,317
49071,744
49075,124
49076,362
49077,159
49078,142
49079,103
49080,667
49082,372
49081,1608
49083,44
49084,278
49085,960
49086,109
49087,464
49088,93
49090,204
49091,265
49092,117
49093,321
49094,214
49095,304
49096,149
49097,70
49098,208
49099,90
49100,306
49101,145
49102,177
49103,455
49104,298
49105,140
49107,117
49108,448
49109,627
49110,346
49112,125
49111,130
49113,164
49114,39
49115,176
49116,360
49117,443
49118,208
49119,239
49120,46
49121,407
49122,971
49123,559
49124,259
49126,283
49125,1740
49128,570
49129,940
49130,155
49127,3030
49131,232
49132,334
49133,310
49134,171
49135,607
49136,350
49137,176
49138,208
49139,151
49141,298
49143,225
49142,246
49145,199
49146,272
49147,274
49148,273
49149,381
49150,126
49151,647
49152,514
49153,163
49154,108
49155,97
49156,205
49157,183
49158,222
49160,39
49159,295
49162,156
49163,180
49164,155
49165,48
49166,1366
49167,186
49170,98
49168,104
49169,42
49171,640
49172,499
49173,343
49174,141
49175,257
49176,629
49177,250
49178,987
49179,392
49180,143
49181,342
49183,89
49184,169
49185,183
49186,238
49187,1362
49188,113
49189,197
49190,50
49191,285
49192,128
49193,437
49194,342
49208,350
49209,473
49197,157
49199,246
49200,1070
49201,290
49202,177
49203,289
49204,54
49205,369
49206,918
49207,235
49210,471
49214,751
49216,139
49219,8532
49220,138
49221,237
49222,414
49223,835
49224,186
49225,135
49226,248
49227,397
49228,57
49229,126
49230,78
49231,309
49232,92
49233,81
49234,416
49235,448
49236,83
49237,141
49238,228
49239,623
49240,189
49241,244
49242,475
49243,107
49244,48
49245,251
49246,223
49247,405
49248,227
49249,68
49250,1451
49251,161
49252,328
49255,384
49256,273
49257,360
49258,116
49259,78
49260,810
49263,44
49264,535
49261,1804
49262,403
49265,113
49266,77
49267,101
49268,387
49269,222
49270,160
49272,70
49271,179
49273,159
49275,60297
50001,89
50002,140
50003,135
50004,616
50005,234
50006,1067
50007,58
50008,7121
50009,112
50010,77
50011,140
50012,111
50013,245
50014,153
50015,79
50016,52
50017,2374
50018,1446
50019,62
50020,1002
50021,24
50022,555
50023,234
50024,771
50025,7983
50026,604
50027,252
50028,91
50029,671
50030,205
50031,140
50032,274
50033,76
50034,1068
50035,78
50036,97
50037,149
50038,1729
50039,544
50040,70
50041,16
50042,19
50043,297
50044,254
50045,1540
50046,194
50047,40
50048,35
50901,171
50050,90
50051,912
50052,87
50053,778
50054,51
50055,5037
50056,516
50057,1559
50058,64
50059,975
50060,233
50061,206
50062,2538
50063,69
50064,487
50065,49
50066,4334
50067,19870
50068,2921
50069,78
50070,64
50071,132
50072,182
50073,3370
50074,10183
50075,78
50076,82
50077,216
50078,248
50079,264
50080,37
50081,578
50092,503
50093,100
50082,93
50083,105
50084,68
50085,206
50086,237
50087,33
50088,335
50089,13773
50090,146
50091,42
50094,1914
50095,17036
50096,32
50098,186
50099,4368
50100,356
50101,1120
50102,1096
50104,378
50105,382
50106,134
50107,1239
50108,59
50109,115
50110,394
50111,200
50113,766
50114,142
50115,4600
50116,211
50117,128
50118,2555
50119,997
50120,49
50121,311
50122,83
50123,605
50124,496
50125,388
50126,2778
50128,33
50129,282
50130,413
50131,275
50132,1132
50133,114
50134,116
50135,92
50136,642
50138,47
50137,1132
50139,343
50140,190
50141,119
50142,25
50143,876
50144,36
50146,227
50147,987
50148,342
50149,40
50150,836
50151,709
50152,2062
50153,1133
50154,162
50155,95
50156,260
50160,2977
50157,371
50159,920
50161,104
50162,167
50163,6021
50902,92
50164,465
50165,2292
50166,265
50167,238
50168,28
50169,429
50170,389
50171,121
50172,193
50173,135
50174,89
50175,1077
50176,260
50177,338
50178,304
50179,262
50180,124
50181,1436
50182,6125
50183,360
50184,97
50185,187
50186,34
50187,62
50188,35
50189,998
50190,833
50191,502
50192,297
50193,880
50194,105
50195,58
50196,116
50197,107
50198,45
50199,395
50200,609
50201,567
50202,131
50203,1294
50204,3572
50205,96
50206,567
50207,93
50208,2390
50209,4184
50210,38
50211,309
50212,33
50213,100
50214,25
50215,17
50216,265
50217,534
50218,125
50219,6446
50220,49
50221,26
50222,1937
50223,1052
50224,65
50225,2922
50227,132
50228,313
50229,76
50241,686
50230,1294
50231,338
50232,210
50233,101
50234,276
50235,3415
50236,102
50237,134
50238,103
50239,64
50240,1122
50242,108
50243,338
50244,285
50245,79
50246,33
50247,1150
50248,574
50249,320
50250,64
50251,10494
50252,6777
50253,530
50254,190
50255,225
50256,74
50257,163
50258,59
50259,63
50260,35
50261,241
50262,1460
50263,204
50264,176
50265,82
50266,129
50267,634
50268,56
50269,447
50270,49
50271,271
50272,18856
50274,59
50273,29
50275,98
50276,135
50277,63
50278,203
50279,76
50280,314
50281,83
50283,90
50284,147
50285,848
50286,100
50287,291
50903,2768
50288,4725
50290,412
50289,57
50291,130
50292,272
50293,445
50294,89
50282,71
50295,51
50296,432
50297,675301
50298,8591
